{"type":"FeatureCollection","name":"Burlington wards (effective March 2024)","source":"City of Burlington GIS, City Wards 2024, https://maps.burlingtonvt.gov/arcgis/rest/services/City_Wards_2024/MapServer/0; population from the U.S. Census Bureau's 2020 census blocks","features":[{"type":"Feature","properties":{"ward":"1","district":"East","population_2020":5569},"geometry":{"type":"Polygon","coordinates":[[[-73.20284,44.491088],[-73.203303,44.49109],[-73.204573,44.491183],[-73.205508,44.489696],[-73.206096,44.488677],[-73.206026,44.48806],[-73.20602,44.487913],[-73.205978,44.486916],[-73.205941,44.486183],[-73.205884,44.484925],[-73.205844,44.484114],[-73.205812,44.483234],[-73.205793,44.482872],[-73.205753,44.482093],[-73.205739,44.481827],[-73.205714,44.481323],[-73.205678,44.480673],[-73.200712,44.480761],[-73.200711,44.480757],[-73.200562,44.480743],[-73.199907,44.48063],[-73.199765,44.48061],[-73.199596,44.480595],[-73.199186,44.480601],[-73.199153,44.480602],[-73.19915,44.480602],[-73.198858,44.480612],[-73.196656,44.480699],[-73.196496,44.480708],[-73.196488,44.480618],[-73.196477,44.48054],[-73.196451,44.480472],[-73.196408,44.480411],[-73.196348,44.480356],[-73.196288,44.480319],[-73.196218,44.480293],[-73.196037,44.480247],[-73.196008,44.480249],[-73.196005,44.480192],[-73.196,44.4801],[-73.195997,44.480037],[-73.195997,44.480033],[-73.195985,44.479645],[-73.195971,44.479476],[-73.195933,44.479297],[-73.195844,44.479115],[-73.195698,44.478937],[-73.195579,44.478799],[-73.195343,44.478637],[-73.195093,44.478536],[-73.195042,44.478525],[-73.194935,44.478501],[-73.194864,44.478613],[-73.19472,44.478758],[-73.194628,44.47881],[-73.19433,44.478926],[-73.194086,44.47895],[-73.193965,44.478961],[-73.193847,44.478973],[-73.193494,44.478955],[-73.193213,44.478883],[-73.193155,44.478794],[-73.192993,44.478434],[-73.192885,44.478132],[-73.192857,44.477933],[-73.192847,44.477861],[-73.192818,44.477534],[-73.192848,44.477278],[-73.192855,44.477194],[-73.192863,44.47709],[-73.192862,44.476899],[-73.192848,44.47681],[-73.19279,44.476438],[-73.19279,44.476438],[-73.192693,44.475817],[-73.192652,44.475561],[-73.192794,44.475556],[-73.192921,44.475551],[-73.193012,44.475564],[-73.193084,44.475592],[-73.193165,44.475638],[-73.193436,44.475332],[-73.193621,44.475123],[-73.193792,44.47493],[-73.193867,44.474881],[-73.194036,44.474857],[-73.194124,44.474864],[-73.194731,44.475126],[-73.19507,44.474772],[-73.195135,44.474704],[-73.195201,44.47463],[-73.195515,44.474267],[-73.195748,44.473995],[-73.195917,44.473795],[-73.196157,44.47351],[-73.196076,44.473476],[-73.195207,44.473104],[-73.195056,44.47214],[-73.193485,44.472251],[-73.193681,44.47349],[-73.19372,44.473698],[-73.193759,44.473989],[-73.19379,44.474186],[-73.190279,44.472557],[-73.190055,44.472459],[-73.189878,44.472611],[-73.189569,44.472878],[-73.18858,44.473728],[-73.188372,44.473907],[-73.187899,44.474313],[-73.187419,44.474725],[-73.186319,44.47567],[-73.185094,44.476722],[-73.183391,44.478189],[-73.182718,44.478784],[-73.1826,44.478889],[-73.180846,44.480439],[-73.180278,44.480944],[-73.179886,44.481287],[-73.179804,44.48136],[-73.17903,44.482047],[-73.178512,44.482501],[-73.178208,44.48277],[-73.178184,44.482791],[-73.177333,44.483569],[-73.176838,44.484024],[-73.176534,44.484303],[-73.176647,44.484252],[-73.176762,44.484188],[-73.176883,44.484115],[-73.177044,44.484015],[-73.17716,44.48396],[-73.177276,44.483921],[-73.177474,44.483858],[-73.1777,44.483796],[-73.178033,44.483726],[-73.178292,44.483695],[-73.178506,44.483684],[-73.178725,44.483682],[-73.178948,44.483691],[-73.179178,44.483704],[-73.179345,44.483723],[-73.179531,44.483765],[-73.17968,44.483812],[-73.179838,44.483882],[-73.180006,44.483964],[-73.180156,44.484037],[-73.180285,44.48409],[-73.180462,44.484152],[-73.180578,44.484199],[-73.180734,44.484276],[-73.180837,44.484333],[-73.180987,44.48441],[-73.181143,44.484487],[-73.181272,44.484554],[-73.181436,44.484664],[-73.181524,44.484727],[-73.181613,44.484799],[-73.181682,44.484866],[-73.18175,44.484933],[-73.181778,44.484987],[-73.1818,44.485032],[-73.181842,44.485102],[-73.181895,44.485175],[-73.181976,44.48525],[-73.182012,44.485324],[-73.182047,44.485445],[-73.182061,44.485522],[-73.182062,44.485595],[-73.182063,44.485644],[-73.182049,44.485701],[-73.182018,44.485735],[-73.18199,44.485784],[-73.18198,44.48584],[-73.181983,44.485864],[-73.181996,44.485887],[-73.182039,44.4859],[-73.182091,44.485914],[-73.182123,44.485939],[-73.182163,44.486],[-73.182203,44.486071],[-73.182214,44.486191],[-73.182191,44.486231],[-73.182179,44.486261],[-73.18219,44.48631],[-73.182192,44.486321],[-73.182186,44.486365],[-73.182228,44.48645],[-73.182229,44.486534],[-73.182267,44.486641],[-73.182299,44.486749],[-73.182303,44.486815],[-73.1823,44.486868],[-73.182278,44.486916],[-73.182245,44.486955],[-73.182234,44.487014],[-73.182243,44.487162],[-73.182232,44.487288],[-73.182213,44.487375],[-73.182204,44.487501],[-73.18221,44.48757],[-73.182207,44.487638],[-73.182203,44.487747],[-73.182234,44.48787],[-73.182237,44.487998],[-73.182233,44.488088],[-73.182217,44.488125],[-73.182188,44.488167],[-73.182189,44.488188],[-73.182216,44.488217],[-73.182283,44.488243],[-73.182343,44.488272],[-73.182392,44.488309],[-73.18245,44.488368],[-73.182487,44.48839],[-73.182535,44.488407],[-73.182579,44.488414],[-73.182629,44.488412],[-73.182764,44.488393],[-73.182874,44.488368],[-73.182951,44.488337],[-73.182975,44.48833],[-73.182993,44.488338],[-73.183027,44.488361],[-73.183087,44.4884],[-73.183162,44.48845],[-73.183251,44.488506],[-73.183313,44.488549],[-73.183384,44.488578],[-73.183439,44.488591],[-73.183504,44.488599],[-73.183601,44.488598],[-73.183703,44.48858],[-73.183787,44.488541],[-73.183847,44.488515],[-73.184052,44.488527],[-73.184041,44.488661],[-73.184722,44.488738],[-73.184757,44.488628],[-73.18501,44.488659],[-73.185023,44.488706],[-73.185073,44.488728],[-73.18518,44.488744],[-73.18527,44.488735],[-73.185354,44.488726],[-73.185516,44.488712],[-73.185637,44.488698],[-73.185745,44.488698],[-73.185884,44.488696],[-73.186047,44.488697],[-73.18612,44.488694],[-73.186184,44.488682],[-73.186262,44.488656],[-73.186322,44.488651],[-73.186371,44.488668],[-73.186408,44.48869],[-73.186462,44.488728],[-73.186853,44.488721],[-73.18687,44.488643],[-73.1869,44.488643],[-73.186932,44.488615],[-73.186942,44.488592],[-73.186979,44.488566],[-73.187028,44.488539],[-73.187051,44.488521],[-73.187075,44.488483],[-73.1871,44.488426],[-73.187126,44.488381],[-73.187161,44.488335],[-73.187206,44.488307],[-73.187268,44.48828],[-73.187315,44.488257],[-73.187373,44.488239],[-73.187394,44.488223],[-73.18741,44.488194],[-73.18743,44.48816],[-73.187455,44.488135],[-73.187478,44.488111],[-73.187512,44.488055],[-73.187535,44.487995],[-73.187578,44.487921],[-73.187632,44.487879],[-73.18765,44.487851],[-73.187654,44.487831],[-73.18766,44.487792],[-73.187691,44.487749],[-73.187763,44.48768],[-73.18782,44.487631],[-73.187884,44.487583],[-73.187914,44.487544],[-73.187924,44.4875],[-73.187926,44.487461],[-73.18794,44.487405],[-73.187966,44.487355],[-73.187996,44.487315],[-73.188062,44.487278],[-73.18813,44.487253],[-73.188195,44.487229],[-73.188238,44.487187],[-73.188263,44.487148],[-73.188291,44.487096],[-73.18831,44.487054],[-73.188324,44.48698],[-73.188353,44.486935],[-73.188406,44.486889],[-73.188459,44.486829],[-73.188492,44.486766],[-73.188502,44.486714],[-73.188521,44.486686],[-73.188555,44.486678],[-73.188584,44.486678],[-73.188614,44.486685],[-73.188667,44.486692],[-73.188775,44.486695],[-73.188892,44.486701],[-73.188948,44.486723],[-73.188991,44.486771],[-73.189013,44.486807],[-73.18903,44.486848],[-73.189053,44.48688],[-73.189087,44.486908],[-73.189121,44.486946],[-73.189137,44.486998],[-73.189162,44.487047],[-73.189187,44.487103],[-73.189208,44.487141],[-73.18923,44.48718],[-73.189237,44.487218],[-73.189233,44.487263],[-73.189239,44.487298],[-73.189249,44.487342],[-73.189266,44.487364],[-73.189305,44.487365],[-73.189351,44.487364],[-73.189385,44.487368],[-73.189423,44.487359],[-73.189458,44.487333],[-73.18949,44.487319],[-73.189519,44.487319],[-73.189548,44.487331],[-73.189577,44.48734],[-73.189625,44.487339],[-73.189655,44.487331],[-73.189653,44.487298],[-73.189666,44.487247],[-73.189706,44.487204],[-73.189749,44.487166],[-73.189775,44.487139],[-73.189804,44.48713],[-73.189851,44.48713],[-73.189903,44.487136],[-73.189949,44.487125],[-73.190009,44.4871],[-73.19007,44.487087],[-73.190128,44.487094],[-73.190163,44.487107],[-73.190193,44.487125],[-73.190223,44.487163],[-73.190238,44.487187],[-73.190266,44.487212],[-73.190316,44.487239],[-73.19037,44.487249],[-73.190443,44.487249],[-73.190507,44.487241],[-73.190599,44.487216],[-73.190628,44.487199],[-73.190697,44.487191],[-73.190715,44.487199],[-73.190721,44.487202],[-73.190726,44.487212],[-73.19071,44.487228],[-73.190707,44.487247],[-73.190729,44.487276],[-73.190766,44.487292],[-73.190815,44.487313],[-73.190903,44.48734],[-73.190974,44.487352],[-73.191065,44.487364],[-73.191177,44.487367],[-73.19126,44.48737],[-73.191377,44.487369],[-73.191503,44.487377],[-73.191711,44.487407],[-73.191856,44.487434],[-73.191999,44.487461],[-73.192109,44.487491],[-73.192248,44.487539],[-73.192414,44.487621],[-73.192556,44.487697],[-73.192669,44.487766],[-73.19277,44.487846],[-73.192822,44.487896],[-73.192849,44.487932],[-73.192869,44.487952],[-73.192907,44.487967],[-73.192962,44.487974],[-73.193022,44.487972],[-73.193083,44.487974],[-73.193183,44.487986],[-73.193308,44.488009],[-73.193464,44.488045],[-73.193715,44.488106],[-73.193949,44.488166],[-73.194157,44.48822],[-73.194356,44.488263],[-73.194564,44.488311],[-73.194807,44.488359],[-73.194937,44.488389],[-73.195032,44.488419],[-73.195127,44.488462],[-73.19536,44.488532],[-73.19557,44.488589],[-73.195726,44.488619],[-73.195804,44.488634],[-73.19598,44.488664],[-73.196179,44.488712],[-73.196375,44.488751],[-73.196505,44.488782],[-73.196653,44.488824],[-73.196809,44.488866],[-73.196921,44.488897],[-73.197121,44.488932],[-73.197276,44.48895],[-73.197366,44.488989],[-73.197424,44.489036],[-73.197468,44.489097],[-73.197495,44.489119],[-73.197538,44.489122],[-73.197613,44.489121],[-73.197702,44.48911],[-73.197874,44.489126],[-73.198072,44.489151],[-73.19826,44.489186],[-73.198458,44.48921],[-73.198668,44.489237],[-73.198894,44.489259],[-73.199116,44.489266],[-73.199336,44.489287],[-73.199465,44.489313],[-73.199556,44.489348],[-73.199722,44.489373],[-73.199863,44.489392],[-73.200102,44.489426],[-73.200216,44.489451],[-73.20034,44.489497],[-73.200441,44.489519],[-73.20052,44.489516],[-73.200625,44.489516],[-73.200849,44.489553],[-73.201023,44.489605],[-73.201129,44.489655],[-73.201223,44.489729],[-73.201337,44.489831],[-73.201494,44.489945],[-73.201655,44.490085],[-73.201776,44.490228],[-73.201885,44.490377],[-73.201992,44.490569],[-73.202052,44.49071],[-73.20209,44.490868],[-73.202095,44.490953],[-73.20208,44.491044],[-73.202001,44.491088],[-73.202018,44.491132],[-73.20202,44.491131],[-73.202284,44.491116],[-73.202384,44.49111],[-73.202739,44.49109],[-73.20284,44.491088]]]}},{"type":"Feature","properties":{"ward":"2","district":"Central","population_2020":5665},"geometry":{"type":"Polygon","coordinates":[[[-73.202122,44.491205],[-73.202183,44.491342],[-73.202272,44.491478],[-73.202378,44.491609],[-73.20245,44.491728],[-73.202509,44.491853],[-73.202583,44.491958],[-73.202652,44.492069],[-73.202712,44.492162],[-73.202771,44.492261],[-73.202843,44.492352],[-73.202926,44.492494],[-73.202993,44.492627],[-73.203083,44.492826],[-73.203159,44.493036],[-73.203206,44.49323],[-73.203252,44.493425],[-73.203269,44.493656],[-73.203317,44.493929],[-73.203365,44.494223],[-73.203396,44.494433],[-73.203398,44.494575],[-73.20334,44.494675],[-73.203291,44.494807],[-73.203182,44.494918],[-73.203088,44.495013],[-73.202986,44.495135],[-73.202863,44.495319],[-73.202748,44.495494],[-73.20264,44.495652],[-73.202531,44.495805],[-73.202394,44.495969],[-73.202308,44.496127],[-73.202229,44.496317],[-73.202195,44.496533],[-73.202191,44.496795],[-73.202179,44.497043],[-73.202196,44.497263],[-73.202199,44.497468],[-73.202231,44.497669],[-73.202292,44.497931],[-73.202354,44.498224],[-73.202431,44.498516],[-73.202507,44.498757],[-73.202586,44.498993],[-73.202674,44.499248],[-73.202765,44.499488],[-73.202878,44.499677],[-73.202994,44.49992],[-73.203153,44.500177],[-73.203317,44.500428],[-73.203476,44.500639],[-73.203644,44.500855],[-73.203794,44.501095],[-73.203972,44.501293],[-73.20415,44.501491],[-73.204327,44.501668],[-73.204525,44.501825],[-73.204755,44.501979],[-73.204977,44.502124],[-73.205224,44.502276],[-73.205507,44.502404],[-73.205757,44.502486],[-73.206012,44.502554],[-73.206344,44.50264],[-73.206711,44.502753],[-73.20699,44.502835],[-73.207358,44.502958],[-73.207706,44.503069],[-73.208018,44.503178],[-73.208357,44.503277],[-73.20865,44.503348],[-73.209018,44.503461],[-73.209268,44.503575],[-73.209621,44.50374],[-73.209856,44.503833],[-73.210019,44.503914],[-73.210225,44.504033],[-73.210426,44.504139],[-73.210608,44.504231],[-73.210858,44.504332],[-73.211122,44.504432],[-73.211372,44.504557],[-73.211652,44.504691],[-73.211932,44.504825],[-73.212138,44.504929],[-73.212374,44.505105],[-73.212537,44.505235],[-73.212759,44.505428],[-73.212965,44.505583],[-73.213158,44.50575],[-73.213361,44.505951],[-73.213573,44.506198],[-73.213737,44.506427],[-73.213872,44.506698],[-73.214021,44.50697],[-73.214141,44.507199],[-73.214276,44.50748],[-73.214382,44.507711],[-73.214473,44.508004],[-73.21449,44.508203],[-73.214522,44.508402],[-73.214583,44.50859],[-73.214673,44.508778],[-73.214739,44.508891],[-73.216193,44.507798],[-73.221203,44.50395],[-73.226018,44.500253],[-73.217761,44.491235],[-73.221022,44.491174],[-73.222847,44.49103],[-73.222865,44.491024],[-73.224249,44.490592],[-73.225053,44.490127],[-73.225441,44.489808],[-73.226129,44.48923],[-73.226441,44.488869],[-73.226603,44.488605],[-73.226737,44.488274],[-73.226881,44.487788],[-73.226899,44.487399],[-73.226904,44.487101],[-73.226812,44.486711],[-73.226673,44.486351],[-73.22643,44.485928],[-73.226152,44.485584],[-73.225909,44.485353],[-73.224781,44.484436],[-73.224197,44.483963],[-73.22396,44.483675],[-73.223444,44.483257],[-73.222716,44.483524],[-73.22226,44.483691],[-73.222307,44.483915],[-73.222308,44.483923],[-73.22233,44.484091],[-73.222365,44.484208],[-73.222213,44.484259],[-73.222248,44.484309],[-73.222329,44.484408],[-73.222194,44.484414],[-73.221239,44.484458],[-73.220997,44.484467],[-73.220646,44.484481],[-73.220107,44.4845],[-73.219607,44.484521],[-73.219279,44.484535],[-73.218168,44.484583],[-73.217734,44.484601],[-73.217334,44.484614],[-73.216408,44.484643],[-73.216023,44.484654],[-73.215244,44.484691],[-73.214098,44.484742],[-73.213863,44.484753],[-73.211747,44.484814],[-73.211717,44.484815],[-73.211626,44.484817],[-73.211464,44.484822],[-73.211342,44.484824],[-73.210633,44.484838],[-73.210326,44.484845],[-73.209634,44.484858],[-73.209594,44.484324],[-73.209586,44.484209],[-73.209506,44.483132],[-73.209003,44.48315],[-73.208582,44.483164],[-73.20799,44.483184],[-73.207686,44.48319],[-73.206409,44.483221],[-73.206409,44.483221],[-73.206199,44.483226],[-73.205812,44.483234],[-73.205844,44.484114],[-73.205884,44.484925],[-73.205941,44.486183],[-73.205978,44.486916],[-73.20602,44.487913],[-73.206026,44.48806],[-73.206096,44.488677],[-73.205508,44.489696],[-73.204573,44.491183],[-73.203303,44.49109],[-73.20284,44.491088],[-73.202739,44.49109],[-73.202384,44.49111],[-73.202284,44.491116],[-73.20202,44.491131],[-73.202018,44.491132],[-73.202039,44.491189],[-73.202122,44.491205]]]}},{"type":"Feature","properties":{"ward":"3","district":"Central","population_2020":5227},"geometry":{"type":"Polygon","coordinates":[[[-73.209586,44.484209],[-73.209594,44.484324],[-73.209634,44.484858],[-73.210326,44.484845],[-73.210633,44.484838],[-73.211342,44.484824],[-73.211464,44.484822],[-73.211626,44.484817],[-73.211717,44.484815],[-73.211747,44.484814],[-73.213863,44.484753],[-73.214098,44.484742],[-73.215244,44.484691],[-73.216023,44.484654],[-73.216408,44.484643],[-73.217334,44.484614],[-73.217734,44.484601],[-73.218168,44.484583],[-73.219279,44.484535],[-73.219607,44.484521],[-73.220107,44.4845],[-73.220646,44.484481],[-73.220997,44.484467],[-73.221239,44.484458],[-73.222194,44.484414],[-73.222329,44.484408],[-73.222248,44.484309],[-73.222213,44.484259],[-73.222365,44.484208],[-73.22233,44.484091],[-73.222308,44.483923],[-73.222307,44.483915],[-73.22226,44.483691],[-73.222716,44.483524],[-73.223444,44.483257],[-73.22396,44.483675],[-73.224192,44.483584],[-73.225157,44.483204],[-73.225129,44.483187],[-73.225069,44.483146],[-73.224997,44.483101],[-73.224955,44.483071],[-73.22492,44.483045],[-73.224896,44.483019],[-73.224872,44.482981],[-73.224857,44.482944],[-73.224855,44.482908],[-73.224878,44.482875],[-73.224907,44.482845],[-73.224932,44.482816],[-73.224947,44.482803],[-73.224953,44.482788],[-73.224953,44.482775],[-73.224939,44.482755],[-73.224916,44.482727],[-73.224899,44.482704],[-73.22488,44.482678],[-73.224863,44.482644],[-73.22485,44.482609],[-73.224826,44.482574],[-73.224804,44.482548],[-73.22477,44.482518],[-73.224737,44.48249],[-73.224711,44.482472],[-73.224661,44.482431],[-73.224629,44.482406],[-73.224597,44.482385],[-73.224587,44.482369],[-73.224583,44.482329],[-73.224579,44.482281],[-73.22458,44.482212],[-73.224576,44.482166],[-73.22457,44.482128],[-73.224518,44.48213],[-73.224507,44.482076],[-73.224571,44.48207],[-73.224561,44.482039],[-73.224548,44.482009],[-73.224541,44.481984],[-73.224537,44.48196],[-73.224542,44.481937],[-73.224547,44.481929],[-73.224553,44.481924],[-73.224563,44.481915],[-73.224578,44.481906],[-73.224611,44.48189],[-73.224646,44.481876],[-73.22469,44.48187],[-73.224742,44.481863],[-73.224807,44.481856],[-73.224887,44.481847],[-73.224757,44.481222],[-73.224722,44.481034],[-73.22458,44.481049],[-73.224563,44.481047],[-73.224549,44.481044],[-73.224536,44.481042],[-73.224483,44.481045],[-73.224457,44.481045],[-73.224438,44.481043],[-73.224429,44.48104],[-73.224424,44.481035],[-73.224415,44.481022],[-73.2244,44.480998],[-73.224391,44.480977],[-73.224377,44.480942],[-73.224368,44.4809],[-73.224357,44.480838],[-73.224342,44.480784],[-73.224331,44.480721],[-73.22432,44.480675],[-73.224307,44.480615],[-73.224294,44.480554],[-73.224284,44.480527],[-73.224277,44.480513],[-73.224267,44.480506],[-73.224201,44.480509],[-73.22417,44.480511],[-73.224147,44.480521],[-73.223951,44.480483],[-73.223959,44.480459],[-73.223558,44.480374],[-73.223544,44.480399],[-73.223329,44.480354],[-73.223325,44.480393],[-73.223313,44.480393],[-73.2233,44.480396],[-73.223292,44.4804],[-73.223287,44.480407],[-73.223246,44.480405],[-73.223239,44.480389],[-73.22323,44.480376],[-73.22322,44.480363],[-73.223205,44.480346],[-73.223185,44.480336],[-73.223151,44.480323],[-73.22311,44.480314],[-73.223082,44.480309],[-73.223069,44.480307],[-73.223053,44.480306],[-73.222855,44.480305],[-73.222841,44.480282],[-73.222829,44.480269],[-73.222806,44.480253],[-73.222771,44.480237],[-73.222744,44.480228],[-73.222728,44.480221],[-73.222719,44.480208],[-73.222702,44.480183],[-73.222682,44.480144],[-73.222663,44.480112],[-73.222651,44.480082],[-73.222644,44.480049],[-73.222632,44.479996],[-73.222621,44.479974],[-73.222607,44.479903],[-73.222589,44.479781],[-73.222575,44.479711],[-73.222557,44.479604],[-73.222542,44.479509],[-73.222525,44.479418],[-73.222505,44.479324],[-73.222482,44.479234],[-73.222465,44.479155],[-73.222447,44.47908],[-73.222438,44.479034],[-73.222428,44.479012],[-73.222418,44.478989],[-73.222403,44.478971],[-73.222384,44.478958],[-73.222371,44.478953],[-73.222352,44.478951],[-73.222326,44.47895],[-73.222231,44.478961],[-73.222163,44.478969],[-73.222135,44.478973],[-73.222095,44.478974],[-73.222049,44.478977],[-73.221984,44.478987],[-73.221936,44.47899],[-73.221861,44.478994],[-73.221773,44.478995],[-73.22173,44.478995],[-73.221703,44.478992],[-73.221684,44.478986],[-73.221657,44.478966],[-73.221635,44.478945],[-73.221621,44.478923],[-73.221612,44.478894],[-73.221603,44.478834],[-73.221547,44.478245],[-73.221489,44.477735],[-73.221475,44.477689],[-73.221457,44.477496],[-73.221441,44.477435],[-73.22143,44.47727],[-73.221437,44.477246],[-73.221456,44.477219],[-73.221505,44.477167],[-73.221544,44.477131],[-73.221572,44.477107],[-73.221584,44.477098],[-73.2216,44.477092],[-73.221618,44.477089],[-73.221639,44.477089],[-73.221666,44.477088],[-73.221689,44.477086],[-73.221706,44.477083],[-73.22176,44.477071],[-73.221797,44.477069],[-73.221814,44.477069],[-73.221832,44.477068],[-73.22185,44.477063],[-73.22187,44.477055],[-73.221901,44.477046],[-73.221927,44.477042],[-73.221986,44.477038],[-73.222041,44.477032],[-73.222063,44.477034],[-73.22209,44.477036],[-73.222126,44.477043],[-73.222148,44.477045],[-73.22217,44.477045],[-73.222191,44.477045],[-73.222214,44.477049],[-73.222197,44.476881],[-73.222179,44.476868],[-73.222144,44.476854],[-73.222102,44.476835],[-73.222069,44.476823],[-73.222032,44.476807],[-73.222013,44.476801],[-73.221975,44.476792],[-73.221935,44.47679],[-73.221848,44.476788],[-73.221729,44.476794],[-73.221637,44.476799],[-73.221568,44.476804],[-73.221558,44.476801],[-73.22155,44.476795],[-73.221541,44.476782],[-73.221535,44.476761],[-73.221518,44.476681],[-73.221489,44.476228],[-73.220881,44.476249],[-73.220874,44.476128],[-73.221062,44.476124],[-73.221188,44.476083],[-73.22162,44.476064],[-73.22162,44.476035],[-73.221651,44.476025],[-73.221669,44.476015],[-73.221682,44.476004],[-73.221696,44.475994],[-73.221702,44.475988],[-73.221709,44.475977],[-73.221714,44.475969],[-73.221717,44.475957],[-73.221717,44.475946],[-73.22171,44.475928],[-73.221696,44.475909],[-73.221681,44.475895],[-73.221668,44.475882],[-73.221651,44.47587],[-73.221632,44.475857],[-73.221607,44.475848],[-73.221576,44.475839],[-73.221544,44.475836],[-73.221482,44.475838],[-73.221435,44.475836],[-73.221351,44.475834],[-73.221301,44.475834],[-73.22124,44.475832],[-73.221199,44.475828],[-73.221162,44.475825],[-73.22115,44.47582],[-73.22114,44.475815],[-73.221128,44.475808],[-73.221121,44.4758],[-73.221117,44.475788],[-73.221114,44.475775],[-73.221112,44.475733],[-73.221112,44.475708],[-73.221114,44.475683],[-73.221117,44.475669],[-73.221124,44.475655],[-73.221133,44.475639],[-73.221143,44.475632],[-73.221156,44.475626],[-73.221189,44.475617],[-73.221231,44.475612],[-73.22129,44.475611],[-73.221334,44.475611],[-73.221372,44.475611],[-73.221422,44.475626],[-73.221427,44.475698],[-73.221937,44.475687],[-73.221891,44.475179],[-73.221256,44.475207],[-73.221194,44.474716],[-73.221184,44.474654],[-73.221163,44.474654],[-73.221163,44.474641],[-73.221174,44.47464],[-73.221166,44.474545],[-73.221263,44.474545],[-73.221281,44.47451],[-73.221444,44.474512],[-73.221585,44.474507],[-73.221834,44.474494],[-73.2218,44.474155],[-73.22097,44.474193],[-73.22098,44.474297],[-73.219792,44.474341],[-73.219752,44.473907],[-73.219891,44.473894],[-73.219881,44.473795],[-73.219926,44.473792],[-73.220073,44.473773],[-73.22011,44.47376],[-73.220145,44.473757],[-73.220114,44.473531],[-73.221142,44.473455],[-73.221204,44.473855],[-73.221292,44.473865],[-73.221496,44.473737],[-73.221662,44.473645],[-73.221672,44.473639],[-73.221678,44.473633],[-73.221681,44.473623],[-73.221681,44.473614],[-73.221678,44.47359],[-73.221653,44.473489],[-73.221643,44.473341],[-73.221466,44.473331],[-73.221338,44.473323],[-73.221262,44.473319],[-73.221203,44.473313],[-73.221163,44.473305],[-73.221128,44.4733],[-73.221106,44.473296],[-73.221093,44.473291],[-73.221068,44.473285],[-73.22104,44.473281],[-73.221013,44.473278],[-73.220988,44.473277],[-73.22094,44.473277],[-73.220905,44.473274],[-73.220846,44.473272],[-73.220791,44.473268],[-73.220761,44.473267],[-73.220743,44.473263],[-73.220713,44.473249],[-73.220686,44.473228],[-73.220666,44.473208],[-73.220642,44.473183],[-73.220629,44.473161],[-73.22062,44.473136],[-73.220616,44.473085],[-73.22061,44.473028],[-73.220609,44.472983],[-73.2206,44.472907],[-73.220595,44.472853],[-73.220584,44.47279],[-73.220581,44.472765],[-73.220577,44.472743],[-73.220586,44.472742],[-73.220583,44.472707],[-73.220586,44.472655],[-73.220589,44.47263],[-73.220595,44.47261],[-73.220595,44.472588],[-73.220595,44.472568],[-73.220589,44.47254],[-73.220585,44.472503],[-73.220581,44.472467],[-73.220583,44.472454],[-73.220584,44.472434],[-73.220593,44.472398],[-73.220597,44.472382],[-73.220605,44.472361],[-73.220616,44.472347],[-73.220619,44.472338],[-73.220621,44.472319],[-73.220615,44.472292],[-73.220608,44.472272],[-73.22059,44.472231],[-73.220576,44.472187],[-73.220562,44.472147],[-73.220558,44.472119],[-73.220558,44.472055],[-73.220557,44.472026],[-73.220555,44.47199],[-73.220556,44.471958],[-73.220558,44.471924],[-73.220562,44.471882],[-73.220577,44.471833],[-73.220586,44.471792],[-73.220604,44.471737],[-73.220618,44.471694],[-73.22064,44.471637],[-73.220666,44.471571],[-73.220685,44.471525],[-73.220705,44.471487],[-73.220723,44.47145],[-73.220726,44.471443],[-73.21665,44.471512],[-73.215308,44.47156],[-73.215416,44.473597],[-73.215497,44.474698],[-73.212419,44.474781],[-73.210798,44.474817],[-73.210922,44.475459],[-73.210939,44.475566],[-73.210971,44.475775],[-73.210973,44.475801],[-73.210989,44.47599],[-73.210994,44.476103],[-73.211007,44.476413],[-73.211025,44.47689],[-73.211056,44.477145],[-73.211106,44.478248],[-73.211127,44.478617],[-73.211147,44.479041],[-73.21116,44.479348],[-73.211208,44.480486],[-73.211071,44.480491],[-73.210795,44.4805],[-73.210027,44.480526],[-73.209787,44.480535],[-73.20931,44.480553],[-73.209116,44.480559],[-73.208555,44.480578],[-73.208278,44.480587],[-73.208255,44.480587],[-73.208106,44.480592],[-73.207961,44.480597],[-73.207746,44.480604],[-73.207504,44.480612],[-73.207189,44.48062],[-73.206731,44.480632],[-73.206363,44.480642],[-73.205989,44.480652],[-73.205821,44.480656],[-73.205749,44.480658],[-73.205677,44.48066],[-73.205678,44.480673],[-73.205714,44.481323],[-73.205739,44.481827],[-73.205753,44.482093],[-73.205793,44.482872],[-73.205812,44.483234],[-73.206199,44.483226],[-73.206409,44.483221],[-73.206409,44.483221],[-73.207686,44.48319],[-73.20799,44.483184],[-73.208582,44.483164],[-73.209003,44.48315],[-73.209506,44.483132],[-73.209586,44.484209]]]}},{"type":"Feature","properties":{"ward":"4","district":"North","population_2020":5430},"geometry":{"type":"Polygon","coordinates":[[[-73.268539,44.525683],[-73.271898,44.525094],[-73.271891,44.525083],[-73.271882,44.525055],[-73.27187,44.525021],[-73.27186,44.524994],[-73.271848,44.524967],[-73.271834,44.524952],[-73.2718,44.524927],[-73.271767,44.524904],[-73.271731,44.524874],[-73.271707,44.524854],[-73.271687,44.524832],[-73.271665,44.524805],[-73.271641,44.524769],[-73.271623,44.524744],[-73.271601,44.524706],[-73.271583,44.524673],[-73.271562,44.52465],[-73.271527,44.524613],[-73.271491,44.524579],[-73.271445,44.524541],[-73.271411,44.524517],[-73.271373,44.524495],[-73.271341,44.52447],[-73.271305,44.524441],[-73.271281,44.52441],[-73.271265,44.52439],[-73.271242,44.524365],[-73.27122,44.524338],[-73.27119,44.524315],[-73.271148,44.524284],[-73.271117,44.524261],[-73.271093,44.524243],[-73.271067,44.524219],[-73.271033,44.524185],[-73.271003,44.524152],[-73.270936,44.524065],[-73.270909,44.524031],[-73.270884,44.523996],[-73.270859,44.523956],[-73.270838,44.523917],[-73.270817,44.523895],[-73.270794,44.523873],[-73.270771,44.523848],[-73.270758,44.523828],[-73.270743,44.523798],[-73.270724,44.523754],[-73.27071,44.523717],[-73.270694,44.523684],[-73.270673,44.523652],[-73.270653,44.523625],[-73.270636,44.523593],[-73.270625,44.523571],[-73.270614,44.523548],[-73.270606,44.523533],[-73.270591,44.523513],[-73.270564,44.523492],[-73.270531,44.523459],[-73.270495,44.523426],[-73.27047,44.523401],[-73.270435,44.523366],[-73.270408,44.523337],[-73.270381,44.523307],[-73.270368,44.523286],[-73.270361,44.523263],[-73.270357,44.523235],[-73.270347,44.523203],[-73.270342,44.523179],[-73.270336,44.523157],[-73.27034,44.523142],[-73.270342,44.523131],[-73.270347,44.523117],[-73.270342,44.523091],[-73.270334,44.523079],[-73.270316,44.523069],[-73.270304,44.523057],[-73.270292,44.523029],[-73.27028,44.522994],[-73.270273,44.522969],[-73.270264,44.522945],[-73.270255,44.522924],[-73.27024,44.522909],[-73.270228,44.522893],[-73.270221,44.522874],[-73.270214,44.522846],[-73.270213,44.522816],[-73.270203,44.522788],[-73.270187,44.522752],[-73.270172,44.522727],[-73.27014,44.522691],[-73.27012,44.522666],[-73.270108,44.522643],[-73.270098,44.522615],[-73.270093,44.522586],[-73.270093,44.52256],[-73.270091,44.522539],[-73.270086,44.522509],[-73.270079,44.522478],[-73.27008,44.522454],[-73.270081,44.522424],[-73.270085,44.522393],[-73.270089,44.522365],[-73.270098,44.522342],[-73.270105,44.522317],[-73.270105,44.522302],[-73.270105,44.522276],[-73.270098,44.522251],[-73.270091,44.522201],[-73.270089,44.522163],[-73.270087,44.522125],[-73.270087,44.522095],[-73.270083,44.522074],[-73.270078,44.522044],[-73.270068,44.522009],[-73.270057,44.521974],[-73.270043,44.521947],[-73.270026,44.521919],[-73.27001,44.521894],[-73.269992,44.521862],[-73.269976,44.521833],[-73.269968,44.521811],[-73.269959,44.521788],[-73.26995,44.521765],[-73.269945,44.521731],[-73.269942,44.52169],[-73.269939,44.521657],[-73.269931,44.521629],[-73.269917,44.521594],[-73.269905,44.521563],[-73.269894,44.521534],[-73.26988,44.5215],[-73.269864,44.521468],[-73.269844,44.521438],[-73.269823,44.521407],[-73.269804,44.521374],[-73.269794,44.521348],[-73.269779,44.521303],[-73.269756,44.521255],[-73.26974,44.521214],[-73.269723,44.521175],[-73.269706,44.521134],[-73.269683,44.521092],[-73.269652,44.521045],[-73.269633,44.521002],[-73.269614,44.520966],[-73.269593,44.520918],[-73.269575,44.520879],[-73.269559,44.52083],[-73.269539,44.520778],[-73.269516,44.520721],[-73.269497,44.520672],[-73.269476,44.520629],[-73.26945,44.52057],[-73.269433,44.520535],[-73.269415,44.520498],[-73.269403,44.520456],[-73.269388,44.520409],[-73.269378,44.520366],[-73.269369,44.520324],[-73.269364,44.520279],[-73.269362,44.520228],[-73.269356,44.520172],[-73.269353,44.520134],[-73.269348,44.520104],[-73.269335,44.520075],[-73.269318,44.520034],[-73.269299,44.519993],[-73.269289,44.519961],[-73.269274,44.519925],[-73.269258,44.519875],[-73.269245,44.519836],[-73.269227,44.519771],[-73.269216,44.519719],[-73.269207,44.519666],[-73.269199,44.519613],[-73.269189,44.519551],[-73.269182,44.519504],[-73.269172,44.519465],[-73.269159,44.51942],[-73.269149,44.519371],[-73.269138,44.519316],[-73.269131,44.519266],[-73.269127,44.519227],[-73.269126,44.519159],[-73.269129,44.519115],[-73.26914,44.519067],[-73.269159,44.519025],[-73.269173,44.518999],[-73.269186,44.518965],[-73.269194,44.518934],[-73.269201,44.518889],[-73.269198,44.518848],[-73.269183,44.518803],[-73.269163,44.518768],[-73.269142,44.518739],[-73.269125,44.51871],[-73.26911,44.518673],[-73.269103,44.518635],[-73.269097,44.51858],[-73.269094,44.518527],[-73.269093,44.518467],[-73.269095,44.518427],[-73.269096,44.518379],[-73.269094,44.518341],[-73.269088,44.518291],[-73.269083,44.518241],[-73.269066,44.518189],[-73.269055,44.518135],[-73.269051,44.518087],[-73.26904,44.518032],[-73.26903,44.517975],[-73.269024,44.517922],[-73.269021,44.517871],[-73.269017,44.517808],[-73.269018,44.517754],[-73.269016,44.517692],[-73.26901,44.517638],[-73.269,44.517552],[-73.268995,44.517494],[-73.268981,44.517414],[-73.268974,44.517358],[-73.268969,44.517299],[-73.26897,44.517249],[-73.268968,44.517193],[-73.26897,44.517126],[-73.268974,44.517083],[-73.268979,44.517043],[-73.268983,44.517009],[-73.268984,44.516985],[-73.26898,44.516959],[-73.268979,44.516934],[-73.26898,44.516915],[-73.26899,44.51689],[-73.268997,44.516868],[-73.268997,44.516852],[-73.268991,44.51684],[-73.268984,44.516831],[-73.268971,44.516823],[-73.268945,44.516813],[-73.268925,44.516801],[-73.26891,44.516785],[-73.268901,44.516757],[-73.268894,44.516713],[-73.268888,44.516639],[-73.268884,44.516587],[-73.268878,44.516542],[-73.268865,44.516485],[-73.268861,44.516443],[-73.268856,44.516398],[-73.268851,44.516356],[-73.268844,44.516316],[-73.268835,44.516275],[-73.268832,44.516237],[-73.268833,44.516213],[-73.268842,44.516157],[-73.268858,44.516104],[-73.26887,44.516059],[-73.268878,44.516019],[-73.268885,44.515988],[-73.268885,44.515935],[-73.268887,44.51589],[-73.268885,44.515846],[-73.268888,44.515798],[-73.268895,44.515761],[-73.268904,44.515722],[-73.268912,44.51569],[-73.268927,44.515648],[-73.268942,44.515611],[-73.268958,44.515572],[-73.268974,44.515546],[-73.268995,44.515531],[-73.269003,44.515516],[-73.269005,44.515507],[-73.269002,44.515499],[-73.268993,44.515463],[-73.268985,44.515436],[-73.268983,44.515424],[-73.268987,44.515414],[-73.269003,44.515382],[-73.269011,44.515367],[-73.269017,44.515349],[-73.269018,44.515328],[-73.269027,44.515308],[-73.26904,44.515284],[-73.269066,44.515245],[-73.269094,44.515209],[-73.269123,44.515184],[-73.269152,44.515159],[-73.269181,44.515128],[-73.269193,44.515111],[-73.269203,44.515099],[-73.269209,44.515084],[-73.269218,44.515072],[-73.269234,44.51506],[-73.269264,44.515041],[-73.269295,44.515017],[-73.269331,44.514991],[-73.269373,44.514964],[-73.269408,44.51494],[-73.26944,44.514917],[-73.269469,44.514894],[-73.269487,44.514886],[-73.269505,44.514878],[-73.269541,44.514871],[-73.269575,44.514865],[-73.269611,44.514853],[-73.269651,44.514841],[-73.2697,44.514829],[-73.269753,44.514815],[-73.269783,44.514805],[-73.269802,44.514797],[-73.269826,44.514782],[-73.269848,44.514773],[-73.269879,44.514761],[-73.269914,44.514749],[-73.269957,44.514737],[-73.269984,44.514731],[-73.270012,44.514725],[-73.270035,44.514718],[-73.270075,44.514706],[-73.270106,44.514693],[-73.270128,44.51468],[-73.270144,44.514672],[-73.270171,44.514665],[-73.270213,44.514655],[-73.270256,44.514648],[-73.270293,44.514644],[-73.270346,44.51464],[-73.270376,44.514644],[-73.270399,44.514654],[-73.270416,44.514665],[-73.270446,44.514683],[-73.270472,44.514692],[-73.270499,44.514698],[-73.270526,44.514697],[-73.270549,44.514686],[-73.270576,44.514668],[-73.270589,44.514645],[-73.270589,44.514626],[-73.270583,44.514603],[-73.270571,44.514582],[-73.270565,44.514569],[-73.270562,44.514556],[-73.270564,44.514541],[-73.270576,44.514524],[-73.270588,44.514504],[-73.270591,44.514489],[-73.270588,44.514476],[-73.270583,44.514462],[-73.270565,44.51443],[-73.270543,44.514395],[-73.270532,44.514366],[-73.270519,44.514337],[-73.270503,44.514304],[-73.270481,44.514267],[-73.270467,44.514239],[-73.27046,44.514211],[-73.27046,44.514188],[-73.270462,44.514157],[-73.270464,44.514122],[-73.270464,44.514107],[-73.270461,44.514091],[-73.270453,44.514074],[-73.27044,44.514055],[-73.270431,44.514028],[-73.270416,44.513989],[-73.2704,44.513965],[-73.270397,44.51394],[-73.270402,44.513911],[-73.270402,44.51389],[-73.270397,44.513858],[-73.270393,44.513821],[-73.270391,44.51378],[-73.270397,44.513751],[-73.27041,44.513709],[-73.270418,44.513678],[-73.270437,44.513633],[-73.270443,44.513594],[-73.270449,44.513545],[-73.270452,44.513508],[-73.270457,44.51348],[-73.27047,44.513447],[-73.270481,44.513421],[-73.270502,44.513379],[-73.27052,44.513341],[-73.270541,44.513292],[-73.270555,44.513256],[-73.270571,44.513212],[-73.270589,44.513173],[-73.270606,44.513139],[-73.270627,44.513104],[-73.270649,44.51306],[-73.270658,44.513036],[-73.270662,44.513014],[-73.270661,44.51299],[-73.270661,44.512969],[-73.270674,44.512935],[-73.270696,44.5129],[-73.270716,44.512866],[-73.270736,44.512834],[-73.27075,44.512806],[-73.270768,44.512774],[-73.270791,44.512741],[-73.270816,44.512706],[-73.270847,44.512664],[-73.270874,44.512636],[-73.270901,44.512607],[-73.270932,44.512582],[-73.270973,44.512551],[-73.271008,44.512525],[-73.271036,44.512504],[-73.27106,44.512486],[-73.271085,44.512468],[-73.271112,44.512447],[-73.271141,44.512429],[-73.271168,44.512414],[-73.271204,44.512398],[-73.271231,44.512389],[-73.271244,44.512389],[-73.271254,44.512387],[-73.271261,44.512381],[-73.271266,44.512369],[-73.271272,44.512362],[-73.271281,44.512359],[-73.271336,44.512362],[-73.271385,44.512369],[-73.271409,44.51237],[-73.271436,44.512369],[-73.271463,44.512367],[-73.271495,44.512373],[-73.271524,44.51238],[-73.271555,44.512388],[-73.271572,44.512393],[-73.27159,44.512395],[-73.271604,44.512393],[-73.271623,44.512383],[-73.271635,44.512373],[-73.271645,44.512359],[-73.271656,44.512351],[-73.271672,44.512341],[-73.271699,44.512327],[-73.271725,44.512313],[-73.271754,44.512297],[-73.271795,44.512277],[-73.271833,44.512257],[-73.271863,44.512243],[-73.271901,44.512223],[-73.27192,44.512214],[-73.271942,44.512209],[-73.271962,44.512206],[-73.271981,44.512198],[-73.27201,44.512183],[-73.27202,44.512174],[-73.27204,44.512169],[-73.272074,44.512134],[-73.272084,44.512131],[-73.2721,44.512126],[-73.272112,44.512113],[-73.272123,44.512099],[-73.272128,44.512087],[-73.272121,44.512072],[-73.272115,44.512066],[-73.272115,44.512057],[-73.27213,44.512045],[-73.27215,44.512032],[-73.272163,44.512026],[-73.272173,44.512026],[-73.272189,44.512026],[-73.2722,44.512029],[-73.27221,44.512029],[-73.272317,44.512016],[-73.272369,44.512013],[-73.272408,44.512011],[-73.272438,44.512014],[-73.27247,44.51202],[-73.272496,44.512023],[-73.272532,44.512028],[-73.272573,44.512035],[-73.272603,44.512044],[-73.272619,44.512045],[-73.272652,44.512049],[-73.272674,44.512051],[-73.272685,44.512056],[-73.272695,44.51207],[-73.272705,44.512075],[-73.272715,44.512077],[-73.272749,44.512075],[-73.272777,44.512076],[-73.272789,44.512079],[-73.2728,44.512086],[-73.272825,44.512094],[-73.272842,44.512099],[-73.272864,44.512109],[-73.27288,44.512111],[-73.272899,44.512112],[-73.272919,44.512112],[-73.272951,44.512111],[-73.272974,44.512111],[-73.273001,44.512109],[-73.273023,44.512105],[-73.273048,44.512094],[-73.273071,44.512078],[-73.273103,44.512058],[-73.273131,44.512039],[-73.273147,44.512019],[-73.273163,44.511998],[-73.273175,44.511977],[-73.273185,44.511963],[-73.273204,44.511952],[-73.273226,44.51194],[-73.273247,44.511925],[-73.273262,44.511908],[-73.273269,44.511892],[-73.273272,44.511877],[-73.273274,44.511862],[-73.27328,44.511849],[-73.273287,44.511837],[-73.273305,44.511821],[-73.273315,44.511809],[-73.273324,44.51179],[-73.273331,44.511773],[-73.273343,44.511756],[-73.273354,44.51174],[-73.273365,44.511731],[-73.273386,44.51171],[-73.273402,44.5117],[-73.273414,44.511688],[-73.273424,44.511679],[-73.273434,44.511662],[-73.273438,44.511648],[-73.273432,44.511625],[-73.273421,44.511604],[-73.273403,44.51158],[-73.273386,44.511542],[-73.273376,44.511509],[-73.273367,44.511481],[-73.273353,44.511456],[-73.273336,44.511434],[-73.273312,44.511415],[-73.273291,44.511399],[-73.273272,44.511382],[-73.273252,44.511362],[-73.273234,44.511343],[-73.273216,44.511309],[-73.273209,44.511279],[-73.2732,44.511248],[-73.273197,44.511219],[-73.273201,44.51119],[-73.273202,44.511166],[-73.273204,44.511142],[-73.273204,44.511118],[-73.273209,44.511094],[-73.273214,44.511078],[-73.273225,44.51106],[-73.27324,44.511042],[-73.273255,44.51102],[-73.273261,44.510997],[-73.273264,44.510978],[-73.273274,44.510954],[-73.273296,44.510932],[-73.273316,44.510914],[-73.273335,44.510894],[-73.273354,44.510866],[-73.273373,44.51084],[-73.273383,44.510822],[-73.273398,44.510792],[-73.273415,44.510766],[-73.273431,44.510742],[-73.273458,44.510705],[-73.273486,44.510677],[-73.273526,44.51064],[-73.273566,44.510603],[-73.2736,44.510577],[-73.273631,44.510551],[-73.273667,44.510524],[-73.273693,44.510507],[-73.273711,44.510493],[-73.27373,44.510476],[-73.273751,44.51045],[-73.273766,44.510423],[-73.273772,44.510403],[-73.27378,44.510383],[-73.273795,44.510361],[-73.273819,44.510336],[-73.273837,44.51032],[-73.273862,44.510293],[-73.273876,44.510277],[-73.273895,44.510253],[-73.273915,44.510232],[-73.273931,44.510211],[-73.273943,44.510194],[-73.273955,44.510173],[-73.27397,44.510152],[-73.273987,44.510129],[-73.274002,44.51011],[-73.274018,44.510091],[-73.274047,44.510069],[-73.274077,44.510053],[-73.274102,44.510039],[-73.274125,44.510023],[-73.27415,44.510005],[-73.274174,44.509987],[-73.274196,44.509967],[-73.274213,44.509949],[-73.274236,44.509925],[-73.274251,44.509903],[-73.274261,44.50988],[-73.274267,44.509862],[-73.274265,44.509845],[-73.274262,44.509833],[-73.274259,44.509817],[-73.27426,44.509805],[-73.274267,44.50979],[-73.274278,44.509774],[-73.274296,44.509755],[-73.274307,44.509738],[-73.274318,44.509724],[-73.27433,44.5097],[-73.274334,44.509678],[-73.274332,44.509652],[-73.274324,44.509632],[-73.274304,44.509608],[-73.274286,44.50959],[-73.274274,44.509571],[-73.274268,44.509554],[-73.274265,44.50954],[-73.274262,44.509526],[-73.274261,44.509512],[-73.274261,44.509495],[-73.274266,44.509466],[-73.274273,44.509442],[-73.274283,44.509416],[-73.274291,44.509398],[-73.274296,44.509375],[-73.274299,44.50934],[-73.274298,44.509314],[-73.274292,44.509291],[-73.274284,44.509268],[-73.274281,44.509247],[-73.274283,44.509223],[-73.274292,44.509187],[-73.2743,44.509166],[-73.274306,44.509148],[-73.274311,44.509118],[-73.274319,44.509084],[-73.274328,44.509057],[-73.274341,44.509029],[-73.274343,44.50901],[-73.274343,44.508986],[-73.274344,44.508967],[-73.274346,44.508953],[-73.27435,44.50894],[-73.274362,44.508922],[-73.274381,44.508904],[-73.274394,44.508887],[-73.274405,44.50887],[-73.274413,44.508849],[-73.274425,44.508813],[-73.274433,44.508779],[-73.274447,44.50875],[-73.27446,44.508727],[-73.274477,44.508705],[-73.274503,44.508679],[-73.274521,44.508656],[-73.274536,44.508635],[-73.274553,44.508604],[-73.274567,44.508582],[-73.274579,44.508559],[-73.274598,44.508529],[-73.274618,44.508498],[-73.274631,44.508478],[-73.274646,44.508451],[-73.274663,44.508421],[-73.274679,44.508389],[-73.274695,44.50836],[-73.27471,44.508327],[-73.274722,44.508301],[-73.274735,44.508278],[-73.274747,44.50825],[-73.274755,44.508224],[-73.274761,44.508196],[-73.274762,44.508163],[-73.274759,44.50814],[-73.274759,44.508117],[-73.274765,44.508089],[-73.274781,44.508048],[-73.274798,44.508011],[-73.274813,44.507989],[-73.274831,44.507965],[-73.274844,44.507942],[-73.274852,44.507924],[-73.274867,44.507903],[-73.27489,44.50788],[-73.274915,44.507863],[-73.274941,44.507845],[-73.274967,44.507825],[-73.274992,44.507803],[-73.275014,44.507777],[-73.275038,44.507746],[-73.275054,44.507726],[-73.275076,44.507707],[-73.275108,44.507679],[-73.275151,44.507647],[-73.275179,44.507624],[-73.2752,44.507606],[-73.275228,44.50758],[-73.275259,44.507551],[-73.275292,44.507522],[-73.275322,44.507494],[-73.27535,44.507477],[-73.275391,44.507452],[-73.275423,44.507435],[-73.275457,44.50742],[-73.27548,44.507406],[-73.275502,44.507391],[-73.27552,44.507372],[-73.275534,44.507351],[-73.275546,44.507339],[-73.275572,44.507319],[-73.275606,44.507298],[-73.275641,44.507276],[-73.275679,44.507257],[-73.275709,44.507245],[-73.275745,44.507232],[-73.275779,44.507221],[-73.275808,44.507206],[-73.275834,44.507193],[-73.275855,44.507176],[-73.27587,44.507158],[-73.27588,44.507134],[-73.275884,44.507107],[-73.27589,44.507074],[-73.275895,44.507048],[-73.275899,44.507008],[-73.275909,44.506973],[-73.275924,44.506951],[-73.275947,44.506924],[-73.275966,44.506902],[-73.275982,44.506881],[-73.276002,44.506859],[-73.276029,44.50683],[-73.276075,44.506798],[-73.2761,44.506779],[-73.276133,44.506763],[-73.276167,44.506748],[-73.276193,44.506739],[-73.276222,44.506729],[-73.276246,44.506718],[-73.276266,44.506704],[-73.276281,44.506691],[-73.276287,44.506675],[-73.276285,44.506657],[-73.276293,44.506638],[-73.276304,44.506624],[-73.276327,44.50661],[-73.276356,44.506595],[-73.276404,44.506569],[-73.27643,44.506558],[-73.276464,44.506546],[-73.276488,44.506537],[-73.276525,44.506521],[-73.276552,44.506508],[-73.276577,44.506499],[-73.276608,44.506494],[-73.276634,44.50649],[-73.276658,44.50649],[-73.276691,44.506496],[-73.276727,44.506504],[-73.276749,44.506521],[-73.276767,44.506538],[-73.276778,44.506552],[-73.276789,44.506558],[-73.276807,44.506561],[-73.276822,44.506558],[-73.276833,44.506551],[-73.276844,44.506541],[-73.276862,44.50652],[-73.276876,44.506505],[-73.276892,44.506485],[-73.276901,44.506469],[-73.276909,44.506446],[-73.276913,44.50643],[-73.276918,44.506416],[-73.276925,44.506399],[-73.276936,44.506379],[-73.276948,44.506356],[-73.276962,44.506334],[-73.276974,44.506309],[-73.276986,44.506281],[-73.276997,44.506253],[-73.277003,44.506222],[-73.277009,44.506192],[-73.277012,44.506167],[-73.277012,44.506141],[-73.277001,44.506093],[-73.276987,44.506052],[-73.27697,44.506006],[-73.27696,44.505965],[-73.276957,44.505923],[-73.276952,44.50589],[-73.276948,44.505861],[-73.276942,44.50584],[-73.276931,44.505815],[-73.27691,44.50579],[-73.276895,44.505766],[-73.276885,44.505739],[-73.276876,44.505709],[-73.276866,44.505673],[-73.276862,44.505645],[-73.276861,44.505623],[-73.276857,44.5056],[-73.276848,44.505573],[-73.276836,44.505551],[-73.276816,44.505528],[-73.276801,44.505506],[-73.27679,44.505488],[-73.276777,44.505461],[-73.276755,44.505431],[-73.276733,44.505404],[-73.276711,44.505373],[-73.276695,44.505352],[-73.276679,44.505333],[-73.276656,44.505295],[-73.276641,44.505273],[-73.276623,44.505249],[-73.276601,44.505228],[-73.276573,44.505205],[-73.276551,44.505182],[-73.276528,44.505156],[-73.276508,44.505128],[-73.276487,44.505094],[-73.276469,44.505059],[-73.276449,44.505025],[-73.276428,44.504996],[-73.276408,44.504963],[-73.276388,44.504933],[-73.276364,44.504906],[-73.276335,44.504878],[-73.276307,44.504856],[-73.276271,44.504833],[-73.276231,44.504809],[-73.276196,44.504792],[-73.276164,44.504779],[-73.276124,44.504769],[-73.276083,44.504761],[-73.276042,44.504758],[-73.276007,44.50476],[-73.275963,44.504768],[-73.275928,44.504775],[-73.275896,44.504775],[-73.275868,44.504774],[-73.275838,44.504774],[-73.275794,44.504765],[-73.275757,44.504757],[-73.275708,44.504744],[-73.275659,44.504732],[-73.275624,44.504722],[-73.275587,44.504715],[-73.275557,44.504706],[-73.275515,44.504691],[-73.275478,44.504671],[-73.275451,44.504656],[-73.275415,44.504637],[-73.275374,44.504614],[-73.27534,44.504593],[-73.275302,44.50457],[-73.27527,44.50455],[-73.275228,44.504522],[-73.275193,44.504499],[-73.275171,44.504484],[-73.27515,44.504464],[-73.275132,44.504443],[-73.275107,44.504416],[-73.275087,44.504389],[-73.275052,44.504346],[-73.275035,44.504319],[-73.275018,44.504287],[-73.275004,44.504263],[-73.274989,44.504234],[-73.274977,44.504202],[-73.274974,44.504178],[-73.274976,44.504163],[-73.274985,44.504143],[-73.275001,44.504121],[-73.275021,44.504103],[-73.275051,44.504082],[-73.275071,44.504063],[-73.275089,44.504041],[-73.275105,44.504019],[-73.275114,44.503987],[-73.275116,44.503943],[-73.275119,44.503923],[-73.275126,44.503889],[-73.275139,44.503865],[-73.275156,44.50384],[-73.275175,44.503815],[-73.275186,44.503794],[-73.275194,44.503773],[-73.275198,44.503746],[-73.275202,44.503723],[-73.275213,44.503692],[-73.275224,44.503658],[-73.275235,44.503626],[-73.27524,44.503597],[-73.275246,44.503553],[-73.275245,44.503518],[-73.275243,44.503487],[-73.275237,44.503456],[-73.275231,44.503426],[-73.275224,44.503398],[-73.27521,44.503372],[-73.27519,44.50335],[-73.275161,44.503319],[-73.275111,44.50328],[-73.275075,44.503248],[-73.275048,44.503216],[-73.275023,44.503185],[-73.274998,44.503157],[-73.274973,44.503126],[-73.274942,44.503092],[-73.274919,44.503072],[-73.274894,44.503058],[-73.27487,44.503045],[-73.274851,44.503037],[-73.274835,44.503027],[-73.274817,44.503013],[-73.274797,44.502988],[-73.274773,44.50296],[-73.274757,44.502937],[-73.274735,44.502912],[-73.274717,44.502895],[-73.274693,44.502874],[-73.274684,44.502856],[-73.274682,44.50284],[-73.27468,44.502822],[-73.274675,44.502808],[-73.274669,44.502798],[-73.274655,44.502782],[-73.274631,44.50277],[-73.274622,44.502759],[-73.274624,44.502749],[-73.274625,44.502736],[-73.274612,44.502731],[-73.274597,44.502732],[-73.274582,44.502726],[-73.274563,44.502715],[-73.274531,44.502702],[-73.274497,44.502697],[-73.27445,44.502695],[-73.274414,44.502692],[-73.274389,44.502689],[-73.274366,44.502683],[-73.274337,44.502668],[-73.274313,44.502648],[-73.274294,44.502635],[-73.274271,44.502625],[-73.274249,44.502621],[-73.274217,44.502621],[-73.274197,44.502618],[-73.274168,44.502608],[-73.274141,44.502597],[-73.274103,44.502574],[-73.274074,44.50255],[-73.274048,44.50253],[-73.27402,44.502509],[-73.27399,44.502492],[-73.273949,44.502469],[-73.273914,44.50245],[-73.273881,44.502427],[-73.273846,44.502405],[-73.273809,44.502391],[-73.273773,44.502376],[-73.273732,44.502358],[-73.2737,44.502337],[-73.273656,44.502311],[-73.273616,44.502287],[-73.273576,44.502267],[-73.273529,44.502237],[-73.273493,44.502215],[-73.273448,44.502186],[-73.273393,44.502145],[-73.273357,44.502114],[-73.273321,44.50209],[-73.273296,44.502072],[-73.273272,44.502051],[-73.273241,44.502022],[-73.273208,44.501996],[-73.273173,44.501967],[-73.273142,44.501943],[-73.273092,44.501903],[-73.273058,44.501873],[-73.273028,44.501843],[-73.272996,44.50181],[-73.272956,44.501774],[-73.272927,44.501742],[-73.272898,44.501712],[-73.272856,44.501674],[-73.272813,44.501632],[-73.272764,44.50159],[-73.27272,44.501554],[-73.272681,44.501521],[-73.272643,44.501483],[-73.27261,44.501449],[-73.272582,44.501416],[-73.272555,44.501375],[-73.272536,44.50134],[-73.272512,44.501297],[-73.272499,44.501264],[-73.272486,44.501234],[-73.27248,44.501193],[-73.272474,44.501149],[-73.272476,44.501116],[-73.272481,44.501082],[-73.272487,44.501041],[-73.272495,44.501023],[-73.272513,44.501004],[-73.272553,44.50097],[-73.272579,44.500949],[-73.272601,44.500929],[-73.272623,44.500903],[-73.272637,44.500882],[-73.272646,44.500862],[-73.27265,44.50083],[-73.272652,44.500804],[-73.272659,44.500778],[-73.272671,44.500761],[-73.272681,44.500737],[-73.272697,44.500709],[-73.272718,44.500682],[-73.272738,44.500659],[-73.272757,44.500641],[-73.272778,44.500625],[-73.272804,44.50061],[-73.272826,44.5006],[-73.272853,44.500588],[-73.272879,44.500577],[-73.272887,44.500572],[-73.272894,44.500565],[-73.272897,44.500552],[-73.272903,44.500536],[-73.272907,44.500514],[-73.272913,44.500494],[-73.272918,44.500466],[-73.272921,44.500433],[-73.272921,44.500408],[-73.272918,44.500381],[-73.272915,44.500358],[-73.272906,44.500341],[-73.2729,44.500317],[-73.272897,44.500288],[-73.272895,44.500259],[-73.272896,44.500232],[-73.2729,44.500217],[-73.272908,44.500203],[-73.272913,44.500188],[-73.272912,44.500168],[-73.272909,44.500147],[-73.2729,44.500117],[-73.272897,44.500095],[-73.272898,44.500076],[-73.272903,44.500056],[-73.272916,44.500034],[-73.272938,44.500004],[-73.272957,44.499979],[-73.272974,44.499958],[-73.272992,44.499947],[-73.273012,44.499938],[-73.273038,44.499931],[-73.27306,44.499922],[-73.27309,44.499904],[-73.273113,44.499885],[-73.273145,44.499863],[-73.273187,44.499838],[-73.273225,44.499817],[-73.273252,44.4998],[-73.273279,44.499775],[-73.273301,44.499753],[-73.27332,44.499734],[-73.273335,44.499715],[-73.273344,44.4997],[-73.273355,44.499673],[-73.273361,44.499643],[-73.27337,44.499621],[-73.27339,44.499586],[-73.273413,44.499558],[-73.273422,44.499547],[-73.273439,44.499538],[-73.273478,44.499521],[-73.273512,44.499501],[-73.273543,44.499478],[-73.27357,44.499442],[-73.273587,44.49941],[-73.273597,44.499381],[-73.2736,44.499338],[-73.273596,44.499299],[-73.273594,44.499273],[-73.273598,44.499246],[-73.273608,44.499214],[-73.273614,44.499178],[-73.27362,44.499153],[-73.273629,44.49912],[-73.273639,44.499088],[-73.273652,44.499054],[-73.273665,44.499008],[-73.273674,44.49896],[-73.273678,44.498929],[-73.273678,44.498915],[-73.273674,44.498901],[-73.273656,44.498868],[-73.273629,44.498823],[-73.273616,44.498798],[-73.273609,44.498767],[-73.273601,44.498725],[-73.2736,44.498685],[-73.273602,44.49865],[-73.273607,44.498615],[-73.273613,44.498584],[-73.273623,44.498546],[-73.273629,44.498497],[-73.273627,44.498458],[-73.273621,44.498431],[-73.273619,44.498401],[-73.273618,44.498357],[-73.273623,44.498313],[-73.273626,44.498283],[-73.273625,44.498255],[-73.273619,44.49822],[-73.273612,44.498179],[-73.273601,44.498136],[-73.273596,44.498101],[-73.273594,44.498071],[-73.273592,44.498034],[-73.273596,44.498006],[-73.273601,44.497982],[-73.273612,44.497947],[-73.273622,44.497923],[-73.273637,44.497897],[-73.273661,44.497859],[-73.273678,44.497839],[-73.273707,44.497805],[-73.273724,44.497784],[-73.273747,44.497761],[-73.273763,44.497743],[-73.273782,44.497724],[-73.273802,44.497701],[-73.273825,44.497677],[-73.273847,44.497644],[-73.27387,44.497608],[-73.273883,44.497581],[-73.273896,44.497556],[-73.273904,44.497526],[-73.273905,44.49749],[-73.273893,44.497461],[-73.273874,44.497433],[-73.273863,44.497413],[-73.273854,44.497392],[-73.27385,44.497367],[-73.273855,44.497345],[-73.27386,44.497326],[-73.273866,44.497312],[-73.273876,44.497293],[-73.273888,44.497276],[-73.273902,44.497261],[-73.273913,44.497249],[-73.273915,44.497238],[-73.273916,44.497227],[-73.273911,44.497218],[-73.273909,44.497206],[-73.27392,44.497183],[-73.273927,44.497174],[-73.273931,44.497162],[-73.273941,44.49715],[-73.273949,44.497141],[-73.273954,44.497135],[-73.273955,44.497128],[-73.273947,44.49712],[-73.273932,44.497119],[-73.273918,44.497121],[-73.273908,44.497126],[-73.273899,44.497137],[-73.273896,44.497144],[-73.273892,44.497151],[-73.273878,44.497159],[-73.273851,44.497174],[-73.273834,44.497181],[-73.27382,44.497194],[-73.273809,44.497207],[-73.273796,44.49722],[-73.273778,44.497229],[-73.273758,44.497236],[-73.273739,44.497247],[-73.273729,44.497256],[-73.273715,44.497275],[-73.273709,44.497296],[-73.273708,44.497319],[-73.273699,44.497347],[-73.273689,44.497367],[-73.273668,44.497387],[-73.273641,44.497418],[-73.273613,44.497446],[-73.273587,44.497478],[-73.273559,44.497507],[-73.273526,44.497531],[-73.273503,44.497553],[-73.273487,44.49758],[-73.273481,44.497587],[-73.27347,44.497594],[-73.273459,44.497598],[-73.273447,44.497605],[-73.273436,44.497614],[-73.273425,44.497631],[-73.273415,44.49765],[-73.273407,44.497663],[-73.273394,44.497682],[-73.273384,44.497708],[-73.273369,44.497743],[-73.273356,44.497766],[-73.273341,44.497783],[-73.273318,44.497805],[-73.273299,44.497823],[-73.273283,44.497844],[-73.273275,44.497867],[-73.273268,44.497904],[-73.273258,44.497933],[-73.273247,44.497961],[-73.273237,44.497979],[-73.273224,44.498],[-73.273208,44.498016],[-73.273189,44.498028],[-73.27316,44.498041],[-73.273136,44.49806],[-73.273109,44.498089],[-73.273078,44.498124],[-73.27305,44.498168],[-73.273033,44.4982],[-73.273011,44.498245],[-73.272987,44.498289],[-73.272949,44.498327],[-73.272906,44.49836],[-73.272868,44.498389],[-73.272828,44.498422],[-73.272782,44.498456],[-73.272748,44.498484],[-73.272726,44.498504],[-73.272698,44.498535],[-73.272689,44.498551],[-73.272683,44.498567],[-73.272677,44.49861],[-73.272668,44.498665],[-73.272663,44.498683],[-73.272653,44.498704],[-73.272631,44.498732],[-73.272596,44.498766],[-73.27257,44.498794],[-73.272541,44.498826],[-73.27252,44.498849],[-73.272503,44.498875],[-73.272491,44.4989],[-73.272486,44.498927],[-73.272479,44.498954],[-73.272469,44.498988],[-73.272445,44.499032],[-73.272421,44.499063],[-73.272395,44.499091],[-73.272372,44.49911],[-73.272348,44.499131],[-73.272338,44.499145],[-73.272322,44.499169],[-73.272305,44.499204],[-73.272289,44.499229],[-73.272273,44.499262],[-73.272252,44.499291],[-73.272229,44.499319],[-73.272206,44.499357],[-73.272183,44.499389],[-73.272169,44.499424],[-73.272157,44.499465],[-73.272147,44.499507],[-73.272139,44.499545],[-73.272126,44.499587],[-73.272103,44.499628],[-73.272087,44.49966],[-73.27207,44.499698],[-73.272058,44.499736],[-73.272048,44.499779],[-73.272039,44.499828],[-73.272034,44.499851],[-73.272024,44.499882],[-73.272015,44.499915],[-73.271999,44.499955],[-73.271982,44.499996],[-73.271958,44.500037],[-73.27194,44.500063],[-73.27191,44.500102],[-73.271884,44.500137],[-73.27186,44.500171],[-73.271839,44.500198],[-73.271827,44.500217],[-73.271808,44.500246],[-73.271784,44.50028],[-73.271757,44.500318],[-73.271727,44.500351],[-73.271703,44.500388],[-73.271685,44.500421],[-73.271667,44.500461],[-73.271645,44.500506],[-73.271632,44.500544],[-73.271625,44.500579],[-73.271621,44.500613],[-73.271614,44.500653],[-73.271611,44.500684],[-73.271606,44.50072],[-73.271603,44.50075],[-73.271605,44.500776],[-73.271612,44.500803],[-73.271624,44.500833],[-73.271645,44.500863],[-73.271672,44.500894],[-73.271691,44.500915],[-73.271702,44.500932],[-73.271709,44.500949],[-73.27171,44.500972],[-73.271709,44.501001],[-73.271705,44.501026],[-73.271698,44.501054],[-73.271689,44.501082],[-73.271684,44.501106],[-73.271686,44.501123],[-73.27169,44.501144],[-73.271703,44.501164],[-73.271718,44.501183],[-73.271747,44.5012],[-73.271774,44.501218],[-73.271792,44.501228],[-73.271822,44.501244],[-73.271853,44.501258],[-73.271879,44.501271],[-73.271896,44.501281],[-73.271904,44.501294],[-73.271908,44.501318],[-73.271907,44.501349],[-73.27191,44.501385],[-73.271915,44.501411],[-73.271921,44.501445],[-73.271929,44.501471],[-73.271938,44.501509],[-73.271943,44.501554],[-73.27194,44.501588],[-73.271933,44.501626],[-73.271929,44.501655],[-73.271927,44.501681],[-73.271923,44.501699],[-73.271907,44.501717],[-73.271889,44.501735],[-73.271877,44.50175],[-73.271872,44.50177],[-73.271868,44.501796],[-73.271867,44.501815],[-73.27187,44.501832],[-73.271876,44.501847],[-73.271893,44.501865],[-73.271912,44.501881],[-73.271939,44.501905],[-73.271954,44.501922],[-73.27196,44.50194],[-73.271963,44.501965],[-73.271957,44.501997],[-73.271946,44.502029],[-73.271937,44.502054],[-73.271932,44.502071],[-73.271931,44.502087],[-73.271938,44.502096],[-73.271954,44.502111],[-73.271973,44.502123],[-73.271997,44.502136],[-73.272022,44.502153],[-73.272043,44.502176],[-73.272055,44.502199],[-73.272066,44.502228],[-73.272076,44.502264],[-73.272084,44.502295],[-73.272087,44.502326],[-73.272087,44.502361],[-73.272088,44.502394],[-73.272084,44.502417],[-73.272076,44.502452],[-73.27207,44.502491],[-73.27207,44.502526],[-73.272068,44.502561],[-73.272074,44.502598],[-73.272081,44.502618],[-73.272097,44.502641],[-73.272112,44.502659],[-73.272127,44.502679],[-73.272138,44.502704],[-73.272147,44.502735],[-73.272147,44.502756],[-73.272145,44.502787],[-73.272148,44.502808],[-73.272154,44.50283],[-73.272167,44.502853],[-73.272173,44.502878],[-73.272175,44.5029],[-73.272171,44.502938],[-73.272158,44.50298],[-73.272148,44.503016],[-73.272135,44.503044],[-73.272113,44.503075],[-73.272089,44.503107],[-73.272053,44.503158],[-73.272029,44.503202],[-73.272009,44.503243],[-73.271981,44.503283],[-73.271955,44.503321],[-73.271927,44.503355],[-73.271898,44.503378],[-73.271869,44.503397],[-73.271832,44.503419],[-73.271802,44.503438],[-73.271774,44.503457],[-73.27174,44.503476],[-73.271698,44.503511],[-73.271664,44.503542],[-73.271635,44.503566],[-73.271602,44.503587],[-73.271541,44.503622],[-73.271481,44.503655],[-73.271416,44.503683],[-73.271347,44.503712],[-73.271286,44.503736],[-73.271231,44.503754],[-73.27119,44.503771],[-73.271165,44.503786],[-73.27115,44.503799],[-73.271141,44.503813],[-73.271134,44.503839],[-73.271133,44.503856],[-73.271139,44.503874],[-73.270621,44.504036],[-73.270323,44.504128],[-73.27007,44.504204],[-73.269858,44.504234],[-73.26977,44.504249],[-73.269374,44.5043],[-73.269192,44.504323],[-73.2691,44.504333],[-73.269038,44.50434],[-73.268959,44.504345],[-73.268865,44.504351],[-73.268777,44.504355],[-73.268672,44.504359],[-73.268467,44.504365],[-73.268298,44.504364],[-73.268135,44.504362],[-73.268,44.504361],[-73.268,44.504329],[-73.267999,44.50432],[-73.267994,44.504315],[-73.267969,44.504312],[-73.267886,44.504314],[-73.267867,44.504318],[-73.267859,44.50433],[-73.267857,44.504338],[-73.267851,44.504342],[-73.267826,44.50434],[-73.267752,44.504339],[-73.267632,44.50433],[-73.267574,44.504329],[-73.267551,44.504332],[-73.267542,44.504338],[-73.267531,44.504348],[-73.267523,44.504352],[-73.26751,44.504356],[-73.267486,44.504356],[-73.26727,44.504346],[-73.267149,44.504338],[-73.267028,44.504329],[-73.266951,44.504324],[-73.26688,44.504321],[-73.266795,44.504318],[-73.266715,44.504313],[-73.266616,44.504309],[-73.266514,44.504307],[-73.266403,44.504302],[-73.266314,44.504296],[-73.266205,44.504288],[-73.266105,44.504282],[-73.266035,44.504279],[-73.265912,44.50427],[-73.265797,44.50426],[-73.265696,44.504251],[-73.265625,44.504244],[-73.265566,44.504236],[-73.26547,44.504223],[-73.265383,44.504212],[-73.265291,44.504205],[-73.265154,44.504192],[-73.265045,44.504181],[-73.264862,44.504161],[-73.26474,44.504148],[-73.264622,44.504136],[-73.264527,44.504125],[-73.264436,44.504113],[-73.264316,44.504101],[-73.264306,44.504103],[-73.264183,44.504087],[-73.264089,44.504075],[-73.263925,44.504059],[-73.263704,44.504037],[-73.26358,44.504027],[-73.263463,44.504016],[-73.263283,44.503997],[-73.263135,44.503977],[-73.262951,44.503954],[-73.262748,44.503929],[-73.262657,44.503918],[-73.262645,44.503912],[-73.262637,44.503904],[-73.262622,44.503885],[-73.262607,44.50387],[-73.262578,44.503861],[-73.262515,44.503847],[-73.262461,44.503837],[-73.26244,44.503838],[-73.262426,44.503842],[-73.262401,44.50384],[-73.262387,44.503832],[-73.262372,44.503824],[-73.262331,44.503816],[-73.262283,44.503809],[-73.262248,44.503806],[-73.262219,44.503809],[-73.262189,44.503819],[-73.262168,44.503834],[-73.262156,44.503844],[-73.262145,44.503846],[-73.262129,44.503844],[-73.262098,44.503837],[-73.262042,44.503829],[-73.261936,44.503816],[-73.261873,44.503818],[-73.261848,44.503817],[-73.261817,44.503818],[-73.26178,44.503823],[-73.261757,44.503824],[-73.261739,44.503823],[-73.261709,44.503822],[-73.261663,44.503814],[-73.26154,44.503793],[-73.261405,44.50377],[-73.261273,44.503752],[-73.261151,44.503733],[-73.261101,44.503723],[-73.260971,44.503697],[-73.26087,44.503678],[-73.260712,44.503648],[-73.260597,44.503626],[-73.260503,44.503604],[-73.260393,44.50358],[-73.260299,44.50356],[-73.26026,44.503552],[-73.26024,44.503546],[-73.260219,44.50354],[-73.260208,44.503535],[-73.260203,44.503529],[-73.260203,44.503519],[-73.260207,44.50351],[-73.260218,44.503486],[-73.260219,44.503479],[-73.26021,44.503473],[-73.260166,44.503462],[-73.260099,44.503451],[-73.26004,44.503438],[-73.259961,44.503423],[-73.259931,44.503419],[-73.259918,44.503422],[-73.259913,44.503427],[-73.259904,44.503446],[-73.259531,44.503367],[-73.259489,44.503361],[-73.259353,44.503334],[-73.259225,44.503308],[-73.259195,44.503301],[-73.259177,44.503302],[-73.25916,44.503301],[-73.259137,44.503299],[-73.259104,44.503294],[-73.259065,44.503283],[-73.259028,44.503274],[-73.259007,44.503269],[-73.258976,44.503264],[-73.258931,44.503255],[-73.258905,44.503245],[-73.258885,44.50324],[-73.258845,44.503235],[-73.25881,44.503234],[-73.258789,44.503237],[-73.258769,44.503244],[-73.258754,44.503245],[-73.258712,44.503239],[-73.258675,44.503235],[-73.25864,44.503229],[-73.258615,44.503221],[-73.258595,44.503209],[-73.258513,44.503168],[-73.258455,44.503155],[-73.258444,44.503149],[-73.258439,44.503144],[-73.258436,44.503139],[-73.258436,44.503124],[-73.258433,44.503116],[-73.258424,44.503111],[-73.258401,44.503103],[-73.258366,44.5031],[-73.258324,44.503093],[-73.258262,44.503076],[-73.258206,44.503062],[-73.258135,44.503042],[-73.258094,44.503029],[-73.258059,44.503023],[-73.258035,44.503022],[-73.258005,44.503023],[-73.257988,44.503023],[-73.257968,44.503022],[-73.257929,44.503015],[-73.257829,44.502992],[-73.257597,44.502938],[-73.257425,44.502898],[-73.25724,44.502852],[-73.257139,44.502823],[-73.25711,44.502815],[-73.257014,44.502792],[-73.256887,44.502759],[-73.256709,44.502719],[-73.256556,44.502673],[-73.256324,44.50261],[-73.25616,44.502567],[-73.255979,44.502522],[-73.255805,44.502485],[-73.255668,44.502453],[-73.255544,44.502425],[-73.255409,44.50239],[-73.255283,44.502356],[-73.255148,44.502317],[-73.255008,44.502277],[-73.254851,44.502229],[-73.254721,44.502186],[-73.254584,44.502142],[-73.254542,44.502131],[-73.254408,44.502095],[-73.254206,44.502039],[-73.254012,44.501988],[-73.253866,44.501947],[-73.253737,44.501907],[-73.253595,44.501865],[-73.253454,44.501824],[-73.253291,44.501774],[-73.253157,44.501735],[-73.253087,44.501711],[-73.25306,44.5017],[-73.253037,44.501686],[-73.253022,44.501672],[-73.253008,44.501649],[-73.252991,44.501634],[-73.252955,44.501619],[-73.252917,44.50161],[-73.252874,44.501604],[-73.252849,44.501597],[-73.252814,44.501588],[-73.252789,44.50158],[-73.252735,44.501566],[-73.252674,44.501553],[-73.252525,44.501505],[-73.252357,44.501451],[-73.252206,44.501403],[-73.25201,44.501341],[-73.251865,44.501292],[-73.251732,44.50125],[-73.251573,44.501199],[-73.251456,44.501155],[-73.251346,44.501117],[-73.251251,44.501082],[-73.251123,44.501034],[-73.250983,44.500985],[-73.250766,44.500911],[-73.250591,44.500848],[-73.250521,44.50082],[-73.250414,44.500776],[-73.25029,44.500732],[-73.25014,44.500684],[-73.250005,44.500636],[-73.24993,44.500609],[-73.24988,44.500586],[-73.249844,44.500567],[-73.249781,44.500533],[-73.249745,44.50051],[-73.249734,44.5005],[-73.249723,44.500477],[-73.249705,44.500456],[-73.24968,44.500438],[-73.24965,44.50042],[-73.249615,44.500402],[-73.249631,44.500383],[-73.24949,44.500324],[-73.249483,44.500333],[-73.249469,44.500326],[-73.249374,44.500295],[-73.249349,44.500286],[-73.249332,44.500279],[-73.249263,44.500249],[-73.249216,44.50023],[-73.249162,44.500204],[-73.249123,44.500185],[-73.249076,44.500162],[-73.249035,44.500139],[-73.249003,44.500126],[-73.248964,44.500101],[-73.24893,44.500082],[-73.248907,44.500064],[-73.248875,44.500048],[-73.248846,44.500037],[-73.248819,44.500022],[-73.248795,44.500006],[-73.248758,44.499979],[-73.248728,44.499967],[-73.248698,44.499961],[-73.24868,44.499958],[-73.248664,44.499951],[-73.248638,44.499936],[-73.248602,44.499915],[-73.248552,44.49989],[-73.248526,44.499876],[-73.248493,44.499865],[-73.248471,44.499853],[-73.248451,44.49984],[-73.248442,44.499828],[-73.248421,44.499821],[-73.2484,44.499818],[-73.248377,44.499819],[-73.248359,44.499827],[-73.247863,44.499506],[-73.247803,44.499543],[-73.247637,44.499431],[-73.247431,44.499288],[-73.247193,44.499134],[-73.247121,44.499075],[-73.247019,44.498989],[-73.2469,44.49889],[-73.246803,44.498813],[-73.246712,44.498737],[-73.246624,44.498669],[-73.246527,44.498593],[-73.246476,44.49855],[-73.246427,44.498496],[-73.246409,44.498465],[-73.246392,44.498437],[-73.24637,44.498386],[-73.246349,44.49833],[-73.246341,44.498284],[-73.246341,44.498257],[-73.246347,44.498239],[-73.246365,44.498202],[-73.246381,44.49818],[-73.246406,44.498161],[-73.246435,44.498141],[-73.246478,44.498116],[-73.246532,44.49808],[-73.246576,44.498052],[-73.246632,44.498024],[-73.246683,44.497999],[-73.246743,44.497974],[-73.246788,44.49796],[-73.246845,44.497946],[-73.24691,44.497926],[-73.246954,44.497909],[-73.246985,44.497887],[-73.246997,44.497876],[-73.247003,44.497868],[-73.247003,44.497862],[-73.246997,44.49785],[-73.246977,44.497835],[-73.246954,44.497818],[-73.246937,44.497801],[-73.246932,44.497781],[-73.246932,44.497746],[-73.246925,44.49767],[-73.246921,44.497608],[-73.246921,44.497594],[-73.246924,44.497574],[-73.246931,44.497548],[-73.246943,44.497524],[-73.246984,44.497441],[-73.247002,44.497415],[-73.247011,44.49739],[-73.247013,44.497359],[-73.247017,44.497324],[-73.247028,44.497313],[-73.247044,44.49731],[-73.247064,44.497313],[-73.247082,44.497319],[-73.247114,44.497337],[-73.247142,44.497343],[-73.247176,44.497344],[-73.247208,44.497335],[-73.247231,44.497324],[-73.247252,44.497311],[-73.247269,44.497298],[-73.247284,44.49728],[-73.247298,44.49725],[-73.247305,44.497221],[-73.24731,44.497184],[-73.247316,44.497145],[-73.247328,44.497116],[-73.247338,44.497105],[-73.247355,44.497097],[-73.247392,44.497091],[-73.247429,44.497078],[-73.247442,44.497068],[-73.247455,44.497054],[-73.247475,44.497028],[-73.247496,44.496997],[-73.247527,44.496956],[-73.247552,44.496932],[-73.247576,44.496914],[-73.247593,44.496903],[-73.247603,44.496896],[-73.247609,44.496886],[-73.247616,44.496865],[-73.247622,44.496835],[-73.247635,44.496806],[-73.247646,44.49679],[-73.247667,44.496767],[-73.247672,44.496742],[-73.247667,44.496723],[-73.247659,44.496698],[-73.247643,44.496674],[-73.247624,44.496661],[-73.247618,44.496648],[-73.247618,44.49663],[-73.247627,44.496614],[-73.247639,44.496605],[-73.247657,44.496599],[-73.247679,44.496599],[-73.247711,44.496604],[-73.24774,44.496614],[-73.247757,44.496616],[-73.24777,44.496614],[-73.247781,44.496606],[-73.247779,44.496592],[-73.247767,44.496565],[-73.247765,44.496543],[-73.247772,44.496518],[-73.247787,44.496489],[-73.247796,44.496462],[-73.2478,44.496436],[-73.247807,44.496408],[-73.247815,44.496363],[-73.247826,44.496335],[-73.247838,44.496307],[-73.247855,44.49627],[-73.247862,44.496248],[-73.247865,44.496224],[-73.247871,44.496194],[-73.247871,44.496179],[-73.247859,44.496164],[-73.247839,44.49615],[-73.247807,44.496137],[-73.247781,44.496122],[-73.247769,44.496112],[-73.247758,44.496098],[-73.24775,44.49608],[-73.247747,44.496054],[-73.247738,44.496005],[-73.247735,44.495967],[-73.24773,44.495928],[-73.247719,44.495904],[-73.247705,44.495881],[-73.247697,44.49587],[-73.247685,44.495864],[-73.247645,44.495849],[-73.247611,44.495834],[-73.247568,44.495822],[-73.247483,44.495803],[-73.247394,44.495785],[-73.247318,44.495772],[-73.247261,44.495765],[-73.247217,44.495765],[-73.247164,44.495776],[-73.247122,44.495794],[-73.247093,44.495816],[-73.247075,44.495826],[-73.24706,44.495831],[-73.247037,44.495834],[-73.247013,44.49583],[-73.246985,44.495823],[-73.246935,44.495807],[-73.24688,44.49578],[-73.246848,44.495769],[-73.246822,44.49576],[-73.246788,44.495756],[-73.24676,44.495753],[-73.246742,44.495756],[-73.246726,44.495761],[-73.246704,44.495765],[-73.246681,44.495764],[-73.246657,44.495756],[-73.246639,44.495742],[-73.246629,44.495724],[-73.246629,44.495714],[-73.246626,44.495703],[-73.246614,44.495691],[-73.246585,44.495684],[-73.246538,44.495683],[-73.246502,44.495692],[-73.246469,44.495704],[-73.246446,44.495724],[-73.24643,44.495743],[-73.246404,44.495758],[-73.246386,44.495768],[-73.246367,44.49577],[-73.246336,44.495765],[-73.246311,44.495753],[-73.246288,44.495739],[-73.246257,44.49571],[-73.246219,44.495672],[-73.246206,44.495655],[-73.246196,44.495637],[-73.246189,44.495578],[-73.246184,44.495527],[-73.24619,44.495459],[-73.246194,44.495406],[-73.2462,44.495379],[-73.24621,44.495339],[-73.246231,44.495294],[-73.246251,44.495265],[-73.246284,44.495239],[-73.246319,44.495227],[-73.246366,44.49522],[-73.246423,44.495217],[-73.246479,44.495219],[-73.246523,44.495221],[-73.246575,44.495226],[-73.246625,44.495237],[-73.246667,44.495249],[-73.246696,44.495257],[-73.246725,44.495258],[-73.246737,44.495254],[-73.246746,44.495248],[-73.246757,44.495224],[-73.246765,44.4952],[-73.24678,44.495179],[-73.24679,44.495164],[-73.246805,44.495151],[-73.246823,44.495137],[-73.246838,44.495122],[-73.246853,44.495099],[-73.246858,44.495077],[-73.246859,44.495026],[-73.246862,44.494988],[-73.246865,44.494973],[-73.246875,44.494957],[-73.24689,44.494936],[-73.246908,44.494914],[-73.246959,44.494876],[-73.246989,44.494856],[-73.247013,44.494837],[-73.247047,44.49481],[-73.247059,44.494794],[-73.247068,44.494778],[-73.247077,44.494758],[-73.24709,44.49474],[-73.247104,44.494731],[-73.247122,44.494726],[-73.247152,44.494719],[-73.247194,44.49472],[-73.247226,44.494721],[-73.247249,44.494717],[-73.247264,44.49471],[-73.24728,44.494696],[-73.247293,44.494669],[-73.247308,44.49465],[-73.247329,44.494635],[-73.24735,44.494622],[-73.247385,44.494616],[-73.247438,44.494613],[-73.247501,44.494612],[-73.247542,44.49461],[-73.247571,44.494607],[-73.24759,44.494603],[-73.247605,44.494592],[-73.247626,44.494565],[-73.247639,44.494533],[-73.247656,44.494506],[-73.247675,44.494467],[-73.24769,44.494446],[-73.247715,44.494426],[-73.247751,44.494412],[-73.247794,44.494401],[-73.247824,44.494387],[-73.247837,44.494379],[-73.247849,44.494368],[-73.247859,44.494358],[-73.247866,44.494346],[-73.247871,44.494334],[-73.247874,44.494319],[-73.247875,44.49429],[-73.247872,44.494262],[-73.247863,44.494233],[-73.247861,44.494207],[-73.247868,44.49418],[-73.24789,44.494149],[-73.247936,44.494107],[-73.247959,44.494087],[-73.247987,44.494071],[-73.248038,44.494044],[-73.248072,44.494024],[-73.248106,44.494003],[-73.248139,44.493983],[-73.248148,44.493974],[-73.248154,44.493966],[-73.248157,44.493948],[-73.248153,44.493929],[-73.248146,44.493914],[-73.248135,44.493901],[-73.248124,44.493877],[-73.248119,44.493855],[-73.248123,44.493839],[-73.248132,44.493819],[-73.248147,44.493795],[-73.248167,44.493772],[-73.248192,44.493746],[-73.248218,44.493727],[-73.24825,44.493707],[-73.24827,44.493693],[-73.248289,44.493681],[-73.2483,44.49367],[-73.248312,44.493651],[-73.248317,44.493632],[-73.248322,44.493616],[-73.248334,44.493603],[-73.248352,44.493586],[-73.248395,44.493552],[-73.24844,44.493521],[-73.248491,44.493488],[-73.248524,44.493467],[-73.248551,44.493443],[-73.248566,44.493423],[-73.248573,44.493409],[-73.248584,44.493392],[-73.248603,44.493374],[-73.248627,44.493352],[-73.248654,44.493334],[-73.248664,44.493323],[-73.248672,44.493307],[-73.248675,44.493299],[-73.248672,44.493288],[-73.248664,44.493268],[-73.24865,44.493248],[-73.248642,44.493232],[-73.248642,44.493214],[-73.248646,44.493196],[-73.248664,44.493176],[-73.248686,44.493156],[-73.248715,44.493133],[-73.248737,44.493114],[-73.248755,44.493098],[-73.248767,44.493082],[-73.248771,44.49307],[-73.248773,44.493052],[-73.248772,44.493034],[-73.24877,44.493019],[-73.248765,44.493006],[-73.248754,44.492992],[-73.248736,44.492975],[-73.248725,44.492956],[-73.24872,44.492943],[-73.24872,44.492926],[-73.248731,44.492884],[-73.248747,44.492829],[-73.24875,44.492801],[-73.248753,44.492772],[-73.248751,44.492733],[-73.248747,44.492706],[-73.248751,44.492682],[-73.248762,44.492665],[-73.248775,44.492655],[-73.248798,44.492648],[-73.248812,44.492645],[-73.248828,44.49264],[-73.248842,44.492633],[-73.248855,44.492626],[-73.248863,44.492616],[-73.248865,44.492602],[-73.248862,44.492594],[-73.248862,44.492575],[-73.248859,44.492553],[-73.248868,44.492539],[-73.248876,44.492516],[-73.24889,44.492501],[-73.248908,44.492479],[-73.248924,44.49247],[-73.248933,44.49246],[-73.248933,44.492448],[-73.248922,44.492431],[-73.248911,44.492411],[-73.248907,44.492393],[-73.248901,44.492366],[-73.248898,44.492325],[-73.248896,44.492281],[-73.248891,44.492219],[-73.248885,44.492152],[-73.248882,44.492101],[-73.248884,44.492074],[-73.248896,44.492034],[-73.248907,44.492001],[-73.248909,44.491987],[-73.248907,44.491977],[-73.248895,44.49195],[-73.248885,44.491917],[-73.248884,44.491885],[-73.24888,44.491851],[-73.248883,44.491821],[-73.248885,44.491784],[-73.248897,44.491756],[-73.248918,44.491723],[-73.248929,44.491699],[-73.248943,44.491677],[-73.248958,44.49165],[-73.248966,44.491629],[-73.248966,44.491609],[-73.248962,44.491577],[-73.248962,44.491545],[-73.248968,44.491518],[-73.24898,44.491487],[-73.248991,44.491449],[-73.249004,44.491409],[-73.249013,44.491388],[-73.249027,44.49137],[-73.249041,44.491345],[-73.249044,44.491324],[-73.249039,44.491307],[-73.24903,44.491295],[-73.249019,44.491286],[-73.248995,44.491263],[-73.248967,44.491245],[-73.248954,44.491229],[-73.248944,44.491216],[-73.248935,44.491186],[-73.248933,44.491164],[-73.248933,44.491141],[-73.248937,44.491116],[-73.248943,44.491098],[-73.248944,44.491082],[-73.248944,44.491068],[-73.248938,44.491043],[-73.248936,44.491015],[-73.248944,44.490988],[-73.248958,44.490969],[-73.248967,44.490946],[-73.248971,44.49093],[-73.248969,44.490914],[-73.248963,44.490905],[-73.248949,44.490874],[-73.248924,44.490831],[-73.2489,44.490794],[-73.248884,44.490765],[-73.248878,44.490755],[-73.248876,44.49074],[-73.248876,44.49071],[-73.248876,44.490676],[-73.248877,44.490644],[-73.248879,44.490613],[-73.248877,44.490576],[-73.248869,44.490552],[-73.248863,44.490534],[-73.248863,44.490521],[-73.248867,44.490505],[-73.248884,44.490484],[-73.248909,44.490465],[-73.248937,44.49045],[-73.248949,44.490439],[-73.248954,44.490426],[-73.248951,44.490408],[-73.248947,44.490386],[-73.248943,44.490371],[-73.248946,44.490355],[-73.248951,44.490342],[-73.248968,44.490328],[-73.248996,44.490296],[-73.249023,44.490269],[-73.249051,44.490244],[-73.249074,44.49022],[-73.249099,44.490197],[-73.249117,44.490176],[-73.249127,44.490163],[-73.249144,44.490141],[-73.249154,44.490124],[-73.249171,44.49009],[-73.24919,44.490057],[-73.249213,44.490018],[-73.249234,44.489987],[-73.249251,44.489965],[-73.249264,44.489945],[-73.249279,44.489921],[-73.249283,44.489895],[-73.249287,44.489841],[-73.249288,44.489807],[-73.24929,44.489775],[-73.249299,44.489758],[-73.249311,44.489737],[-73.24933,44.489716],[-73.249354,44.489695],[-73.249366,44.489683],[-73.249371,44.489664],[-73.249369,44.489645],[-73.249366,44.489619],[-73.249368,44.489598],[-73.249382,44.489576],[-73.249399,44.489557],[-73.249416,44.489536],[-73.249425,44.489514],[-73.249431,44.4895],[-73.249432,44.489487],[-73.249432,44.489471],[-73.24943,44.489455],[-73.249421,44.489436],[-73.249407,44.489422],[-73.249389,44.48941],[-73.249356,44.48938],[-73.249341,44.48937],[-73.249329,44.489353],[-73.249324,44.489335],[-73.249325,44.489311],[-73.249331,44.489287],[-73.249337,44.489268],[-73.249344,44.489244],[-73.249348,44.489218],[-73.249355,44.489181],[-73.249358,44.489165],[-73.249358,44.489149],[-73.249347,44.489113],[-73.249338,44.48908],[-73.249326,44.489039],[-73.24932,44.489004],[-73.249313,44.488953],[-73.249307,44.488901],[-73.249305,44.48887],[-73.249309,44.488856],[-73.249316,44.488846],[-73.249321,44.488833],[-73.249322,44.488819],[-73.249311,44.4888],[-73.249294,44.488784],[-73.249268,44.488769],[-73.249234,44.488752],[-73.249215,44.488738],[-73.2492,44.488719],[-73.24918,44.48869],[-73.24917,44.488656],[-73.249168,44.488632],[-73.249171,44.488606],[-73.24918,44.48858],[-73.249189,44.488561],[-73.249196,44.488542],[-73.249197,44.48852],[-73.249191,44.488502],[-73.249174,44.488473],[-73.249151,44.488433],[-73.249126,44.488406],[-73.249096,44.488381],[-73.249063,44.488353],[-73.24905,44.488342],[-73.249033,44.488334],[-73.249018,44.48833],[-73.248995,44.488328],[-73.248977,44.488322],[-73.248966,44.488312],[-73.248951,44.488298],[-73.24892,44.488278],[-73.248888,44.488252],[-73.248862,44.488228],[-73.248846,44.488209],[-73.248831,44.488188],[-73.248824,44.488169],[-73.248816,44.488148],[-73.24881,44.488137],[-73.248796,44.488128],[-73.248773,44.488112],[-73.24875,44.488103],[-73.248723,44.488094],[-73.248694,44.488089],[-73.248673,44.488085],[-73.24865,44.488081],[-73.248627,44.488072],[-73.248591,44.488055],[-73.248555,44.488045],[-73.248527,44.488036],[-73.248497,44.488031],[-73.248486,44.488024],[-73.248478,44.488018],[-73.248468,44.488004],[-73.248463,44.487999],[-73.248454,44.487996],[-73.248421,44.487995],[-73.248369,44.487994],[-73.248333,44.487998],[-73.248325,44.488],[-73.24832,44.488008],[-73.248314,44.488031],[-73.248297,44.488047],[-73.24826,44.488072],[-73.248224,44.488092],[-73.248189,44.488111],[-73.248176,44.488117],[-73.248156,44.488123],[-73.248117,44.488131],[-73.24807,44.48814],[-73.248022,44.488154],[-73.247985,44.488169],[-73.247953,44.488183],[-73.247912,44.488198],[-73.24789,44.488212],[-73.247864,44.488234],[-73.247827,44.488277],[-73.247802,44.488304],[-73.247769,44.48834],[-73.247738,44.488375],[-73.247708,44.488408],[-73.247668,44.488459],[-73.247627,44.4885],[-73.247597,44.488525],[-73.247576,44.48854],[-73.247551,44.488562],[-73.247511,44.488592],[-73.247469,44.488628],[-73.247427,44.488661],[-73.2474,44.488685],[-73.247392,44.488695],[-73.247384,44.488709],[-73.247376,44.488724],[-73.247374,44.488732],[-73.247376,44.488739],[-73.247381,44.488747],[-73.247382,44.488754],[-73.24738,44.48876],[-73.247368,44.488777],[-73.247344,44.4888],[-73.24734,44.488806],[-73.247337,44.488813],[-73.247338,44.488825],[-73.247343,44.488857],[-73.247345,44.488875],[-73.247341,44.488902],[-73.247333,44.488916],[-73.247324,44.488923],[-73.247311,44.488929],[-73.247289,44.488935],[-73.247272,44.488941],[-73.247251,44.488954],[-73.247247,44.48896],[-73.247249,44.488975],[-73.247257,44.488983],[-73.247271,44.488989],[-73.247275,44.488996],[-73.24728,44.489003],[-73.247276,44.489011],[-73.247246,44.489022],[-73.247212,44.489039],[-73.247198,44.489051],[-73.247195,44.489065],[-73.247198,44.489074],[-73.247209,44.489088],[-73.247216,44.489102],[-73.247215,44.489113],[-73.247206,44.489134],[-73.24719,44.489158],[-73.247163,44.489186],[-73.247147,44.489208],[-73.24713,44.489234],[-73.247119,44.48926],[-73.247107,44.489277],[-73.247081,44.489299],[-73.247051,44.489319],[-73.247023,44.489343],[-73.247005,44.489366],[-73.246984,44.489394],[-73.246971,44.489425],[-73.246963,44.489454],[-73.246967,44.489478],[-73.246979,44.489501],[-73.246985,44.489518],[-73.246981,44.489533],[-73.246974,44.489545],[-73.246953,44.489565],[-73.246936,44.489576],[-73.246909,44.489587],[-73.246893,44.489599],[-73.246888,44.489611],[-73.246889,44.489622],[-73.246901,44.489635],[-73.246907,44.489644],[-73.246912,44.489653],[-73.246909,44.48967],[-73.246898,44.489686],[-73.246888,44.489697],[-73.246868,44.489707],[-73.246837,44.489716],[-73.246798,44.489725],[-73.246762,44.48974],[-73.246742,44.489751],[-73.24671,44.489767],[-73.246687,44.489784],[-73.246664,44.489792],[-73.246629,44.489802],[-73.246568,44.489812],[-73.246525,44.48982],[-73.246471,44.489829],[-73.246403,44.489851],[-73.246358,44.48987],[-73.246327,44.489882],[-73.246289,44.489891],[-73.246239,44.489899],[-73.246194,44.489904],[-73.246154,44.489907],[-73.246121,44.489915],[-73.246069,44.489934],[-73.246023,44.489949],[-73.245996,44.489959],[-73.245989,44.489963],[-73.245983,44.489968],[-73.245978,44.489974],[-73.245975,44.489978],[-73.245966,44.489981],[-73.245956,44.48998],[-73.245945,44.489976],[-73.245934,44.489975],[-73.245921,44.489977],[-73.245885,44.489983],[-73.245853,44.489993],[-73.245829,44.490008],[-73.245811,44.490027],[-73.24579,44.490049],[-73.245775,44.490066],[-73.245757,44.49008],[-73.24573,44.490099],[-73.245706,44.490115],[-73.24568,44.490145],[-73.245662,44.490176],[-73.245648,44.490209],[-73.245636,44.490247],[-73.245624,44.490265],[-73.245613,44.49028],[-73.245605,44.49029],[-73.245604,44.4903],[-73.245603,44.490311],[-73.245605,44.49032],[-73.245609,44.490329],[-73.245616,44.490334],[-73.245639,44.490341],[-73.24566,44.490345],[-73.24568,44.490348],[-73.245703,44.490351],[-73.245728,44.49035],[-73.245746,44.490348],[-73.245758,44.490347],[-73.245771,44.490348],[-73.245785,44.49035],[-73.245796,44.490353],[-73.245822,44.490365],[-73.245845,44.490374],[-73.245869,44.490386],[-73.245883,44.490397],[-73.245889,44.490407],[-73.245889,44.490413],[-73.245879,44.490418],[-73.245869,44.490418],[-73.245858,44.49042],[-73.245847,44.490424],[-73.24584,44.490429],[-73.245827,44.490434],[-73.245817,44.490442],[-73.245808,44.490457],[-73.245799,44.490476],[-73.245794,44.490496],[-73.245788,44.490523],[-73.245781,44.490546],[-73.245763,44.490572],[-73.245739,44.490592],[-73.245704,44.490611],[-73.245668,44.490636],[-73.24564,44.49066],[-73.245613,44.490676],[-73.245595,44.490687],[-73.245568,44.490709],[-73.245544,44.490738],[-73.245522,44.490765],[-73.245507,44.490792],[-73.245495,44.49081],[-73.245482,44.490818],[-73.245462,44.49083],[-73.245441,44.490845],[-73.245422,44.490862],[-73.24541,44.490875],[-73.245398,44.490884],[-73.245395,44.490894],[-73.245406,44.490903],[-73.245427,44.490909],[-73.245436,44.490921],[-73.245429,44.490936],[-73.245426,44.490954],[-73.245428,44.490972],[-73.245437,44.490989],[-73.245451,44.491002],[-73.245459,44.49101],[-73.24546,44.491022],[-73.24545,44.491039],[-73.245427,44.491063],[-73.245404,44.491086],[-73.245393,44.491109],[-73.245381,44.49113],[-73.245379,44.491145],[-73.245382,44.491162],[-73.245388,44.49118],[-73.245402,44.491203],[-73.245416,44.491236],[-73.24543,44.491263],[-73.245436,44.491281],[-73.245438,44.491301],[-73.245429,44.491321],[-73.245408,44.49134],[-73.24539,44.491354],[-73.245378,44.491363],[-73.245372,44.491377],[-73.24537,44.491397],[-73.245367,44.491432],[-73.245361,44.491469],[-73.245356,44.491496],[-73.245344,44.491535],[-73.245333,44.491581],[-73.245327,44.491613],[-73.245321,44.49164],[-73.245322,44.491672],[-73.245327,44.491691],[-73.245337,44.491708],[-73.245362,44.491728],[-73.245395,44.491746],[-73.245427,44.491761],[-73.245465,44.491778],[-73.245503,44.491793],[-73.245544,44.491812],[-73.245585,44.491829],[-73.245605,44.491843],[-73.245619,44.491857],[-73.245633,44.491876],[-73.245641,44.491893],[-73.245656,44.491926],[-73.245667,44.49197],[-73.245674,44.492023],[-73.24567,44.492059],[-73.245663,44.492082],[-73.245652,44.492108],[-73.245637,44.492135],[-73.245623,44.492159],[-73.245607,44.492183],[-73.245586,44.492203],[-73.245571,44.492219],[-73.245566,44.492235],[-73.245559,44.492255],[-73.245541,44.492271],[-73.2455,44.492296],[-73.245427,44.492329],[-73.245343,44.492366],[-73.245222,44.492406],[-73.245156,44.492424],[-73.24509,44.492441],[-73.245005,44.492459],[-73.244937,44.492475],[-73.24485,44.492491],[-73.244768,44.492503],[-73.244677,44.492515],[-73.244581,44.492525],[-73.2445,44.492533],[-73.244373,44.492541],[-73.24427,44.492542],[-73.244159,44.492541],[-73.244057,44.492541],[-73.243989,44.492536],[-73.243979,44.492536],[-73.243929,44.492536],[-73.243796,44.492529],[-73.243619,44.49252],[-73.24349,44.492511],[-73.243271,44.492496],[-73.243241,44.492492],[-73.2431,44.492483],[-73.242988,44.492475],[-73.24286,44.492462],[-73.24268,44.492438],[-73.242535,44.492415],[-73.242388,44.492392],[-73.242187,44.49236],[-73.242015,44.492329],[-73.24189,44.492308],[-73.24176,44.492289],[-73.241637,44.49227],[-73.241503,44.492248],[-73.241341,44.49222],[-73.241136,44.492179],[-73.240968,44.492148],[-73.239078,44.493318],[-73.236672,44.494679],[-73.235836,44.495152],[-73.235481,44.495353],[-73.235431,44.495365],[-73.235373,44.495411],[-73.235243,44.495491],[-73.234726,44.495792],[-73.234658,44.495826],[-73.23395,44.496234],[-73.233116,44.496705],[-73.23275,44.496904],[-73.232697,44.496937],[-73.232313,44.497137],[-73.232624,44.497526],[-73.23271,44.497641],[-73.232871,44.497878],[-73.233173,44.498267],[-73.233272,44.498368],[-73.233432,44.498511],[-73.235661,44.500153],[-73.236128,44.500514],[-73.236305,44.500644],[-73.236823,44.501023],[-73.236856,44.501047],[-73.236877,44.501063],[-73.237436,44.501484],[-73.238364,44.502146],[-73.239047,44.502664],[-73.239998,44.503334],[-73.24039,44.503628],[-73.240452,44.503675],[-73.240641,44.503816],[-73.24078,44.503916],[-73.241639,44.50455],[-73.241692,44.504589],[-73.241945,44.504776],[-73.242068,44.504865],[-73.243037,44.505575],[-73.243212,44.505711],[-73.243507,44.505939],[-73.243848,44.506194],[-73.243856,44.506201],[-73.244223,44.506477],[-73.244576,44.506746],[-73.245573,44.507476],[-73.246686,44.508305],[-73.246961,44.508504],[-73.248137,44.509369],[-73.24831,44.509504],[-73.248714,44.509801],[-73.249074,44.510051],[-73.24925,44.510173],[-73.249748,44.510536],[-73.249935,44.510684],[-73.2505,44.511098],[-73.251352,44.511742],[-73.252313,44.512454],[-73.253092,44.513017],[-73.25346,44.513263],[-73.254112,44.513774],[-73.254171,44.513815],[-73.254899,44.514374],[-73.255146,44.514552],[-73.255544,44.514838],[-73.25613,44.515278],[-73.25641,44.5155],[-73.256513,44.515583],[-73.25667,44.515707],[-73.256892,44.51587],[-73.257285,44.516122],[-73.257594,44.516359],[-73.258281,44.516877],[-73.258679,44.517163],[-73.259913,44.518066],[-73.260068,44.518185],[-73.260391,44.518423],[-73.260491,44.518502],[-73.2609,44.518803],[-73.261326,44.519126],[-73.261385,44.519162],[-73.261688,44.519378],[-73.261855,44.519504],[-73.262359,44.519876],[-73.262618,44.520055],[-73.262782,44.520184],[-73.263358,44.520605],[-73.263687,44.520852],[-73.264324,44.521321],[-73.264498,44.521464],[-73.264549,44.521507],[-73.26465,44.521614],[-73.264745,44.52173],[-73.26483,44.521851],[-73.265086,44.522237],[-73.265275,44.522132],[-73.265425,44.522035],[-73.265587,44.521944],[-73.265729,44.521856],[-73.266042,44.521673],[-73.266368,44.521481],[-73.266759,44.52184],[-73.266862,44.521793],[-73.267057,44.521666],[-73.267296,44.521836],[-73.267416,44.521938],[-73.267493,44.52201],[-73.267583,44.522107],[-73.267669,44.52222],[-73.267747,44.52236],[-73.267798,44.522546],[-73.267925,44.522932],[-73.268023,44.523209],[-73.268127,44.523433],[-73.268393,44.523946],[-73.268458,44.52409],[-73.268552,44.524248],[-73.268702,44.524465],[-73.268766,44.524545],[-73.26889,44.524736],[-73.268979,44.524927],[-73.269002,44.525063],[-73.268973,44.525222],[-73.268924,44.525323],[-73.268878,44.52539],[-73.268864,44.525405],[-73.268818,44.525453],[-73.268767,44.525498],[-73.268777,44.525495],[-73.268539,44.525683]]]}},{"type":"Feature","properties":{"ward":"5","district":"South","population_2020":5925},"geometry":{"type":"Polygon","coordinates":[[[-73.212324,44.472966],[-73.212327,44.473025],[-73.212355,44.473703],[-73.212356,44.473703],[-73.212419,44.474781],[-73.215497,44.474698],[-73.215416,44.473597],[-73.215308,44.47156],[-73.21665,44.471512],[-73.220726,44.471443],[-73.220742,44.471416],[-73.22076,44.471376],[-73.220779,44.471341],[-73.220792,44.471308],[-73.220808,44.47127],[-73.220824,44.471249],[-73.220838,44.471234],[-73.220847,44.47122],[-73.220852,44.471208],[-73.220855,44.471198],[-73.220859,44.471189],[-73.220865,44.471177],[-73.220877,44.471162],[-73.220901,44.471137],[-73.220926,44.471116],[-73.220947,44.471095],[-73.221,44.471082],[-73.221108,44.470994],[-73.221111,44.470983],[-73.221111,44.470966],[-73.221111,44.470958],[-73.221122,44.470945],[-73.221148,44.470918],[-73.22118,44.470889],[-73.221196,44.470868],[-73.221204,44.470859],[-73.221206,44.470847],[-73.221204,44.470839],[-73.221192,44.470828],[-73.221141,44.470813],[-73.22109,44.470795],[-73.221045,44.470779],[-73.220989,44.470757],[-73.220949,44.470738],[-73.220922,44.470724],[-73.220892,44.47071],[-73.220864,44.4707],[-73.220835,44.470692],[-73.220815,44.47069],[-73.220795,44.47069],[-73.220749,44.470699],[-73.220699,44.470705],[-73.220661,44.470705],[-73.220581,44.470707],[-73.220502,44.470703],[-73.220439,44.470698],[-73.220384,44.470693],[-73.220316,44.470687],[-73.220274,44.470683],[-73.220234,44.470675],[-73.220218,44.470669],[-73.220204,44.470663],[-73.220196,44.470657],[-73.220189,44.47065],[-73.220157,44.470616],[-73.220123,44.470572],[-73.220077,44.470521],[-73.220033,44.470474],[-73.220005,44.470434],[-73.219974,44.470386],[-73.219952,44.470342],[-73.219927,44.470294],[-73.219908,44.470252],[-73.219889,44.470207],[-73.219872,44.470156],[-73.219857,44.47011],[-73.219841,44.470066],[-73.21983,44.470031],[-73.219823,44.470001],[-73.219816,44.469955],[-73.219813,44.469914],[-73.219809,44.469856],[-73.219803,44.469803],[-73.219799,44.469753],[-73.219788,44.469711],[-73.219774,44.46965],[-73.219757,44.469613],[-73.219737,44.46958],[-73.219731,44.46957],[-73.218996,44.469085],[-73.218995,44.469045],[-73.218961,44.468981],[-73.218958,44.468977],[-73.218925,44.468978],[-73.218925,44.468937],[-73.218732,44.468707],[-73.219001,44.468694],[-73.219009,44.468691],[-73.219008,44.468688],[-73.218999,44.468679],[-73.218991,44.468673],[-73.218983,44.468667],[-73.218976,44.468659],[-73.218969,44.468624],[-73.218957,44.468572],[-73.21894,44.468485],[-73.218917,44.46839],[-73.218917,44.468363],[-73.218909,44.467823],[-73.218909,44.467703],[-73.218923,44.467599],[-73.218926,44.467574],[-73.21893,44.467535],[-73.218923,44.46608],[-73.21893,44.466037],[-73.218941,44.466004],[-73.21897,44.465933],[-73.219006,44.465845],[-73.219051,44.465744],[-73.21909,44.46566],[-73.219112,44.465614],[-73.219119,44.46554],[-73.219183,44.465248],[-73.219263,44.465052],[-73.219325,44.464936],[-73.219339,44.464921],[-73.219405,44.464806],[-73.219443,44.464766],[-73.219518,44.464664],[-73.219618,44.464508],[-73.219633,44.46448],[-73.21965,44.464457],[-73.219699,44.464379],[-73.219726,44.464312],[-73.219764,44.464263],[-73.219783,44.464213],[-73.220076,44.463804],[-73.220166,44.463657],[-73.22019,44.463599],[-73.220218,44.463568],[-73.220237,44.463523],[-73.220321,44.46338],[-73.220388,44.463282],[-73.220444,44.463179],[-73.22061,44.462925],[-73.220651,44.462852],[-73.220657,44.462828],[-73.220665,44.462809],[-73.220674,44.462792],[-73.220678,44.462781],[-73.220679,44.462767],[-73.220677,44.462753],[-73.220682,44.46274],[-73.220696,44.462713],[-73.220716,44.462683],[-73.22074,44.462641],[-73.220753,44.462616],[-73.220766,44.462593],[-73.220775,44.46256],[-73.22079,44.462524],[-73.2208,44.462503],[-73.220875,44.462354],[-73.220937,44.462224],[-73.221099,44.461886],[-73.221159,44.461727],[-73.221266,44.46151],[-73.221457,44.461059],[-73.221444,44.460907],[-73.221479,44.460854],[-73.221538,44.460781],[-73.221611,44.460684],[-73.221668,44.460606],[-73.221766,44.460414],[-73.221929,44.460143],[-73.221931,44.460134],[-73.221932,44.460107],[-73.221936,44.460062],[-73.221935,44.460033],[-73.221937,44.460012],[-73.22194,44.459994],[-73.22195,44.459978],[-73.221957,44.459966],[-73.221975,44.459947],[-73.221994,44.459928],[-73.222014,44.459902],[-73.22204,44.459867],[-73.222074,44.459817],[-73.222125,44.459747],[-73.222169,44.459677],[-73.222201,44.459625],[-73.222229,44.459593],[-73.222262,44.459564],[-73.222307,44.459536],[-73.22235,44.459514],[-73.222396,44.459493],[-73.222449,44.459477],[-73.222484,44.459467],[-73.222533,44.459463],[-73.222608,44.459463],[-73.222695,44.459462],[-73.222776,44.459463],[-73.222849,44.45946],[-73.222899,44.459459],[-73.22295,44.459456],[-73.222991,44.459449],[-73.223031,44.459438],[-73.223081,44.459415],[-73.223137,44.45938],[-73.223199,44.459336],[-73.223282,44.459282],[-73.223357,44.459233],[-73.223422,44.459192],[-73.223488,44.459152],[-73.223572,44.459105],[-73.223657,44.459055],[-73.22372,44.459024],[-73.223766,44.458998],[-73.223806,44.458975],[-73.223837,44.458956],[-73.223866,44.458934],[-73.223902,44.4589],[-73.223939,44.458862],[-73.223979,44.458813],[-73.224013,44.45877],[-73.22404,44.458724],[-73.224065,44.458683],[-73.224064,44.45868],[-73.224028,44.458587],[-73.224024,44.458576],[-73.224037,44.458505],[-73.224025,44.458459],[-73.22399,44.458373],[-73.223956,44.45831],[-73.223925,44.458231],[-73.223877,44.45811],[-73.223843,44.457984],[-73.223844,44.457981],[-73.223837,44.457963],[-73.223832,44.457935],[-73.22383,44.457915],[-73.223833,44.457892],[-73.223839,44.457867],[-73.223847,44.457847],[-73.223859,44.457829],[-73.22386,44.457818],[-73.223884,44.457768],[-73.223973,44.45763],[-73.224054,44.457546],[-73.224063,44.457529],[-73.22413,44.457466],[-73.22422,44.457346],[-73.224405,44.457128],[-73.224551,44.456973],[-73.224568,44.456938],[-73.224577,44.456917],[-73.224597,44.45689],[-73.224643,44.456845],[-73.224733,44.456755],[-73.224818,44.456678],[-73.224863,44.456639],[-73.224902,44.456599],[-73.224943,44.45656],[-73.22499,44.456515],[-73.225002,44.456503],[-73.225029,44.456478],[-73.22508,44.456436],[-73.225125,44.456406],[-73.225169,44.456381],[-73.225214,44.456361],[-73.225259,44.456352],[-73.225308,44.456342],[-73.225339,44.456338],[-73.225354,44.456338],[-73.225366,44.45634],[-73.225388,44.456348],[-73.225403,44.456359],[-73.225434,44.456384],[-73.225452,44.456398],[-73.225462,44.456405],[-73.225474,44.456407],[-73.225485,44.456405],[-73.22549,44.456401],[-73.225495,44.456396],[-73.225502,44.456389],[-73.225507,44.456384],[-73.225515,44.456381],[-73.225528,44.45638],[-73.225543,44.456379],[-73.225557,44.456385],[-73.225592,44.456409],[-73.225625,44.456436],[-73.225652,44.456459],[-73.225684,44.456486],[-73.225709,44.456506],[-73.225731,44.45652],[-73.225739,44.456524],[-73.22575,44.456528],[-73.225761,44.456529],[-73.225773,44.456527],[-73.225791,44.456521],[-73.225813,44.456516],[-73.22583,44.456514],[-73.225844,44.456516],[-73.225869,44.456521],[-73.225908,44.456533],[-73.225923,44.456537],[-73.225992,44.456527],[-73.226241,44.456437],[-73.226342,44.456407],[-73.226343,44.456406],[-73.22636,44.45639],[-73.226375,44.456382],[-73.2264,44.456365],[-73.22643,44.45635],[-73.226466,44.45633],[-73.226498,44.456318],[-73.226516,44.456311],[-73.226532,44.456306],[-73.226551,44.456303],[-73.226569,44.456302],[-73.22659,44.456301],[-73.22661,44.456301],[-73.226634,44.456302],[-73.226649,44.4563],[-73.226651,44.456299],[-73.226728,44.456264],[-73.226736,44.456262],[-73.226753,44.456253],[-73.226783,44.456244],[-73.226798,44.456237],[-73.226806,44.456233],[-73.226813,44.456233],[-73.226814,44.456233],[-73.226905,44.456195],[-73.226995,44.456151],[-73.22702,44.456146],[-73.227196,44.45606],[-73.227229,44.45604],[-73.22724,44.456031],[-73.227251,44.456015],[-73.227256,44.456004],[-73.227265,44.455998],[-73.227277,44.455993],[-73.227289,44.455993],[-73.227301,44.455997],[-73.227309,44.456005],[-73.227321,44.455999],[-73.227445,44.455934],[-73.227446,44.455929],[-73.227445,44.455919],[-73.227433,44.455899],[-73.227421,44.455885],[-73.227418,44.455875],[-73.227417,44.455867],[-73.227419,44.455855],[-73.227428,44.45584],[-73.227438,44.455826],[-73.227451,44.455811],[-73.227468,44.455796],[-73.227494,44.455779],[-73.227517,44.45577],[-73.227551,44.455758],[-73.227582,44.455749],[-73.227611,44.455746],[-73.227643,44.455744],[-73.227668,44.455744],[-73.227701,44.455745],[-73.227724,44.455744],[-73.227735,44.455735],[-73.227756,44.455725],[-73.227756,44.455721],[-73.227766,44.455712],[-73.227778,44.455705],[-73.227807,44.45569],[-73.22783,44.45568],[-73.227873,44.455652],[-73.227895,44.455632],[-73.227896,44.455629],[-73.227908,44.455618],[-73.227918,44.455612],[-73.227981,44.455555],[-73.22798,44.455554],[-73.227977,44.455541],[-73.227981,44.455524],[-73.227986,44.45551],[-73.227997,44.4555],[-73.228013,44.455488],[-73.228031,44.455474],[-73.228062,44.455454],[-73.228079,44.455445],[-73.228095,44.455433],[-73.228108,44.455419],[-73.228119,44.455406],[-73.228126,44.455389],[-73.228132,44.455361],[-73.228134,44.45534],[-73.228135,44.455321],[-73.228138,44.455305],[-73.228145,44.455295],[-73.22816,44.455286],[-73.228185,44.455278],[-73.228205,44.455268],[-73.228228,44.455254],[-73.228241,44.455248],[-73.228252,44.455235],[-73.228261,44.455223],[-73.228272,44.455205],[-73.22829,44.455186],[-73.228309,44.455168],[-73.228323,44.455156],[-73.228335,44.455148],[-73.228338,44.455139],[-73.228336,44.45513],[-73.228328,44.455119],[-73.228327,44.455111],[-73.228332,44.455103],[-73.228348,44.455091],[-73.228383,44.455075],[-73.228416,44.455063],[-73.228476,44.454977],[-73.228546,44.454847],[-73.228674,44.454642],[-73.228792,44.454415],[-73.228811,44.454365],[-73.228868,44.454303],[-73.228925,44.454264],[-73.228982,44.454259],[-73.229004,44.454236],[-73.229036,44.454208],[-73.229058,44.454194],[-73.229093,44.454182],[-73.229123,44.454177],[-73.22917,44.454173],[-73.229218,44.454172],[-73.229262,44.454173],[-73.229311,44.454181],[-73.229358,44.45419],[-73.229423,44.454209],[-73.229475,44.454228],[-73.22951,44.454246],[-73.229536,44.45426],[-73.229557,44.454275],[-73.229567,44.454288],[-73.229569,44.454303],[-73.229566,44.454319],[-73.229565,44.454328],[-73.229562,44.454339],[-73.229556,44.454347],[-73.229551,44.454357],[-73.22955,44.454372],[-73.229549,44.454384],[-73.229555,44.454396],[-73.229562,44.454412],[-73.229571,44.454433],[-73.229579,44.454459],[-73.229585,44.45448],[-73.229595,44.454497],[-73.229604,44.454516],[-73.229605,44.454525],[-73.229599,44.454531],[-73.229588,44.454533],[-73.229578,44.454531],[-73.229566,44.454531],[-73.229557,44.454531],[-73.22955,44.454533],[-73.229547,44.454538],[-73.229548,44.454549],[-73.229559,44.454557],[-73.229567,44.45456],[-73.229577,44.454563],[-73.229585,44.454569],[-73.229588,44.454575],[-73.229588,44.454582],[-73.229583,44.454599],[-73.229575,44.454622],[-73.229567,44.454635],[-73.229567,44.454642],[-73.229569,44.454647],[-73.229575,44.454652],[-73.229581,44.454661],[-73.229587,44.454671],[-73.22959,44.454679],[-73.2296,44.454688],[-73.229609,44.454692],[-73.229623,44.454697],[-73.229672,44.454685],[-73.22972,44.454659],[-73.229772,44.45461],[-73.229737,44.454353],[-73.229749,44.454253],[-73.229745,44.454247],[-73.229746,44.454235],[-73.22975,44.454223],[-73.229747,44.454209],[-73.229746,44.454191],[-73.229754,44.454168],[-73.229767,44.45415],[-73.229782,44.45413],[-73.229787,44.454117],[-73.229786,44.454094],[-73.229786,44.454072],[-73.229793,44.454052],[-73.229803,44.454031],[-73.229824,44.454007],[-73.229844,44.453993],[-73.229866,44.453981],[-73.229898,44.453967],[-73.229931,44.453951],[-73.229958,44.453936],[-73.229988,44.453923],[-73.230018,44.453914],[-73.230052,44.453908],[-73.230089,44.453904],[-73.230131,44.4539],[-73.230169,44.4539],[-73.230202,44.453903],[-73.230218,44.453909],[-73.230228,44.453915],[-73.230237,44.45392],[-73.230243,44.453928],[-73.230249,44.453944],[-73.230256,44.453963],[-73.230268,44.453979],[-73.230291,44.453994],[-73.230308,44.454005],[-73.230327,44.454021],[-73.230336,44.454034],[-73.230343,44.454046],[-73.230359,44.454076],[-73.230373,44.454094],[-73.230387,44.454116],[-73.230402,44.454135],[-73.23042,44.454154],[-73.230432,44.454164],[-73.230445,44.45417],[-73.230462,44.454175],[-73.230483,44.454178],[-73.230505,44.454179],[-73.230522,44.454174],[-73.230529,44.454163],[-73.230532,44.454152],[-73.230526,44.454139],[-73.23052,44.454134],[-73.230516,44.454123],[-73.230515,44.454118],[-73.230519,44.454112],[-73.230526,44.454107],[-73.230543,44.454102],[-73.230568,44.454102],[-73.230593,44.454107],[-73.230625,44.454118],[-73.230642,44.454126],[-73.230649,44.45413],[-73.230659,44.454133],[-73.230669,44.454134],[-73.230675,44.454129],[-73.230681,44.45412],[-73.230688,44.454114],[-73.230696,44.45411],[-73.230713,44.45411],[-73.230736,44.454113],[-73.230765,44.454123],[-73.230777,44.454126],[-73.230789,44.454128],[-73.230803,44.454126],[-73.230826,44.454124],[-73.230843,44.454123],[-73.230878,44.454126],[-73.230902,44.454127],[-73.230927,44.454125],[-73.230964,44.454118],[-73.230996,44.454107],[-73.231014,44.454098],[-73.23103,44.454093],[-73.231046,44.454091],[-73.231078,44.454091],[-73.231113,44.454094],[-73.231131,44.454099],[-73.231144,44.454106],[-73.231155,44.454107],[-73.231166,44.454106],[-73.231183,44.454093],[-73.231198,44.454085],[-73.231219,44.454075],[-73.231245,44.454065],[-73.231259,44.454063],[-73.231269,44.454052],[-73.231307,44.453994],[-73.231335,44.453941],[-73.231376,44.453748],[-73.231404,44.453672],[-73.231432,44.453636],[-73.231469,44.453515],[-73.231555,44.4534],[-73.231593,44.453319],[-73.231572,44.453283],[-73.231505,44.453232],[-73.231399,44.45319],[-73.231382,44.453168],[-73.231369,44.453168],[-73.231335,44.453166],[-73.231318,44.453161],[-73.231308,44.453155],[-73.231298,44.453145],[-73.231289,44.453122],[-73.231287,44.453108],[-73.231288,44.453101],[-73.231293,44.453095],[-73.231308,44.453088],[-73.231324,44.453084],[-73.231356,44.453079],[-73.231382,44.453077],[-73.231417,44.453078],[-73.23144,44.453079],[-73.231459,44.453084],[-73.231478,44.453087],[-73.231492,44.453088],[-73.231518,44.453083],[-73.231541,44.453077],[-73.231553,44.453072],[-73.231573,44.453067],[-73.231612,44.453061],[-73.231642,44.453057],[-73.231646,44.453057],[-73.231681,44.453028],[-73.231733,44.452966],[-73.23176,44.452827],[-73.231754,44.452718],[-73.231763,44.452674],[-73.231824,44.452539],[-73.231852,44.452454],[-73.231846,44.452306],[-73.231725,44.452187],[-73.231686,44.452128],[-73.231695,44.452075],[-73.231713,44.451975],[-73.231756,44.451935],[-73.231809,44.451914],[-73.231919,44.451882],[-73.23192,44.451873],[-73.231926,44.451863],[-73.231934,44.451857],[-73.231943,44.451852],[-73.231961,44.451846],[-73.231992,44.45184],[-73.232007,44.451837],[-73.232017,44.451829],[-73.232046,44.451799],[-73.232066,44.451765],[-73.232137,44.451585],[-73.232149,44.451539],[-73.232135,44.451538],[-73.232127,44.451529],[-73.232126,44.45152],[-73.232135,44.451509],[-73.23215,44.451498],[-73.23216,44.451494],[-73.232164,44.451478],[-73.232206,44.451375],[-73.232268,44.451281],[-73.2323,44.451205],[-73.232305,44.45112],[-73.232328,44.45103],[-73.232423,44.450955],[-73.232444,44.450945],[-73.232485,44.450916],[-73.232532,44.450844],[-73.232565,44.450782],[-73.23246,44.450474],[-73.232421,44.450393],[-73.232388,44.450347],[-73.232382,44.450342],[-73.232358,44.450346],[-73.232335,44.450349],[-73.232309,44.450348],[-73.2323,44.450346],[-73.232294,44.450343],[-73.232291,44.450336],[-73.23229,44.450329],[-73.232294,44.45032],[-73.232311,44.450311],[-73.232332,44.450304],[-73.232296,44.450278],[-73.232185,44.450231],[-73.231993,44.45026],[-73.231977,44.450274],[-73.231793,44.450347],[-73.231439,44.450467],[-73.231362,44.450489],[-73.231286,44.450496],[-73.231156,44.450463],[-73.231134,44.450453],[-73.230968,44.450348],[-73.230929,44.450329],[-73.230814,44.45026],[-73.230792,44.450251],[-73.230737,44.450218],[-73.230697,44.450186],[-73.23062,44.450099],[-73.230562,44.450044],[-73.230537,44.449976],[-73.23055,44.449855],[-73.230622,44.44978],[-73.230698,44.449731],[-73.230707,44.449716],[-73.230721,44.449696],[-73.230728,44.449678],[-73.230731,44.449664],[-73.230732,44.449639],[-73.230735,44.449621],[-73.230737,44.449604],[-73.230745,44.449579],[-73.230753,44.449571],[-73.230764,44.449565],[-73.23078,44.449561],[-73.230804,44.44956],[-73.230832,44.44956],[-73.230887,44.449558],[-73.230929,44.449559],[-73.230967,44.449556],[-73.230988,44.449479],[-73.230968,44.449443],[-73.230935,44.449411],[-73.230718,44.449367],[-73.23067,44.449335],[-73.230631,44.449298],[-73.230639,44.449199],[-73.230635,44.449181],[-73.230656,44.448943],[-73.230678,44.448865],[-73.230678,44.448861],[-73.230678,44.448846],[-73.23068,44.448834],[-73.230683,44.448826],[-73.230694,44.448813],[-73.230714,44.448793],[-73.230732,44.448775],[-73.230764,44.448728],[-73.23083,44.448603],[-73.230892,44.448519],[-73.230925,44.448488],[-73.230927,44.448481],[-73.230934,44.448473],[-73.230944,44.448464],[-73.230953,44.44846],[-73.230969,44.448444],[-73.231097,44.448387],[-73.231111,44.448372],[-73.231135,44.448361],[-73.231202,44.448303],[-73.231263,44.448219],[-73.23129,44.44803],[-73.231284,44.44794],[-73.231294,44.44789],[-73.231292,44.447883],[-73.231289,44.44785],[-73.231288,44.447819],[-73.231293,44.447786],[-73.231291,44.447747],[-73.231292,44.447716],[-73.231295,44.447689],[-73.231304,44.447658],[-73.231313,44.447629],[-73.231331,44.447585],[-73.231351,44.447551],[-73.231367,44.447529],[-73.231367,44.447528],[-73.23138,44.44748],[-73.231379,44.447467],[-73.231374,44.447449],[-73.23137,44.447426],[-73.231366,44.447397],[-73.231364,44.447377],[-73.231367,44.447352],[-73.231376,44.44732],[-73.231391,44.447274],[-73.231407,44.447237],[-73.231411,44.447225],[-73.231412,44.447213],[-73.231412,44.447204],[-73.231409,44.447194],[-73.231399,44.447177],[-73.231391,44.447159],[-73.23139,44.447151],[-73.231391,44.447143],[-73.231401,44.447113],[-73.231419,44.447073],[-73.231442,44.447031],[-73.231472,44.446985],[-73.231478,44.446976],[-73.231458,44.446953],[-73.230664,44.446914],[-73.230508,44.446906],[-73.229964,44.446879],[-73.227947,44.446779],[-73.226044,44.446683],[-73.223391,44.446551],[-73.222339,44.446497],[-73.222139,44.446487],[-73.222079,44.446484],[-73.220961,44.446426],[-73.2208,44.446413],[-73.219724,44.446354],[-73.219604,44.446347],[-73.219602,44.446372],[-73.219596,44.446451],[-73.219595,44.446451],[-73.219592,44.446487],[-73.219363,44.44647],[-73.219273,44.446466],[-73.219182,44.446481],[-73.219039,44.446496],[-73.218896,44.4465],[-73.218316,44.446476],[-73.217675,44.446455],[-73.217581,44.446452],[-73.21721,44.446435],[-73.216863,44.446413],[-73.216323,44.446375],[-73.215159,44.446312],[-73.214829,44.44628],[-73.214508,44.446243],[-73.214071,44.446198],[-73.213965,44.446185],[-73.213698,44.446171],[-73.213436,44.446158],[-73.212991,44.446132],[-73.21297,44.446131],[-73.212645,44.446112],[-73.212078,44.446079],[-73.210957,44.446019],[-73.209725,44.445952],[-73.209437,44.445937],[-73.209429,44.446037],[-73.209409,44.4463],[-73.209397,44.446457],[-73.209376,44.446977],[-73.209342,44.447249],[-73.209263,44.447888],[-73.209258,44.447948],[-73.209234,44.448259],[-73.209229,44.44833],[-73.209198,44.448759],[-73.209134,44.44932],[-73.209029,44.450471],[-73.208998,44.450733],[-73.208931,44.451464],[-73.208898,44.45185],[-73.20887,44.452287],[-73.208811,44.452924],[-73.208791,44.453145],[-73.208735,44.453739],[-73.208722,44.453878],[-73.208699,44.454064],[-73.208631,44.454705],[-73.208585,44.455126],[-73.208577,44.455211],[-73.208575,44.455238],[-73.208551,44.455515],[-73.208484,44.456256],[-73.208411,44.45705],[-73.208398,44.457196],[-73.20839,44.457301],[-73.208316,44.458132],[-73.208285,44.458483],[-73.208279,44.458544],[-73.208254,44.458814],[-73.208224,44.459154],[-73.208184,44.459592],[-73.208121,44.460271],[-73.208079,44.460724],[-73.207988,44.461619],[-73.207952,44.461975],[-73.207905,44.462435],[-73.207878,44.462702],[-73.207865,44.462939],[-73.207859,44.463057],[-73.207855,44.463168],[-73.20785,44.46326],[-73.207845,44.463347],[-73.207836,44.463477],[-73.207784,44.463719],[-73.207744,44.464138],[-73.207731,44.464272],[-73.207699,44.4647],[-73.207701,44.464745],[-73.207707,44.464862],[-73.207746,44.465015],[-73.207803,44.465145],[-73.207975,44.465361],[-73.208001,44.465393],[-73.208024,44.465422],[-73.208055,44.465458],[-73.208215,44.46564],[-73.208224,44.465651],[-73.208229,44.465657],[-73.208331,44.465773],[-73.208552,44.466017],[-73.208552,44.466017],[-73.20887,44.46637],[-73.209179,44.466716],[-73.209374,44.466935],[-73.209531,44.46711],[-73.20959,44.467176],[-73.209701,44.4673],[-73.209756,44.467358],[-73.209768,44.467372],[-73.210197,44.467829],[-73.210584,44.468245],[-73.211187,44.468889],[-73.21174,44.469492],[-73.211808,44.469564],[-73.212138,44.469922],[-73.212139,44.469923],[-73.212214,44.470005],[-73.212413,44.470224],[-73.212479,44.470292],[-73.212543,44.47036],[-73.212656,44.470481],[-73.213023,44.470873],[-73.213028,44.470877],[-73.213236,44.4711],[-73.21346,44.471338],[-73.213546,44.471463],[-73.213648,44.471671],[-73.213701,44.471809],[-73.213712,44.471875],[-73.212998,44.471958],[-73.212271,44.472042],[-73.21233,44.472315],[-73.212378,44.47245],[-73.212385,44.472567],[-73.212353,44.472687],[-73.212323,44.47275],[-73.212324,44.472966]]]}},{"type":"Feature","properties":{"ward":"6","district":"South","population_2020":6718},"geometry":{"type":"Polygon","coordinates":[[[-73.198652,44.476231],[-73.198866,44.476299],[-73.198963,44.476343],[-73.19902,44.476369],[-73.19903,44.476374],[-73.199086,44.476399],[-73.199302,44.476394],[-73.199519,44.476388],[-73.199973,44.476376],[-73.200127,44.476372],[-73.200336,44.476367],[-73.200556,44.476361],[-73.200677,44.476358],[-73.200828,44.476352],[-73.201124,44.476341],[-73.201202,44.476338],[-73.201708,44.476319],[-73.202399,44.476293],[-73.202381,44.475977],[-73.202373,44.475844],[-73.20237,44.475781],[-73.202357,44.475551],[-73.202328,44.475171],[-73.202309,44.47492],[-73.2023,44.474808],[-73.202294,44.474732],[-73.202275,44.474478],[-73.202243,44.474053],[-73.202205,44.473575],[-73.202198,44.473483],[-73.202186,44.473332],[-73.202164,44.473051],[-73.202136,44.472688],[-73.202275,44.472684],[-73.20295,44.472665],[-73.203105,44.472661],[-73.203205,44.472658],[-73.203332,44.472654],[-73.20367,44.472647],[-73.203667,44.472596],[-73.203663,44.472536],[-73.203662,44.472529],[-73.203659,44.472472],[-73.204112,44.472458],[-73.205184,44.472423],[-73.205149,44.471992],[-73.205959,44.471966],[-73.207054,44.471931],[-73.207101,44.472756],[-73.207104,44.472799],[-73.207143,44.473343],[-73.206617,44.473361],[-73.206373,44.473369],[-73.206383,44.473437],[-73.206435,44.473908],[-73.206505,44.473905],[-73.206554,44.473903],[-73.207027,44.473887],[-73.207076,44.473885],[-73.207313,44.473877],[-73.207337,44.473876],[-73.207414,44.473874],[-73.207674,44.473865],[-73.208287,44.473844],[-73.208365,44.473841],[-73.208665,44.47383],[-73.208735,44.473828],[-73.208815,44.473825],[-73.209622,44.473797],[-73.209822,44.47379],[-73.210738,44.473759],[-73.210772,44.474426],[-73.210798,44.474817],[-73.212419,44.474781],[-73.212356,44.473703],[-73.212355,44.473703],[-73.212327,44.473025],[-73.212324,44.472966],[-73.212323,44.472826],[-73.212323,44.47275],[-73.212353,44.472687],[-73.212385,44.472567],[-73.212378,44.47245],[-73.21233,44.472315],[-73.212271,44.472042],[-73.212998,44.471958],[-73.213712,44.471875],[-73.213701,44.471809],[-73.213648,44.471671],[-73.213546,44.471463],[-73.21346,44.471338],[-73.213236,44.4711],[-73.213028,44.470877],[-73.213023,44.470873],[-73.212656,44.470481],[-73.212543,44.47036],[-73.212479,44.470292],[-73.212413,44.470224],[-73.212214,44.470005],[-73.212139,44.469923],[-73.212138,44.469922],[-73.211808,44.469564],[-73.21174,44.469492],[-73.211187,44.468889],[-73.210584,44.468245],[-73.210197,44.467829],[-73.209768,44.467372],[-73.209756,44.467358],[-73.209701,44.4673],[-73.20959,44.467176],[-73.209531,44.46711],[-73.209374,44.466935],[-73.209179,44.466716],[-73.20887,44.46637],[-73.208552,44.466017],[-73.208552,44.466017],[-73.208331,44.465773],[-73.208229,44.465657],[-73.208224,44.465651],[-73.208215,44.46564],[-73.208055,44.465458],[-73.208024,44.465422],[-73.208001,44.465393],[-73.207975,44.465361],[-73.207803,44.465145],[-73.207746,44.465015],[-73.207707,44.464862],[-73.207701,44.464745],[-73.207699,44.4647],[-73.207731,44.464272],[-73.207744,44.464138],[-73.207784,44.463719],[-73.207836,44.463477],[-73.207845,44.463347],[-73.20785,44.46326],[-73.207855,44.463168],[-73.207859,44.463057],[-73.207865,44.462939],[-73.207878,44.462702],[-73.207905,44.462435],[-73.207952,44.461975],[-73.207988,44.461619],[-73.208079,44.460724],[-73.208121,44.460271],[-73.208184,44.459592],[-73.208224,44.459154],[-73.208254,44.458814],[-73.208279,44.458544],[-73.208285,44.458483],[-73.208316,44.458132],[-73.20839,44.457301],[-73.208398,44.457196],[-73.208411,44.45705],[-73.208484,44.456256],[-73.208551,44.455515],[-73.208575,44.455238],[-73.20838,44.455228],[-73.20838,44.455228],[-73.208202,44.455219],[-73.207975,44.455207],[-73.205911,44.4551],[-73.20571,44.455091],[-73.205334,44.455068],[-73.204928,44.455044],[-73.204843,44.455039],[-73.204462,44.455017],[-73.204224,44.455003],[-73.203919,44.454985],[-73.203699,44.454973],[-73.203319,44.454951],[-73.202941,44.454929],[-73.202557,44.454906],[-73.202175,44.454884],[-73.201923,44.454869],[-73.201789,44.454861],[-73.201466,44.454842],[-73.201409,44.454838],[-73.199994,44.454753],[-73.199933,44.454749],[-73.199625,44.454731],[-73.199191,44.454704],[-73.198998,44.454692],[-73.198619,44.454669],[-73.198464,44.45466],[-73.197209,44.454584],[-73.197082,44.454576],[-73.192294,44.454286],[-73.190074,44.454152],[-73.189979,44.454146],[-73.190008,44.454297],[-73.190038,44.45445],[-73.190504,44.456832],[-73.190711,44.457891],[-73.191164,44.460212],[-73.191528,44.462085],[-73.192039,44.464709],[-73.192396,44.466647],[-73.192437,44.466857],[-73.192858,44.46915],[-73.193254,44.471198],[-73.194879,44.471009],[-73.195351,44.470972],[-73.195769,44.47094],[-73.195947,44.470926],[-73.196073,44.470916],[-73.196086,44.471007],[-73.196095,44.471071],[-73.196113,44.471128],[-73.196126,44.471167],[-73.196139,44.4712],[-73.196181,44.471306],[-73.196333,44.471509],[-73.196406,44.471612],[-73.196444,44.471664],[-73.196526,44.471786],[-73.196634,44.472084],[-73.196672,44.47225],[-73.196682,44.47242],[-73.196671,44.472614],[-73.196634,44.472736],[-73.196569,44.472953],[-73.196424,44.473193],[-73.197531,44.47369],[-73.197323,44.473921],[-73.196394,44.474957],[-73.19662,44.475061],[-73.196423,44.475286],[-73.196754,44.475434],[-73.196958,44.475524],[-73.197422,44.475728],[-73.197636,44.475823],[-73.197646,44.475827],[-73.197907,44.475942],[-73.198264,44.4761],[-73.198608,44.476216],[-73.198652,44.476231]]]}},{"type":"Feature","properties":{"ward":"7","district":"North","population_2020":5256},"geometry":{"type":"Polygon","coordinates":[[[-73.267003,44.530325],[-73.266932,44.530404],[-73.266855,44.530495],[-73.26677,44.530594],[-73.266681,44.530702],[-73.266621,44.530705],[-73.26658,44.53072],[-73.266563,44.53076],[-73.266557,44.530807],[-73.266527,44.530865],[-73.266457,44.530911],[-73.266402,44.530985],[-73.266363,44.531031],[-73.2663,44.531071],[-73.266277,44.531116],[-73.266262,44.531144],[-73.266246,44.531178],[-73.266107,44.531377],[-73.266022,44.531481],[-73.265928,44.531616],[-73.265843,44.531747],[-73.265758,44.531923],[-73.265688,44.532073],[-73.265628,44.532252],[-73.26555,44.532394],[-73.265453,44.532536],[-73.265333,44.53273],[-73.265209,44.532928],[-73.265101,44.533099],[-73.265,44.533264],[-73.264892,44.533468],[-73.26483,44.533598],[-73.264777,44.533763],[-73.264763,44.533859],[-73.264772,44.533967],[-73.264805,44.534063],[-73.264868,44.534171],[-73.264942,44.534283],[-73.265023,44.534373],[-73.265113,44.534488],[-73.265148,44.534532],[-73.265163,44.534592],[-73.265161,44.534671],[-73.265139,44.534768],[-73.265118,44.534851],[-73.265085,44.534944],[-73.265032,44.535097],[-73.264978,44.535227],[-73.264909,44.535369],[-73.264847,44.5355],[-73.264786,44.535583],[-73.264723,44.53567],[-73.264646,44.535801],[-73.264575,44.535925],[-73.264507,44.536068],[-73.264445,44.53617],[-73.264375,44.53629],[-73.264314,44.536448],[-73.264276,44.53655],[-73.264232,44.536703],[-73.264201,44.536874],[-73.264187,44.537026],[-73.264197,44.537196],[-73.264215,44.537349],[-73.264268,44.537488],[-73.264329,44.537586],[-73.264426,44.537726],[-73.264498,44.537828],[-73.264591,44.537978],[-73.2647,44.538132],[-73.26483,44.538339],[-73.264934,44.538487],[-73.265025,44.53862],[-73.265136,44.538769],[-73.265256,44.538898],[-73.265392,44.539016],[-73.265543,44.539107],[-73.265758,44.539194],[-73.266063,44.539284],[-73.266397,44.539346],[-73.266726,44.539397],[-73.267074,44.539441],[-73.267286,44.539463],[-73.267543,44.53948],[-73.267765,44.539485],[-73.267999,44.539487],[-73.268382,44.539488],[-73.268769,44.539482],[-73.269125,44.53946],[-73.269332,44.539455],[-73.269512,44.539448],[-73.269711,44.53943],[-73.269911,44.539408],[-73.270135,44.539384],[-73.270417,44.539353],[-73.270625,44.539319],[-73.270855,44.539276],[-73.271085,44.539232],[-73.271293,44.539192],[-73.271509,44.539132],[-73.27169,44.539079],[-73.271879,44.539013],[-73.272104,44.538928],[-73.272311,44.538836],[-73.272473,44.538763],[-73.272581,44.538711],[-73.272697,44.538645],[-73.272841,44.53856],[-73.272995,44.538465],[-73.273141,44.538361],[-73.273266,44.53825],[-73.273405,44.538123],[-73.273527,44.538002],[-73.273655,44.537875],[-73.273743,44.537758],[-73.273782,44.537677],[-73.273826,44.537562],[-73.273843,44.53745],[-73.273839,44.537326],[-73.273848,44.537192],[-73.273858,44.537043],[-73.273821,44.536842],[-73.273797,44.536737],[-73.273744,44.536592],[-73.273698,44.536475],[-73.27364,44.536399],[-73.273537,44.536271],[-73.273451,44.536174],[-73.273371,44.536106],[-73.273234,44.536002],[-73.273098,44.53589],[-73.27291,44.535762],[-73.272705,44.535598],[-73.272591,44.535518],[-73.272471,44.535406],[-73.272306,44.53529],[-73.272117,44.535138],[-73.271975,44.535018],[-73.271815,44.534898],[-73.271662,44.534782],[-73.271536,44.534682],[-73.271377,44.534578],[-73.271274,44.534486],[-73.271166,44.53441],[-73.271086,44.53433],[-73.271051,44.534266],[-73.270934,44.534182],[-73.270792,44.534078],[-73.270632,44.533942],[-73.270439,44.533798],[-73.270285,44.53367],[-73.270108,44.53353],[-73.269982,44.533418],[-73.269811,44.53329],[-73.269657,44.533162],[-73.269515,44.533042],[-73.26936,44.532889],[-73.269308,44.532765],[-73.26925,44.532616],[-73.269231,44.532499],[-73.26919,44.532366],[-73.26916,44.532245],[-73.269159,44.532152],[-73.269163,44.532027],[-73.269184,44.53189],[-73.26921,44.531785],[-73.269266,44.531683],[-73.269359,44.531534],[-73.269459,44.5314],[-73.26957,44.531254],[-73.269664,44.5311],[-73.269757,44.530978],[-73.269896,44.530859],[-73.27006,44.530738],[-73.270222,44.530652],[-73.270362,44.530579],[-73.270497,44.530521],[-73.270727,44.530431],[-73.270845,44.53039],[-73.271013,44.530352],[-73.271188,44.530319],[-73.271327,44.530292],[-73.271469,44.530277],[-73.271616,44.530267],[-73.271728,44.530253],[-73.272059,44.530268],[-73.272127,44.530272],[-73.272177,44.530272],[-73.272257,44.530295],[-73.272353,44.530319],[-73.272421,44.530335],[-73.272498,44.53034],[-73.272543,44.530344],[-73.272582,44.53034],[-73.272633,44.530332],[-73.272693,44.530323],[-73.272732,44.530325],[-73.272773,44.530332],[-73.272844,44.530352],[-73.272907,44.530388],[-73.272933,44.530399],[-73.272971,44.530411],[-73.273053,44.530399],[-73.27309,44.530384],[-73.273123,44.53036],[-73.273136,44.530344],[-73.273138,44.530314],[-73.273125,44.53028],[-73.273102,44.53025],[-73.273102,44.530211],[-73.273111,44.530186],[-73.273111,44.530168],[-73.27312,44.530156],[-73.273142,44.530146],[-73.273172,44.530149],[-73.273194,44.530156],[-73.273213,44.530156],[-73.273236,44.530149],[-73.273257,44.530107],[-73.273267,44.530082],[-73.273285,44.530041],[-73.273294,44.530004],[-73.27331,44.529978],[-73.273319,44.52993],[-73.273322,44.529898],[-73.273326,44.529873],[-73.273344,44.529846],[-73.273366,44.529827],[-73.2734,44.529792],[-73.273442,44.529767],[-73.273492,44.529741],[-73.273515,44.529725],[-73.273534,44.529695],[-73.273524,44.529668],[-73.273498,44.529638],[-73.273459,44.5296],[-73.273421,44.529564],[-73.273384,44.529537],[-73.273353,44.529508],[-73.273335,44.529478],[-73.273335,44.529455],[-73.273355,44.529419],[-73.273389,44.529394],[-73.273416,44.529378],[-73.273436,44.52936],[-73.273446,44.52934],[-73.273446,44.529322],[-73.273455,44.529312],[-73.273476,44.529304],[-73.273492,44.529296],[-73.273495,44.529274],[-73.273491,44.529241],[-73.273494,44.529211],[-73.273501,44.5292],[-73.273515,44.529183],[-73.273519,44.529172],[-73.273526,44.529154],[-73.273531,44.529137],[-73.273544,44.529096],[-73.27355,44.529068],[-73.273557,44.529044],[-73.27357,44.529023],[-73.273577,44.529011],[-73.27358,44.529001],[-73.273575,44.528989],[-73.273558,44.528983],[-73.273547,44.528965],[-73.273551,44.528947],[-73.273547,44.528934],[-73.273534,44.528923],[-73.273511,44.528914],[-73.2735,44.528907],[-73.273494,44.528896],[-73.273498,44.528884],[-73.273507,44.528855],[-73.273521,44.528838],[-73.273531,44.528823],[-73.273528,44.528803],[-73.273517,44.528779],[-73.273505,44.528758],[-73.273491,44.52874],[-73.273473,44.528724],[-73.273469,44.528713],[-73.273472,44.528705],[-73.273482,44.528689],[-73.273503,44.528671],[-73.273517,44.52865],[-73.273523,44.528627],[-73.273524,44.528606],[-73.273526,44.528575],[-73.273526,44.528555],[-73.273516,44.528514],[-73.273519,44.52849],[-73.273521,44.528467],[-73.273512,44.528452],[-73.273473,44.528419],[-73.273429,44.528374],[-73.273395,44.528336],[-73.273376,44.528299],[-73.273367,44.528269],[-73.273342,44.528228],[-73.273325,44.528204],[-73.273301,44.528175],[-73.273293,44.528159],[-73.27329,44.528127],[-73.273291,44.528099],[-73.273291,44.528085],[-73.273288,44.528068],[-73.273285,44.528048],[-73.273269,44.52802],[-73.273264,44.528],[-73.273258,44.527975],[-73.273258,44.527939],[-73.273259,44.527911],[-73.273255,44.527893],[-73.273247,44.527881],[-73.273222,44.527863],[-73.273207,44.527843],[-73.273199,44.527818],[-73.273183,44.527786],[-73.273166,44.527765],[-73.273153,44.527742],[-73.273135,44.527714],[-73.273125,44.527684],[-73.273125,44.527656],[-73.273125,44.527605],[-73.273118,44.527574],[-73.273103,44.527548],[-73.273101,44.527531],[-73.273106,44.527509],[-73.273111,44.527492],[-73.27312,44.527471],[-73.273122,44.527452],[-73.273123,44.527429],[-73.273128,44.527406],[-73.27314,44.527382],[-73.273157,44.527363],[-73.273175,44.527356],[-73.273197,44.527354],[-73.273227,44.52736],[-73.27325,44.527361],[-73.273275,44.52736],[-73.273299,44.527357],[-73.273324,44.527352],[-73.273343,44.527339],[-73.273348,44.527321],[-73.273347,44.527299],[-73.273333,44.527282],[-73.273307,44.527268],[-73.273286,44.527254],[-73.27328,44.527242],[-73.273285,44.527222],[-73.273306,44.527204],[-73.273322,44.527192],[-73.273336,44.527176],[-73.273345,44.527163],[-73.27335,44.527146],[-73.273352,44.52713],[-73.273355,44.527112],[-73.273358,44.527087],[-73.27336,44.527061],[-73.273359,44.527028],[-73.273357,44.526995],[-73.273351,44.526963],[-73.273339,44.526929],[-73.27332,44.526897],[-73.273306,44.526869],[-73.273299,44.526847],[-73.273301,44.526831],[-73.2733,44.526818],[-73.273296,44.526809],[-73.273284,44.526796],[-73.273268,44.526769],[-73.27326,44.526735],[-73.273249,44.526702],[-73.27324,44.526685],[-73.273226,44.52666],[-73.273206,44.526635],[-73.273186,44.526609],[-73.273161,44.526586],[-73.273143,44.526577],[-73.273135,44.526575],[-73.273125,44.526577],[-73.273105,44.526583],[-73.273016,44.526474],[-73.27299,44.526444],[-73.272909,44.526319],[-73.272884,44.526325],[-73.272863,44.526294],[-73.27285,44.526267],[-73.272834,44.526241],[-73.272821,44.526217],[-73.272792,44.526182],[-73.272767,44.526146],[-73.272733,44.526099],[-73.272701,44.526072],[-73.272652,44.526038],[-73.272608,44.526009],[-73.272567,44.525974],[-73.272517,44.525933],[-73.272462,44.525888],[-73.272411,44.525837],[-73.272352,44.525791],[-73.272297,44.525742],[-73.272262,44.525713],[-73.27222,44.525677],[-73.272205,44.525657],[-73.2722,44.525634],[-73.272197,44.525605],[-73.272188,44.52557],[-73.272178,44.525542],[-73.272166,44.525504],[-73.272152,44.525469],[-73.272144,44.525436],[-73.272132,44.525409],[-73.272116,44.525386],[-73.272084,44.52536],[-73.272055,44.525339],[-73.272038,44.525317],[-73.272035,44.525301],[-73.272039,44.525276],[-73.272039,44.52525],[-73.272037,44.525232],[-73.27203,44.525198],[-73.272014,44.525177],[-73.271984,44.525154],[-73.271944,44.525139],[-73.271927,44.525128],[-73.271907,44.52511],[-73.271898,44.525094],[-73.268539,44.525683],[-73.268777,44.525495],[-73.268767,44.525498],[-73.268818,44.525453],[-73.268864,44.525405],[-73.268878,44.52539],[-73.268924,44.525323],[-73.268973,44.525222],[-73.269002,44.525063],[-73.268979,44.524927],[-73.26889,44.524736],[-73.268766,44.524545],[-73.268702,44.524465],[-73.268552,44.524248],[-73.268458,44.52409],[-73.268393,44.523946],[-73.268127,44.523433],[-73.268023,44.523209],[-73.267925,44.522932],[-73.267798,44.522546],[-73.267747,44.52236],[-73.267669,44.52222],[-73.267583,44.522107],[-73.267493,44.52201],[-73.267416,44.521938],[-73.267296,44.521836],[-73.267057,44.521666],[-73.266862,44.521793],[-73.266759,44.52184],[-73.266368,44.521481],[-73.266042,44.521673],[-73.265729,44.521856],[-73.265587,44.521944],[-73.265425,44.522035],[-73.265275,44.522132],[-73.265086,44.522237],[-73.26483,44.521851],[-73.264745,44.52173],[-73.26465,44.521614],[-73.264549,44.521507],[-73.264498,44.521464],[-73.264324,44.521321],[-73.263687,44.520852],[-73.263358,44.520605],[-73.262782,44.520184],[-73.262618,44.520055],[-73.262359,44.519876],[-73.261855,44.519504],[-73.261688,44.519378],[-73.261385,44.519162],[-73.261326,44.519126],[-73.2609,44.518803],[-73.260491,44.518502],[-73.260391,44.518423],[-73.260068,44.518185],[-73.259913,44.518066],[-73.258679,44.517163],[-73.258281,44.516877],[-73.257594,44.516359],[-73.257285,44.516122],[-73.256892,44.51587],[-73.25667,44.515707],[-73.256513,44.515583],[-73.25641,44.5155],[-73.25613,44.515278],[-73.255544,44.514838],[-73.255146,44.514552],[-73.254899,44.514374],[-73.254171,44.513815],[-73.254112,44.513774],[-73.25346,44.513263],[-73.253092,44.513017],[-73.252313,44.512454],[-73.251352,44.511742],[-73.2505,44.511098],[-73.249935,44.510684],[-73.249748,44.510536],[-73.24925,44.510173],[-73.249074,44.510051],[-73.248714,44.509801],[-73.24831,44.509504],[-73.248137,44.509369],[-73.246961,44.508504],[-73.246686,44.508305],[-73.245573,44.507476],[-73.244576,44.506746],[-73.244223,44.506477],[-73.243856,44.506201],[-73.243848,44.506194],[-73.243507,44.505939],[-73.243212,44.505711],[-73.243037,44.505575],[-73.242068,44.504865],[-73.241945,44.504776],[-73.241692,44.504589],[-73.241639,44.50455],[-73.24078,44.503916],[-73.240641,44.503816],[-73.240452,44.503675],[-73.24039,44.503628],[-73.239998,44.503334],[-73.239047,44.502664],[-73.238364,44.502146],[-73.237436,44.501484],[-73.236877,44.501063],[-73.236856,44.501047],[-73.236823,44.501023],[-73.236305,44.500644],[-73.236128,44.500514],[-73.235661,44.500153],[-73.233432,44.498511],[-73.233272,44.498368],[-73.233173,44.498267],[-73.232871,44.497878],[-73.23271,44.497641],[-73.232624,44.497526],[-73.232313,44.497137],[-73.232697,44.496937],[-73.23275,44.496904],[-73.233116,44.496705],[-73.23395,44.496234],[-73.234658,44.495826],[-73.234726,44.495792],[-73.235243,44.495491],[-73.235373,44.495411],[-73.235431,44.495365],[-73.235481,44.495353],[-73.235836,44.495152],[-73.236672,44.494679],[-73.239078,44.493318],[-73.240968,44.492148],[-73.240913,44.492137],[-73.240882,44.492131],[-73.240731,44.492101],[-73.240563,44.492067],[-73.240391,44.492034],[-73.240216,44.491999],[-73.240042,44.491962],[-73.239884,44.491922],[-73.23967,44.49187],[-73.239478,44.491824],[-73.239301,44.491781],[-73.239095,44.49173],[-73.238911,44.491683],[-73.238746,44.491638],[-73.23862,44.491606],[-73.23844,44.491557],[-73.238263,44.491513],[-73.238075,44.491465],[-73.237908,44.491421],[-73.237731,44.491374],[-73.237559,44.491328],[-73.23741,44.491283],[-73.23726,44.491238],[-73.237108,44.491193],[-73.236959,44.491148],[-73.236769,44.491092],[-73.236636,44.491049],[-73.236485,44.491001],[-73.236387,44.490968],[-73.23634,44.490952],[-73.236196,44.490904],[-73.236078,44.490866],[-73.235955,44.490821],[-73.235809,44.490775],[-73.23567,44.490724],[-73.235534,44.490679],[-73.235384,44.490625],[-73.235274,44.490585],[-73.235133,44.490535],[-73.23502,44.490489],[-73.234938,44.490455],[-73.234839,44.490415],[-73.234734,44.49037],[-73.234668,44.490339],[-73.234578,44.490304],[-73.23449,44.490272],[-73.234399,44.490236],[-73.234279,44.490188],[-73.234175,44.49015],[-73.23406,44.490107],[-73.233958,44.490065],[-73.233859,44.490026],[-73.233742,44.489981],[-73.233605,44.489929],[-73.2335,44.489887],[-73.233391,44.489841],[-73.233241,44.489781],[-73.233137,44.489737],[-73.233,44.489677],[-73.232878,44.48963],[-73.232761,44.489581],[-73.232642,44.489528],[-73.232528,44.489475],[-73.232431,44.489429],[-73.232329,44.489384],[-73.232197,44.489323],[-73.23209,44.489272],[-73.231981,44.489218],[-73.231879,44.489165],[-73.231763,44.489105],[-73.231651,44.489046],[-73.231566,44.488999],[-73.231472,44.488946],[-73.23138,44.488888],[-73.231291,44.488832],[-73.231225,44.488781],[-73.231194,44.488758],[-73.23116,44.488728],[-73.231128,44.48869],[-73.231106,44.488652],[-73.231082,44.488609],[-73.231074,44.488588],[-73.231072,44.488581],[-73.231075,44.488573],[-73.231086,44.488556],[-73.231108,44.488534],[-73.231131,44.488515],[-73.231169,44.488482],[-73.231215,44.48845],[-73.231249,44.488423],[-73.231281,44.4884],[-73.23131,44.48838],[-73.231322,44.488369],[-73.23133,44.488357],[-73.231333,44.488338],[-73.231324,44.488319],[-73.231301,44.488302],[-73.231231,44.48826],[-73.231169,44.488226],[-73.231133,44.488206],[-73.231102,44.488185],[-73.231051,44.488149],[-73.231008,44.488113],[-73.23096,44.488081],[-73.230907,44.48804],[-73.23084,44.487992],[-73.230793,44.487961],[-73.230731,44.48792],[-73.230673,44.487877],[-73.230616,44.487837],[-73.230571,44.487808],[-73.230516,44.487772],[-73.23046,44.487731],[-73.230395,44.487684],[-73.230321,44.487632],[-73.230241,44.487574],[-73.230165,44.487526],[-73.230082,44.487474],[-73.230018,44.487432],[-73.229956,44.487395],[-73.229885,44.487349],[-73.229815,44.487299],[-73.229742,44.487251],[-73.229684,44.487217],[-73.229624,44.487181],[-73.229595,44.487167],[-73.229574,44.487157],[-73.229555,44.487144],[-73.22951,44.487113],[-73.229447,44.487067],[-73.22939,44.487024],[-73.229347,44.487002],[-73.229293,44.486974],[-73.229245,44.486947],[-73.229201,44.486917],[-73.229171,44.486892],[-73.229139,44.486853],[-73.22911,44.486808],[-73.229096,44.486775],[-73.229089,44.486744],[-73.229087,44.486712],[-73.229088,44.48668],[-73.229092,44.486654],[-73.229098,44.486643],[-73.229108,44.486635],[-73.229118,44.486629],[-73.229139,44.486618],[-73.229162,44.486607],[-73.2292,44.486593],[-73.229248,44.48657],[-73.22929,44.486545],[-73.229324,44.486524],[-73.229357,44.486501],[-73.229404,44.486475],[-73.229464,44.486446],[-73.229527,44.486414],[-73.229578,44.48639],[-73.22962,44.486367],[-73.229657,44.486347],[-73.229701,44.486322],[-73.229745,44.486299],[-73.229815,44.486262],[-73.22987,44.486237],[-73.229909,44.486214],[-73.229925,44.486199],[-73.229928,44.48619],[-73.229923,44.486183],[-73.229911,44.486178],[-73.229891,44.486175],[-73.229876,44.486176],[-73.229861,44.48618],[-73.229825,44.486201],[-73.229771,44.48623],[-73.229739,44.486243],[-73.229688,44.486265],[-73.229638,44.486287],[-73.229584,44.486315],[-73.229521,44.486347],[-73.229455,44.486379],[-73.229395,44.486406],[-73.229318,44.486443],[-73.229238,44.486479],[-73.229173,44.486511],[-73.229109,44.486541],[-73.229053,44.486568],[-73.229008,44.486587],[-73.228959,44.486607],[-73.228911,44.486622],[-73.228883,44.486627],[-73.228872,44.486629],[-73.22886,44.486628],[-73.228836,44.486627],[-73.228815,44.486621],[-73.228779,44.486611],[-73.228731,44.486585],[-73.228676,44.48655],[-73.228617,44.486505],[-73.228546,44.486455],[-73.228465,44.486402],[-73.22838,44.486343],[-73.228314,44.486301],[-73.228251,44.486255],[-73.228199,44.48622],[-73.22813,44.486163],[-73.228078,44.486117],[-73.228025,44.486071],[-73.227968,44.486025],[-73.227931,44.485992],[-73.227882,44.485942],[-73.227839,44.485891],[-73.227799,44.485839],[-73.227759,44.485782],[-73.22771,44.485723],[-73.227656,44.485655],[-73.227607,44.485601],[-73.227573,44.485556],[-73.227529,44.485499],[-73.227517,44.48547],[-73.227513,44.485454],[-73.227514,44.485435],[-73.22752,44.485416],[-73.22753,44.485399],[-73.227559,44.485367],[-73.227606,44.485316],[-73.227658,44.48526],[-73.227718,44.485202],[-73.227759,44.485159],[-73.227801,44.485111],[-73.227844,44.485062],[-73.227882,44.485023],[-73.227923,44.484986],[-73.227957,44.484951],[-73.22785,44.484884],[-73.22779,44.484841],[-73.227709,44.484776],[-73.22764,44.484723],[-73.227586,44.484683],[-73.227541,44.484652],[-73.227504,44.484626],[-73.227469,44.484598],[-73.227443,44.484571],[-73.2274,44.484533],[-73.227348,44.484492],[-73.227304,44.484458],[-73.227249,44.484425],[-73.227178,44.484388],[-73.22711,44.484345],[-73.227046,44.484304],[-73.226976,44.484251],[-73.22691,44.484205],[-73.226856,44.484165],[-73.226776,44.484108],[-73.226716,44.484064],[-73.226662,44.484026],[-73.226623,44.483995],[-73.226579,44.483959],[-73.226541,44.483936],[-73.226516,44.483925],[-73.226355,44.48395],[-73.226303,44.483898],[-73.226229,44.483851],[-73.226152,44.483808],[-73.226065,44.48376],[-73.225994,44.483719],[-73.225922,44.483673],[-73.225832,44.483622],[-73.22575,44.483568],[-73.225686,44.48352],[-73.225624,44.483478],[-73.225552,44.483435],[-73.225481,44.483394],[-73.225396,44.483342],[-73.225312,44.483291],[-73.225211,44.483236],[-73.225191,44.483224],[-73.225157,44.483204],[-73.224192,44.483584],[-73.22396,44.483675],[-73.224197,44.483963],[-73.224781,44.484436],[-73.225909,44.485353],[-73.226152,44.485584],[-73.22643,44.485928],[-73.226673,44.486351],[-73.226812,44.486711],[-73.226904,44.487101],[-73.226899,44.487399],[-73.226881,44.487788],[-73.226737,44.488274],[-73.226603,44.488605],[-73.226441,44.488869],[-73.226129,44.48923],[-73.225441,44.489808],[-73.225053,44.490127],[-73.224249,44.490592],[-73.222865,44.491024],[-73.222847,44.49103],[-73.221022,44.491174],[-73.217761,44.491235],[-73.226018,44.500253],[-73.221203,44.50395],[-73.216193,44.507798],[-73.214739,44.508891],[-73.214784,44.508968],[-73.2149,44.509172],[-73.215016,44.50932],[-73.215194,44.509497],[-73.215356,44.509601],[-73.215519,44.509694],[-73.215732,44.50977],[-73.215959,44.509838],[-73.216297,44.50992],[-73.216534,44.509966],[-73.216774,44.510015],[-73.217104,44.510082],[-73.217353,44.510112],[-73.217618,44.510126],[-73.217687,44.510123],[-73.217766,44.510106],[-73.218284,44.50993],[-73.218839,44.509706],[-73.219088,44.509554],[-73.219145,44.509509],[-73.219292,44.509371],[-73.21941,44.509234],[-73.219451,44.509118],[-73.219491,44.50903],[-73.219607,44.508893],[-73.219766,44.508767],[-73.219911,44.508651],[-73.220085,44.508524],[-73.220294,44.50834],[-73.220491,44.508176],[-73.220679,44.508007],[-73.220867,44.507838],[-73.22104,44.507638],[-73.221156,44.507491],[-73.221299,44.507291],[-73.221467,44.507114],[-73.221661,44.506911],[-73.221863,44.506701],[-73.221993,44.506595],[-73.222182,44.506437],[-73.222366,44.506301],[-73.222539,44.506186],[-73.222741,44.50605],[-73.222959,44.505913],[-73.223139,44.505803],[-73.223395,44.505688],[-73.223635,44.5056],[-73.223883,44.505546],[-73.22412,44.505526],[-73.224424,44.505543],[-73.224688,44.505572],[-73.224835,44.505603],[-73.225114,44.505675],[-73.225276,44.505768],[-73.225453,44.505871],[-73.225644,44.505975],[-73.225762,44.506106],[-73.225794,44.506209],[-73.22581,44.506258],[-73.225854,44.506288],[-73.225939,44.506317],[-73.226068,44.506359],[-73.226183,44.506429],[-73.226381,44.506525],[-73.226575,44.506618],[-73.226777,44.506753],[-73.226973,44.506899],[-73.227136,44.507013],[-73.227269,44.507106],[-73.227547,44.507272],[-73.227726,44.507407],[-73.227844,44.507521],[-73.227889,44.507584],[-73.227912,44.507621],[-73.227934,44.507657],[-73.228024,44.507766],[-73.228127,44.507897],[-73.228254,44.508046],[-73.2284,44.508177],[-73.228492,44.508294],[-73.228567,44.508424],[-73.228677,44.508563],[-73.228811,44.50872],[-73.228975,44.508939],[-73.229088,44.509125],[-73.229184,44.509314],[-73.229259,44.509481],[-73.229336,44.509732],[-73.229413,44.510015],[-73.229459,44.510255],[-73.229452,44.510405],[-73.229447,44.51055],[-73.229406,44.510685],[-73.229392,44.510769],[-73.229365,44.510863],[-73.229352,44.511041],[-73.22931,44.511209],[-73.22924,44.511409],[-73.229139,44.511577],[-73.229082,44.511672],[-73.228952,44.511829],[-73.228823,44.511998],[-73.228698,44.51216],[-73.22862,44.51223],[-73.228533,44.512262],[-73.228431,44.512283],[-73.228373,44.512336],[-73.228345,44.51243],[-73.22823,44.512578],[-73.228085,44.512767],[-73.227898,44.512967],[-73.227821,44.513048],[-73.22768,44.513126],[-73.227331,44.513285],[-73.22704,44.513402],[-73.226734,44.513519],[-73.226481,44.51362],[-73.226165,44.513701],[-73.225931,44.513724],[-73.225653,44.513757],[-73.225346,44.51379],[-73.224998,44.513805],[-73.22479,44.513804],[-73.224556,44.513806],[-73.224395,44.513807],[-73.224233,44.513832],[-73.224059,44.513872],[-73.223768,44.513957],[-73.223417,44.514043],[-73.223067,44.51414],[-73.222753,44.514252],[-73.222372,44.51438],[-73.221975,44.514514],[-73.221624,44.51462],[-73.221362,44.514695],[-73.221026,44.514781],[-73.220686,44.514884],[-73.220328,44.51499],[-73.219947,44.515144],[-73.219641,44.515261],[-73.219437,44.515357],[-73.219239,44.515457],[-73.219147,44.515557],[-73.21909,44.515694],[-73.219077,44.51582],[-73.219093,44.515914],[-73.219182,44.515987],[-73.2193,44.51607],[-73.219461,44.516121],[-73.219623,44.51613],[-73.219784,44.516108],[-73.220032,44.516075],[-73.220234,44.516059],[-73.220471,44.516047],[-73.220732,44.516067],[-73.220983,44.51608],[-73.221306,44.516109],[-73.221687,44.516155],[-73.222129,44.516205],[-73.222474,44.516239],[-73.222977,44.516298],[-73.223358,44.516337],[-73.223798,44.516366],[-73.22409,44.516374],[-73.224509,44.516368],[-73.224866,44.516349],[-73.225231,44.516325],[-73.225568,44.516281],[-73.225874,44.516238],[-73.226226,44.516182],[-73.226605,44.516107],[-73.226911,44.516021],[-73.227161,44.515926],[-73.227427,44.515819],[-73.227646,44.515716],[-73.227902,44.515566],[-73.228175,44.515384],[-73.22833,44.515223],[-73.228455,44.515079],[-73.228604,44.514875],[-73.228722,44.51467],[-73.228823,44.51451],[-73.228957,44.514286],[-73.229055,44.514091],[-73.229175,44.513888],[-73.229324,44.513727],[-73.229438,44.513614],[-73.229606,44.513503],[-73.229748,44.51341],[-73.229919,44.513327],[-73.230061,44.513244],[-73.230222,44.513128],[-73.230335,44.513041],[-73.230474,44.512958],[-73.230658,44.512841],[-73.23093,44.512695],[-73.231227,44.512581],[-73.231455,44.512528],[-73.231727,44.512496],[-73.232085,44.512483],[-73.2324,44.512481],[-73.232572,44.512511],[-73.232762,44.512567],[-73.232962,44.512643],[-73.233119,44.512733],[-73.233219,44.512836],[-73.233307,44.512905],[-73.233361,44.512976],[-73.233429,44.513026],[-73.233463,44.513051],[-73.233521,44.513094],[-73.233568,44.51315],[-73.233612,44.513211],[-73.233627,44.513262],[-73.233657,44.513416],[-73.233731,44.513559],[-73.233779,44.513616],[-73.233847,44.513671],[-73.233919,44.51368],[-73.234019,44.51371],[-73.234149,44.513771],[-73.234294,44.513903],[-73.234367,44.513995],[-73.234454,44.514128],[-73.234544,44.5143],[-73.234558,44.514443],[-73.234631,44.514557],[-73.234718,44.514659],[-73.234834,44.514778],[-73.235018,44.514937],[-73.235292,44.515122],[-73.235628,44.515278],[-73.235959,44.515399],[-73.236232,44.515469],[-73.236519,44.515518],[-73.236792,44.515568],[-73.237151,44.515627],[-73.237323,44.515667],[-73.237481,44.515717],[-73.237754,44.515817],[-73.238115,44.515979],[-73.238489,44.516141],[-73.238864,44.516323],[-73.239102,44.516496],[-73.239239,44.516566],[-73.239451,44.516644],[-73.239567,44.516742],[-73.239845,44.516962],[-73.239961,44.517074],[-73.240007,44.517258],[-73.240007,44.517421],[-73.240011,44.517586],[-73.239998,44.51774],[-73.239983,44.51788],[-73.239937,44.518052],[-73.239897,44.51822],[-73.239827,44.518358],[-73.239736,44.518499],[-73.23966,44.518671],[-73.239605,44.518794],[-73.239533,44.518859],[-73.239433,44.518916],[-73.239266,44.518958],[-73.239066,44.519016],[-73.238845,44.519074],[-73.238685,44.519112],[-73.238643,44.519134],[-73.238617,44.519168],[-73.238616,44.519278],[-73.238505,44.519409],[-73.238405,44.519452],[-73.238193,44.519535],[-73.238136,44.519586],[-73.238025,44.519719],[-73.237984,44.519812],[-73.23795,44.519915],[-73.237894,44.520048],[-73.237846,44.520209],[-73.237791,44.520372],[-73.237736,44.520555],[-73.237631,44.520772],[-73.237543,44.520953],[-73.237471,44.521152],[-73.237392,44.52145],[-73.237373,44.521624],[-73.237368,44.521809],[-73.237357,44.522053],[-73.237389,44.522317],[-73.23745,44.522611],[-73.237508,44.522754],[-73.237625,44.522956],[-73.237755,44.523148],[-73.237901,44.523268],[-73.238077,44.523431],[-73.238272,44.523568],[-73.238478,44.523698],[-73.238726,44.523834],[-73.238966,44.523978],[-73.239291,44.52416],[-73.239513,44.52429],[-73.239772,44.524446],[-73.240004,44.524595],[-73.240189,44.524713],[-73.24044,44.524895],[-73.240616,44.525078],[-73.240775,44.525281],[-73.24085,44.525412],[-73.24087,44.525517],[-73.240863,44.525635],[-73.240869,44.525803],[-73.240894,44.525958],[-73.240933,44.526115],[-73.240973,44.526221],[-73.241023,44.526387],[-73.241109,44.526577],[-73.241223,44.526892],[-73.241281,44.527102],[-73.241305,44.527336],[-73.241319,44.527505],[-73.241333,44.527602],[-73.241335,44.527637],[-73.241322,44.527669],[-73.241302,44.52771],[-73.241276,44.527736],[-73.241226,44.527836],[-73.241218,44.527957],[-73.241239,44.528134],[-73.241295,44.528239],[-73.241407,44.52837],[-73.241561,44.5285],[-73.241732,44.528598],[-73.241829,44.528646],[-73.241953,44.528689],[-73.242042,44.528713],[-73.2422,44.528736],[-73.242386,44.528752],[-73.242671,44.528756],[-73.242892,44.528742],[-73.243009,44.528731],[-73.243167,44.5287],[-73.243328,44.528649],[-73.243487,44.528587],[-73.243724,44.528467],[-73.243907,44.528367],[-73.24408,44.528234],[-73.244262,44.528108],[-73.244395,44.528012],[-73.244601,44.527881],[-73.2448,44.527776],[-73.245038,44.527669],[-73.245294,44.527562],[-73.245632,44.527429],[-73.245806,44.527353],[-73.246036,44.527259],[-73.246226,44.527175],[-73.246437,44.527088],[-73.246635,44.527003],[-73.246815,44.526922],[-73.247021,44.526821],[-73.247195,44.526735],[-73.247314,44.526675],[-73.247478,44.526562],[-73.247617,44.526451],[-73.24779,44.526326],[-73.248024,44.526165],[-73.248272,44.525981],[-73.248496,44.525807],[-73.248749,44.525597],[-73.248951,44.525389],[-73.249037,44.525293],[-73.249151,44.52516],[-73.249232,44.525038],[-73.249267,44.524946],[-73.24929,44.524848],[-73.249331,44.524761],[-73.249396,44.524689],[-73.249458,44.524587],[-73.249517,44.524476],[-73.249566,44.524377],[-73.24962,44.524275],[-73.24965,44.524167],[-73.249673,44.524071],[-73.249673,44.523917],[-73.249662,44.523839],[-73.249625,44.523792],[-73.249554,44.523759],[-73.249534,44.523715],[-73.249541,44.52367],[-73.249501,44.523614],[-73.249445,44.523535],[-73.249429,44.523482],[-73.249391,44.523455],[-73.249348,44.523371],[-73.24933,44.523282],[-73.249329,44.523168],[-73.249335,44.52306],[-73.249373,44.522924],[-73.249408,44.522814],[-73.249474,44.52272],[-73.249544,44.522623],[-73.249606,44.522538],[-73.249731,44.522418],[-73.249825,44.522344],[-73.249919,44.522275],[-73.250053,44.522207],[-73.250186,44.522149],[-73.250288,44.522109],[-73.250517,44.522073],[-73.250646,44.522069],[-73.250794,44.522066],[-73.250985,44.522082],[-73.251086,44.522117],[-73.251157,44.522114],[-73.251237,44.522134],[-73.251294,44.522181],[-73.251366,44.522237],[-73.25147,44.522322],[-73.251566,44.522429],[-73.251638,44.522513],[-73.251719,44.522648],[-73.251776,44.522772],[-73.251817,44.522836],[-73.251897,44.522941],[-73.251969,44.523039],[-73.252069,44.523162],[-73.252171,44.523307],[-73.252283,44.52342],[-73.252411,44.523543],[-73.252572,44.523652],[-73.25277,44.523767],[-73.252977,44.523891],[-73.253208,44.524019],[-73.253447,44.524131],[-73.253685,44.524231],[-73.253952,44.524311],[-73.254169,44.524358],[-73.254399,44.52439],[-73.254684,44.524422],[-73.254891,44.524445],[-73.255168,44.52447],[-73.255288,44.524473],[-73.255563,44.524479],[-73.255674,44.524472],[-73.255784,44.524449],[-73.255903,44.524414],[-73.256013,44.524374],[-73.256139,44.524328],[-73.256262,44.524261],[-73.256378,44.524188],[-73.256464,44.524097],[-73.256518,44.524006],[-73.256584,44.52389],[-73.256642,44.523773],[-73.25668,44.523643],[-73.256725,44.523506],[-73.256748,44.523421],[-73.25681,44.523353],[-73.256896,44.523302],[-73.257022,44.523256],[-73.257212,44.523209],[-73.257385,44.523168],[-73.257511,44.523139],[-73.257696,44.523091],[-73.257898,44.52304],[-73.258206,44.522976],[-73.258584,44.522894],[-73.258987,44.522835],[-73.259302,44.522788],[-73.259642,44.522746],[-73.25999,44.522727],[-73.260258,44.522708],[-73.260386,44.522711],[-73.26052,44.52274],[-73.260615,44.522762],[-73.260685,44.522769],[-73.260789,44.522772],[-73.260948,44.522782],[-73.261114,44.522804],[-73.26132,44.522842],[-73.261558,44.522886],[-73.261732,44.522913],[-73.261946,44.522951],[-73.262033,44.522951],[-73.2622,44.522989],[-73.262494,44.523078],[-73.262796,44.523172],[-73.263066,44.523277],[-73.263305,44.523366],[-73.263471,44.523422],[-73.263686,44.5235],[-73.263861,44.523572],[-73.263949,44.523622],[-73.264004,44.523667],[-73.26406,44.523701],[-73.264291,44.52379],[-73.264514,44.523907],[-73.26484,44.52408],[-73.265127,44.524237],[-73.26543,44.52441],[-73.265701,44.52459],[-73.265941,44.524741],[-73.266181,44.524932],[-73.266364,44.525094],[-73.266525,44.525263],[-73.266725,44.525437],[-73.266869,44.5256],[-73.267014,44.525792],[-73.267087,44.525904],[-73.267169,44.526049],[-73.267258,44.52626],[-73.267332,44.526457],[-73.26738,44.526589],[-73.267447,44.526773],[-73.267496,44.526943],[-73.267545,44.527084],[-73.267581,44.527235],[-73.267613,44.527399],[-73.267633,44.527551],[-73.267648,44.527666],[-73.267665,44.527779],[-73.267689,44.527789],[-73.267728,44.527807],[-73.26775,44.527835],[-73.267725,44.527847],[-73.26769,44.527858],[-73.267666,44.527896],[-73.267677,44.527965],[-73.267645,44.528062],[-73.267623,44.528193],[-73.267601,44.528289],[-73.267585,44.528404],[-73.267572,44.528527],[-73.267567,44.52865],[-73.267544,44.528793],[-73.267506,44.528929],[-73.267468,44.529031],[-73.267431,44.529173],[-73.267378,44.529371],[-73.267364,44.529502],[-73.267318,44.529609],[-73.267296,44.52974],[-73.267266,44.529876],[-73.267228,44.529978],[-73.267158,44.530108],[-73.267096,44.530216],[-73.267003,44.530325]]]}},{"type":"Feature","properties":{"ward":"8","district":"East","population_2020":4953},"geometry":{"type":"Polygon","coordinates":[[[-73.199765,44.48061],[-73.199907,44.48063],[-73.200562,44.480743],[-73.200711,44.480757],[-73.200712,44.480761],[-73.205678,44.480673],[-73.205677,44.48066],[-73.205749,44.480658],[-73.205821,44.480656],[-73.205989,44.480652],[-73.206363,44.480642],[-73.206731,44.480632],[-73.207189,44.48062],[-73.207504,44.480612],[-73.207746,44.480604],[-73.207961,44.480597],[-73.208106,44.480592],[-73.208255,44.480587],[-73.208278,44.480587],[-73.208555,44.480578],[-73.209116,44.480559],[-73.20931,44.480553],[-73.209787,44.480535],[-73.210027,44.480526],[-73.210795,44.4805],[-73.211071,44.480491],[-73.211208,44.480486],[-73.21116,44.479348],[-73.211147,44.479041],[-73.211127,44.478617],[-73.211106,44.478248],[-73.211056,44.477145],[-73.211025,44.47689],[-73.211007,44.476413],[-73.210994,44.476103],[-73.210989,44.47599],[-73.210973,44.475801],[-73.210971,44.475775],[-73.210939,44.475566],[-73.210922,44.475459],[-73.210798,44.474817],[-73.210772,44.474426],[-73.210738,44.473759],[-73.209822,44.47379],[-73.209622,44.473797],[-73.208815,44.473825],[-73.208735,44.473828],[-73.208665,44.47383],[-73.208365,44.473841],[-73.208287,44.473844],[-73.207674,44.473865],[-73.207414,44.473874],[-73.207337,44.473876],[-73.207313,44.473877],[-73.207076,44.473885],[-73.207027,44.473887],[-73.206554,44.473903],[-73.206505,44.473905],[-73.206435,44.473908],[-73.206383,44.473437],[-73.206373,44.473369],[-73.206617,44.473361],[-73.207143,44.473343],[-73.207104,44.472799],[-73.207101,44.472756],[-73.207054,44.471931],[-73.205959,44.471966],[-73.205149,44.471992],[-73.205184,44.472423],[-73.204112,44.472458],[-73.203659,44.472472],[-73.203662,44.472529],[-73.203663,44.472536],[-73.203667,44.472596],[-73.20367,44.472647],[-73.203332,44.472654],[-73.203205,44.472658],[-73.203105,44.472661],[-73.20295,44.472665],[-73.202275,44.472684],[-73.202136,44.472688],[-73.202164,44.473051],[-73.202186,44.473332],[-73.202198,44.473483],[-73.202205,44.473575],[-73.202243,44.474053],[-73.202275,44.474478],[-73.202294,44.474732],[-73.2023,44.474808],[-73.202309,44.47492],[-73.202328,44.475171],[-73.202357,44.475551],[-73.20237,44.475781],[-73.202373,44.475844],[-73.202381,44.475977],[-73.202399,44.476293],[-73.201708,44.476319],[-73.201202,44.476338],[-73.201124,44.476341],[-73.200828,44.476352],[-73.200677,44.476358],[-73.200556,44.476361],[-73.200336,44.476367],[-73.200127,44.476372],[-73.199973,44.476376],[-73.199519,44.476388],[-73.199302,44.476394],[-73.199086,44.476399],[-73.19903,44.476374],[-73.19902,44.476369],[-73.198963,44.476343],[-73.198866,44.476299],[-73.198652,44.476231],[-73.198608,44.476216],[-73.198264,44.4761],[-73.197907,44.475942],[-73.197646,44.475827],[-73.197636,44.475823],[-73.197422,44.475728],[-73.196958,44.475524],[-73.196754,44.475434],[-73.196423,44.475286],[-73.19662,44.475061],[-73.196394,44.474957],[-73.197323,44.473921],[-73.197531,44.47369],[-73.196424,44.473193],[-73.196569,44.472953],[-73.196634,44.472736],[-73.196671,44.472614],[-73.196682,44.47242],[-73.196672,44.47225],[-73.196634,44.472084],[-73.196526,44.471786],[-73.196444,44.471664],[-73.196406,44.471612],[-73.196333,44.471509],[-73.196181,44.471306],[-73.196139,44.4712],[-73.196126,44.471167],[-73.196113,44.471128],[-73.196095,44.471071],[-73.196086,44.471007],[-73.196073,44.470916],[-73.195947,44.470926],[-73.195769,44.47094],[-73.195351,44.470972],[-73.194879,44.471009],[-73.193254,44.471198],[-73.193485,44.472251],[-73.195056,44.47214],[-73.195207,44.473104],[-73.196076,44.473476],[-73.196157,44.47351],[-73.195917,44.473795],[-73.195748,44.473995],[-73.195515,44.474267],[-73.195201,44.47463],[-73.195135,44.474704],[-73.19507,44.474772],[-73.194731,44.475126],[-73.194124,44.474864],[-73.194036,44.474857],[-73.193867,44.474881],[-73.193792,44.47493],[-73.193621,44.475123],[-73.193436,44.475332],[-73.193165,44.475638],[-73.193084,44.475592],[-73.193012,44.475564],[-73.192921,44.475551],[-73.192794,44.475556],[-73.192652,44.475561],[-73.192693,44.475817],[-73.19279,44.476438],[-73.19279,44.476438],[-73.192848,44.47681],[-73.192862,44.476899],[-73.192863,44.47709],[-73.192855,44.477194],[-73.192848,44.477278],[-73.192818,44.477534],[-73.192847,44.477861],[-73.192857,44.477933],[-73.192885,44.478132],[-73.192993,44.478434],[-73.193155,44.478794],[-73.193213,44.478883],[-73.193494,44.478955],[-73.193847,44.478973],[-73.193965,44.478961],[-73.194086,44.47895],[-73.19433,44.478926],[-73.194628,44.47881],[-73.19472,44.478758],[-73.194864,44.478613],[-73.194935,44.478501],[-73.195042,44.478525],[-73.195093,44.478536],[-73.195343,44.478637],[-73.195579,44.478799],[-73.195698,44.478937],[-73.195844,44.479115],[-73.195933,44.479297],[-73.195971,44.479476],[-73.195985,44.479645],[-73.195997,44.480033],[-73.195997,44.480037],[-73.196,44.4801],[-73.196005,44.480192],[-73.196008,44.480249],[-73.196037,44.480247],[-73.196218,44.480293],[-73.196288,44.480319],[-73.196348,44.480356],[-73.196408,44.480411],[-73.196451,44.480472],[-73.196477,44.48054],[-73.196488,44.480618],[-73.196496,44.480708],[-73.196656,44.480699],[-73.198858,44.480612],[-73.19915,44.480602],[-73.199153,44.480602],[-73.199186,44.480601],[-73.199596,44.480595],[-73.199765,44.48061]]]}}]}