{"type":"FeatureCollection","name":"Gloucester wards and precincts (2022)","source":"MassGIS, Wards and Precincts (2022), https://arcgisserver.digital.mass.gov/arcgisserver/rest/services/AGOL/WardsPrecincts2022/FeatureServer/0","features":[{"type":"Feature","properties":{"ward":"1","precinct":"1","district":"1-1","population_2020":2971},"geometry":{"type":"MultiPolygon","coordinates":[[[[-70.636596,42.619425],[-70.636627,42.619501],[-70.636712,42.619604],[-70.636712,42.619626],[-70.636844,42.619813],[-70.636967,42.619933],[-70.636975,42.619951],[-70.637091,42.620017],[-70.637184,42.620038],[-70.637424,42.620053],[-70.637641,42.620122],[-70.637873,42.620276],[-70.63792,42.620334],[-70.637943,42.620343],[-70.63795,42.620369],[-70.638183,42.620461],[-70.638283,42.620432],[-70.638307,42.620409],[-70.638299,42.620337],[-70.638237,42.620239],[-70.638214,42.620186],[-70.638175,42.620137],[-70.638136,42.619953],[-70.638229,42.619861],[-70.638276,42.619842],[-70.638555,42.619798],[-70.638616,42.619775],[-70.638748,42.619714],[-70.638826,42.619627],[-70.638833,42.619537],[-70.63888,42.619483],[-70.638895,42.619437],[-70.638965,42.619436],[-70.639058,42.619462],[-70.639158,42.619551],[-70.639158,42.619573],[-70.639182,42.619586],[-70.639197,42.619627],[-70.639233,42.619685],[-70.639244,42.619703],[-70.639251,42.619747],[-70.639274,42.619756],[-70.639282,42.61981],[-70.639344,42.619917],[-70.639422,42.619921],[-70.639475,42.619857],[-70.63948,42.619601],[-70.639484,42.619402],[-70.639414,42.619205],[-70.639298,42.619103],[-70.639166,42.619055],[-70.639074,42.618998],[-70.639043,42.618953],[-70.639089,42.618894],[-70.639198,42.618839],[-70.63943,42.618763],[-70.639456,42.618755],[-70.639369,42.61843],[-70.63974,42.618451],[-70.640192,42.618491],[-70.640543,42.618517],[-70.640875,42.61852],[-70.641208,42.618439],[-70.641583,42.618315],[-70.641213,42.617602],[-70.641623,42.617481],[-70.642357,42.61727],[-70.642964,42.617089],[-70.643563,42.616918],[-70.644089,42.616777],[-70.64446,42.616686],[-70.644572,42.616666],[-70.6449,42.61655],[-70.645051,42.616513],[-70.645156,42.616492],[-70.645208,42.616495],[-70.645251,42.61651],[-70.645466,42.616326],[-70.645886,42.616081],[-70.646163,42.615908],[-70.646317,42.615814],[-70.646743,42.615557],[-70.647108,42.615309],[-70.647544,42.614986],[-70.647742,42.614794],[-70.647853,42.61458],[-70.647948,42.61445],[-70.648522,42.614499],[-70.64859,42.614237],[-70.64859,42.614125],[-70.648645,42.61402],[-70.648761,42.613906],[-70.648877,42.613877],[-70.649473,42.613873],[-70.649628,42.613655],[-70.649751,42.6135],[-70.649782,42.613432],[-70.649759,42.613423],[-70.649636,42.613416],[-70.649589,42.613381],[-70.649636,42.613331],[-70.649992,42.613285],[-70.650015,42.613262],[-70.650023,42.613181],[-70.650046,42.613136],[-70.650046,42.613036],[-70.649845,42.613021],[-70.649806,42.613008],[-70.649829,42.612923],[-70.649953,42.612912],[-70.650116,42.612873],[-70.650139,42.612846],[-70.650147,42.61272],[-70.650039,42.61264],[-70.649714,42.612496],[-70.649621,42.612444],[-70.649621,42.612376],[-70.649768,42.612203],[-70.649807,42.612148],[-70.649845,42.612107],[-70.649938,42.612101],[-70.650209,42.612341],[-70.650294,42.612371],[-70.650457,42.612382],[-70.650596,42.612457],[-70.650697,42.612437],[-70.650697,42.612365],[-70.650627,42.61229],[-70.650534,42.612214],[-70.650526,42.61217],[-70.650542,42.612147],[-70.650867,42.612147],[-70.65089,42.612173],[-70.65096,42.612181],[-70.651115,42.612125],[-70.651215,42.612056],[-70.651216,42.611912],[-70.651177,42.611872],[-70.651122,42.611733],[-70.651115,42.611576],[-70.651138,42.611548],[-70.651223,42.611525],[-70.651332,42.611591],[-70.651417,42.611661],[-70.651471,42.611661],[-70.651889,42.611434],[-70.651989,42.611374],[-70.652021,42.611333],[-70.652036,42.611256],[-70.652284,42.611109],[-70.652539,42.611042],[-70.652818,42.610916],[-70.653035,42.610773],[-70.653143,42.610722],[-70.653337,42.610576],[-70.653453,42.610362],[-70.653515,42.610154],[-70.653515,42.610042],[-70.653459,42.610007],[-70.653445,42.609998],[-70.653345,42.609986],[-70.652973,42.610117],[-70.652733,42.610138],[-70.652455,42.610039],[-70.652408,42.610008],[-70.652424,42.609958],[-70.652695,42.609882],[-70.652703,42.60981],[-70.652617,42.609784],[-70.652501,42.609782],[-70.652401,42.60981],[-70.65216,42.609836],[-70.652084,42.609797],[-70.652099,42.609769],[-70.652107,42.609738],[-70.652316,42.609582],[-70.652711,42.609229],[-70.652727,42.609161],[-70.652664,42.609099],[-70.652602,42.609073],[-70.65251,42.608998],[-70.651945,42.608763],[-70.651782,42.608707],[-70.651658,42.608695],[-70.651627,42.608718],[-70.65162,42.60879],[-70.651441,42.608806],[-70.651333,42.608686],[-70.651318,42.608619],[-70.651287,42.608583],[-70.651264,42.608426],[-70.651225,42.608305],[-70.651303,42.608299],[-70.651597,42.608358],[-70.651759,42.608423],[-70.651914,42.608453],[-70.652238,42.608538],[-70.65237,42.608568],[-70.652463,42.60844],[-70.652479,42.608373],[-70.652456,42.60835],[-70.652131,42.608216],[-70.651883,42.608138],[-70.651883,42.608075],[-70.651945,42.608011],[-70.652007,42.607997],[-70.652115,42.608036],[-70.65234,42.608158],[-70.652572,42.608218],[-70.652626,42.608217],[-70.652719,42.608103],[-70.652735,42.608067],[-70.652789,42.608008],[-70.652797,42.607945],[-70.652587,42.607804],[-70.652324,42.607672],[-70.652294,42.607637],[-70.652309,42.607583],[-70.652363,42.60751],[-70.652463,42.607504],[-70.652503,42.607535],[-70.652758,42.607648],[-70.653106,42.607873],[-70.653222,42.607907],[-70.653354,42.607766],[-70.653353,42.607698],[-70.653222,42.607596],[-70.652998,42.60746],[-70.652998,42.607406],[-70.653052,42.607338],[-70.653083,42.60731],[-70.653083,42.607252],[-70.653006,42.607208],[-70.652975,42.607163],[-70.653083,42.60709],[-70.653137,42.607089],[-70.653339,42.607207],[-70.653478,42.607282],[-70.653571,42.607353],[-70.653641,42.60737],[-70.653687,42.607369],[-70.653827,42.607254],[-70.653788,42.607129],[-70.653664,42.607014],[-70.653478,42.606872],[-70.653571,42.606677],[-70.653842,42.606426],[-70.654283,42.606059],[-70.654539,42.605871],[-70.654663,42.605671],[-70.654694,42.60536],[-70.654763,42.605143],[-70.654877,42.604978],[-70.654895,42.604952],[-70.654957,42.604847],[-70.65498,42.604829],[-70.655019,42.604725],[-70.655073,42.604476],[-70.65512,42.604377],[-70.65512,42.60435],[-70.655135,42.604331],[-70.65515,42.604277],[-70.655221,42.604222],[-70.655314,42.604189],[-70.655422,42.604246],[-70.6556,42.604365],[-70.655786,42.604466],[-70.655963,42.604607],[-70.656118,42.604592],[-70.656227,42.6045],[-70.656342,42.604498],[-70.656404,42.604534],[-70.656459,42.604717],[-70.65652,42.604771],[-70.656559,42.604829],[-70.656598,42.604859],[-70.656598,42.604877],[-70.656629,42.6049],[-70.656675,42.604957],[-70.656729,42.605006],[-70.656729,42.605029],[-70.656815,42.605099],[-70.656814,42.605167],[-70.656706,42.60534],[-70.656691,42.605412],[-70.656721,42.605434],[-70.656737,42.605474],[-70.656822,42.605545],[-70.656822,42.605568],[-70.65693,42.605674],[-70.657023,42.605659],[-70.657062,42.605641],[-70.657132,42.605649],[-70.65724,42.605724],[-70.657294,42.605808],[-70.657294,42.605935],[-70.657131,42.605986],[-70.657131,42.606072],[-70.657178,42.606103],[-70.657426,42.606081],[-70.657449,42.606126],[-70.657402,42.606181],[-70.657317,42.606258],[-70.657278,42.606313],[-70.657201,42.606386],[-70.657123,42.606419],[-70.657046,42.60642],[-70.656992,42.606398],[-70.65686,42.606396],[-70.656822,42.606437],[-70.656837,42.606549],[-70.65686,42.606607],[-70.656628,42.606791],[-70.656612,42.606818],[-70.656481,42.606955],[-70.656435,42.606987],[-70.656302,42.60698],[-70.656102,42.60696],[-70.656055,42.607015],[-70.656047,42.607042],[-70.656086,42.607078],[-70.656148,42.60709],[-70.656233,42.607152],[-70.656319,42.607178],[-70.656373,42.607227],[-70.656349,42.607281],[-70.656187,42.607324],[-70.656117,42.607356],[-70.656016,42.607326],[-70.655954,42.6073],[-70.655831,42.607284],[-70.655559,42.6075],[-70.655529,42.60755],[-70.655575,42.60763],[-70.65556,42.607675],[-70.655506,42.607716],[-70.655413,42.607718],[-70.655358,42.607701],[-70.655266,42.607715],[-70.65515,42.607807],[-70.655049,42.607854],[-70.655041,42.607962],[-70.655188,42.607987],[-70.655211,42.607995],[-70.655204,42.608072],[-70.655141,42.608095],[-70.655002,42.608124],[-70.654971,42.608156],[-70.654917,42.608292],[-70.654886,42.608333],[-70.654785,42.608375],[-70.654514,42.608438],[-70.654491,42.608479],[-70.654491,42.608555],[-70.654893,42.60854],[-70.655211,42.608563],[-70.65525,42.60867],[-70.65535,42.608682],[-70.655412,42.608731],[-70.655412,42.608762],[-70.655438,42.608775],[-70.655482,42.608797],[-70.655777,42.608821],[-70.656085,42.608847],[-70.656093,42.608942],[-70.656108,42.60896],[-70.656124,42.609013],[-70.656155,42.60904],[-70.656519,42.609008],[-70.656589,42.608989],[-70.656596,42.608678],[-70.656805,42.608621],[-70.656875,42.608575],[-70.656976,42.608591],[-70.657177,42.608674],[-70.657293,42.60865],[-70.657378,42.608567],[-70.657394,42.608477],[-70.657339,42.608437],[-70.657324,42.608402],[-70.657231,42.60834],[-70.657115,42.608247],[-70.657123,42.60817],[-70.657231,42.60811],[-70.657316,42.608136],[-70.657394,42.608184],[-70.657564,42.608236],[-70.657672,42.608198],[-70.657781,42.608219],[-70.657819,42.60821],[-70.658013,42.608027],[-70.657967,42.607906],[-70.658021,42.607856],[-70.658145,42.607827],[-70.658183,42.607867],[-70.658299,42.607906],[-70.658361,42.607905],[-70.658478,42.607863],[-70.658888,42.607573],[-70.658841,42.607416],[-70.658841,42.607335],[-70.659104,42.607178],[-70.65912,42.607101],[-70.659167,42.607033],[-70.659345,42.60694],[-70.659414,42.606867],[-70.659546,42.606798],[-70.659631,42.606738],[-70.659662,42.606729],[-70.659801,42.606637],[-70.659925,42.606621],[-70.660056,42.606709],[-70.660103,42.606704],[-70.660374,42.606588],[-70.66056,42.606567],[-70.660661,42.606548],[-70.660777,42.606465],[-70.660885,42.606436],[-70.660908,42.606386],[-70.660993,42.606124],[-70.660995,42.6061],[-70.661001,42.60602],[-70.660947,42.606003],[-70.660816,42.606005],[-70.660628,42.606018],[-70.660506,42.606028],[-70.660467,42.60601],[-70.660421,42.60597],[-70.660421,42.605821],[-70.660421,42.60579],[-70.660451,42.605745],[-70.660444,42.605673],[-70.660413,42.605655],[-70.660336,42.605629],[-70.660214,42.605626],[-70.659848,42.605618],[-70.659717,42.605647],[-70.659515,42.605682],[-70.659477,42.605696],[-70.659168,42.605696],[-70.658958,42.605618],[-70.658889,42.605538],[-70.658819,42.60548],[-70.658796,42.605431],[-70.658772,42.605238],[-70.658873,42.605061],[-70.658912,42.605029],[-70.65957,42.605037],[-70.659582,42.605027],[-70.659593,42.605019],[-70.659586,42.604767],[-70.659601,42.604721],[-70.659686,42.604666],[-70.659972,42.604617],[-70.660235,42.60464],[-70.660398,42.604575],[-70.660437,42.604543],[-70.660444,42.604448],[-70.660429,42.604394],[-70.66039,42.604372],[-70.660243,42.604343],[-70.659624,42.604374],[-70.659423,42.604355],[-70.659392,42.604315],[-70.659338,42.604293],[-70.659229,42.604128],[-70.659222,42.604088],[-70.659199,42.604074],[-70.659191,42.604029],[-70.65916,42.604003],[-70.65916,42.603814],[-70.659191,42.603755],[-70.659222,42.603601],[-70.659269,42.60351],[-70.659323,42.603375],[-70.659385,42.603275],[-70.659416,42.603139],[-70.6594,42.603063],[-70.659315,42.602997],[-70.659021,42.602983],[-70.658789,42.603058],[-70.658433,42.60323],[-70.658309,42.603344],[-70.658208,42.603382],[-70.657976,42.60348],[-70.657821,42.603527],[-70.657744,42.603569],[-70.657589,42.603602],[-70.657536,42.603649],[-70.657396,42.603772],[-70.657295,42.603904],[-70.657156,42.603973],[-70.65683,42.604059],[-70.656699,42.604052],[-70.656451,42.604011],[-70.656312,42.603959],[-70.656304,42.603936],[-70.656141,42.603884],[-70.656129,42.603868],[-70.656072,42.60384],[-70.655855,42.603681],[-70.655786,42.603606],[-70.655693,42.603553],[-70.655623,42.603491],[-70.655538,42.603353],[-70.65543,42.603075],[-70.65543,42.603017],[-70.655422,42.602972],[-70.655453,42.602899],[-70.655747,42.602656],[-70.655887,42.602582],[-70.656112,42.602507],[-70.656607,42.602495],[-70.656661,42.602468],[-70.656761,42.602295],[-70.656799,42.602204],[-70.656955,42.601828],[-70.65711,42.601651],[-70.657141,42.601547],[-70.657117,42.601524],[-70.65711,42.601344],[-70.657195,42.601159],[-70.657257,42.601108],[-70.657428,42.600989],[-70.657567,42.60091],[-70.65773,42.600809],[-70.657838,42.600604],[-70.658008,42.600399],[-70.658279,42.600085],[-70.65831,42.599999],[-70.658279,42.599936],[-70.658071,42.599795],[-70.657598,42.599563],[-70.657568,42.599523],[-70.657529,42.599398],[-70.65756,42.599258],[-70.657591,42.599176],[-70.657591,42.59901],[-70.657559,42.598866],[-70.657436,42.598697],[-70.657328,42.598622],[-70.657165,42.598556],[-70.65674,42.598468],[-70.65619,42.598408],[-70.655757,42.598442],[-70.655695,42.59842],[-70.655587,42.598341],[-70.655455,42.59818],[-70.65544,42.598136],[-70.655401,42.598087],[-70.655401,42.598064],[-70.655378,42.598056],[-70.65534,42.598002],[-70.655339,42.597984],[-70.655308,42.597962],[-70.655301,42.597935],[-70.6552,42.597837],[-70.6552,42.597815],[-70.654868,42.597392],[-70.654844,42.597338],[-70.654798,42.59728],[-70.654774,42.597227],[-70.654659,42.597053],[-70.654612,42.596941],[-70.654574,42.596635],[-70.654559,42.596568],[-70.654559,42.596401],[-70.654504,42.596109],[-70.654505,42.595704],[-70.654613,42.595167],[-70.654644,42.595076],[-70.654636,42.595058],[-70.65466,42.594765],[-70.654737,42.594413],[-70.654838,42.594223],[-70.654954,42.594077],[-70.655032,42.594008],[-70.655179,42.593835],[-70.65524,42.593807],[-70.655241,42.593784],[-70.65555,42.593447],[-70.656154,42.592961],[-70.656286,42.592864],[-70.656557,42.592793],[-70.656928,42.592675],[-70.657276,42.592584],[-70.657517,42.592459],[-70.657733,42.592384],[-70.657973,42.592354],[-70.658809,42.592368],[-70.658948,42.592344],[-70.659203,42.592259],[-70.659443,42.592139],[-70.659807,42.592016],[-70.660116,42.591863],[-70.660341,42.59168],[-70.660488,42.591547],[-70.660542,42.59151],[-70.660898,42.591041],[-70.660991,42.59095],[-70.660999,42.590914],[-70.661169,42.590731],[-70.6612,42.590708],[-70.661231,42.590663],[-70.661479,42.59047],[-70.661688,42.590377],[-70.661881,42.59032],[-70.662044,42.590304],[-70.662206,42.590257],[-70.662268,42.590216],[-70.662361,42.590075],[-70.662399,42.589952],[-70.662384,42.58984],[-70.662361,42.589818],[-70.66233,42.589737],[-70.662315,42.58972],[-70.662291,42.589562],[-70.662315,42.58953],[-70.662292,42.589459],[-70.662361,42.589318],[-70.662407,42.58929],[-70.662408,42.589259],[-70.662555,42.589081],[-70.662732,42.588971],[-70.662996,42.588859],[-70.663468,42.588604],[-70.663615,42.588503],[-70.663716,42.588218],[-70.663747,42.587961],[-70.663754,42.5876],[-70.663716,42.587412],[-70.663677,42.587358],[-70.663677,42.587336],[-70.6636,42.58722],[-70.663476,42.58715],[-70.663344,42.58712],[-70.663321,42.587102],[-70.663213,42.587108],[-70.663128,42.587096],[-70.662888,42.587023],[-70.662695,42.586931],[-70.66264,42.586923],[-70.662594,42.586883],[-70.662594,42.586861],[-70.662524,42.586758],[-70.662501,42.58665],[-70.66247,42.586592],[-70.662463,42.586502],[-70.662409,42.586314],[-70.662393,42.585945],[-70.66237,42.585918],[-70.662393,42.585499],[-70.662432,42.585364],[-70.662486,42.585228],[-70.662556,42.585096],[-70.663856,42.58487],[-70.663918,42.584896],[-70.66408,42.584912],[-70.664119,42.584893],[-70.664173,42.58487],[-70.664266,42.584734],[-70.664289,42.584621],[-70.664566,42.584584],[-70.664707,42.584565],[-70.665009,42.584466],[-70.665442,42.584302],[-70.665937,42.584066],[-70.665999,42.583975],[-70.666007,42.583907],[-70.66603,42.583848],[-70.66603,42.583659],[-70.66603,42.583506],[-70.665976,42.58339],[-70.66586,42.583256],[-70.665759,42.583096],[-70.665713,42.583047],[-70.665706,42.583002],[-70.665605,42.582877],[-70.665303,42.582544],[-70.665257,42.582511],[-70.665156,42.582438],[-70.665048,42.582381],[-70.664994,42.582323],[-70.664924,42.582338],[-70.664832,42.582317],[-70.664298,42.582297],[-70.66364,42.582338],[-70.663555,42.58229],[-70.663509,42.582169],[-70.663447,42.581981],[-70.663439,42.581675],[-70.663494,42.58158],[-70.664654,42.581306],[-70.665064,42.581232],[-70.665118,42.581187],[-70.66518,42.581087],[-70.66518,42.580943],[-70.665157,42.580866],[-70.665142,42.5807],[-70.665126,42.580606],[-70.665095,42.580561],[-70.665861,42.580812],[-70.667295,42.581404],[-70.669639,42.582018],[-70.671269,42.582536],[-70.672103,42.5828],[-70.672684,42.582711],[-70.672784,42.582619],[-70.672786,42.582601],[-70.672792,42.582525],[-70.672754,42.582462],[-70.672661,42.582382],[-70.672468,42.58234],[-70.67239,42.582341],[-70.672289,42.582329],[-70.671609,42.582119],[-70.669713,42.581597],[-70.667199,42.580864],[-70.665583,42.580374],[-70.665552,42.580352],[-70.665428,42.580327],[-70.665057,42.580224],[-70.665033,42.580202],[-70.664987,42.580085],[-70.664871,42.579966],[-70.664763,42.579886],[-70.664469,42.579836],[-70.664361,42.579847],[-70.664188,42.579913],[-70.66409,42.57995],[-70.663231,42.580187],[-70.663124,42.580164],[-70.662178,42.579964],[-70.661745,42.579862],[-70.661653,42.579801],[-70.661661,42.579751],[-70.661808,42.579677],[-70.661808,42.579605],[-70.661776,42.579583],[-70.661691,42.579552],[-70.661397,42.579507],[-70.661103,42.579529],[-70.661034,42.579562],[-70.661003,42.579612],[-70.661003,42.579671],[-70.661042,42.579774],[-70.660887,42.579938],[-70.660801,42.579948],[-70.660593,42.579938],[-70.660546,42.57997],[-70.660515,42.580033],[-70.660516,42.580303],[-70.660445,42.580368],[-70.659618,42.58065],[-70.659409,42.580797],[-70.658883,42.580944],[-70.658302,42.581024],[-70.657544,42.581107],[-70.65677,42.581245],[-70.65612,42.58129],[-70.655478,42.581439],[-70.654991,42.581631],[-70.654527,42.581777],[-70.654039,42.582],[-70.653591,42.582218],[-70.653466,42.582315],[-70.653296,42.582502],[-70.653165,42.582684],[-70.653079,42.582771],[-70.653025,42.582852],[-70.652205,42.583774],[-70.65174,42.584253],[-70.651705,42.584286],[-70.651275,42.584692],[-70.650711,42.585173],[-70.650331,42.585485],[-70.650154,42.585658],[-70.649999,42.585773],[-70.649813,42.585952],[-70.649511,42.586199],[-70.649488,42.58624],[-70.64941,42.586286],[-70.649247,42.58655],[-70.649147,42.586767],[-70.649108,42.586903],[-70.649116,42.587159],[-70.649146,42.587226],[-70.649185,42.587257],[-70.649185,42.58728],[-70.649224,42.587311],[-70.64924,42.587392],[-70.649433,42.587465],[-70.649572,42.587531],[-70.649812,42.587618],[-70.64999,42.587701],[-70.650168,42.587883],[-70.650268,42.588025],[-70.650392,42.588109],[-70.650755,42.588419],[-70.651119,42.588747],[-70.651374,42.589031],[-70.651374,42.589054],[-70.651467,42.589165],[-70.651513,42.589322],[-70.651521,42.589426],[-70.651567,42.589587],[-70.651598,42.589762],[-70.65183,42.590479],[-70.651822,42.591303],[-70.651853,42.591541],[-70.651829,42.591582],[-70.651814,42.591673],[-70.65162,42.591946],[-70.651558,42.59201],[-70.651202,42.592307],[-70.650978,42.592468],[-70.650668,42.592617],[-70.65008,42.592846],[-70.649476,42.593035],[-70.649151,42.593084],[-70.64871,42.593077],[-70.648447,42.593049],[-70.648176,42.592981],[-70.647983,42.592912],[-70.646374,42.59221],[-70.646087,42.592214],[-70.64594,42.592239],[-70.644981,42.592622],[-70.644385,42.592883],[-70.643758,42.593193],[-70.643704,42.593199],[-70.643672,42.593253],[-70.643409,42.59341],[-70.642829,42.593684],[-70.642651,42.59375],[-70.642279,42.593967],[-70.642171,42.594049],[-70.641722,42.594321],[-70.641582,42.594386],[-70.640948,42.594747],[-70.640646,42.594927],[-70.640104,42.595295],[-70.640003,42.595373],[-70.639801,42.595514],[-70.639701,42.595584],[-70.639345,42.59585],[-70.639244,42.595951],[-70.63919,42.595974],[-70.639129,42.596083],[-70.639051,42.596134],[-70.63902,42.596211],[-70.638826,42.596502],[-70.638795,42.596579],[-70.638803,42.596763],[-70.638865,42.596866],[-70.638903,42.596883],[-70.639019,42.597053],[-70.639035,42.597228],[-70.639182,42.597478],[-70.639166,42.59755],[-70.63891,42.597734],[-70.638485,42.598028],[-70.638299,42.598162],[-70.637974,42.598256],[-70.63744,42.598548],[-70.636789,42.598917],[-70.63658,42.599064],[-70.635914,42.599339],[-70.635706,42.599473],[-70.635566,42.599574],[-70.63537,42.599786],[-70.635241,42.599925],[-70.635125,42.600089],[-70.6349,42.600534],[-70.634814,42.600814],[-70.634799,42.600936],[-70.634814,42.601048],[-70.634837,42.60157],[-70.634744,42.601774],[-70.634659,42.601874],[-70.634597,42.601893],[-70.634566,42.601966],[-70.634334,42.602136],[-70.634318,42.602163],[-70.634164,42.602314],[-70.633838,42.6028],[-70.633745,42.603004],[-70.633575,42.603254],[-70.633249,42.603543],[-70.633195,42.603642],[-70.63297,42.603952],[-70.632707,42.604523],[-70.632699,42.604572],[-70.632606,42.604781],[-70.632613,42.605069],[-70.63242,42.605229],[-70.632203,42.605395],[-70.632156,42.605481],[-70.632102,42.605504],[-70.632109,42.605729],[-70.632148,42.605873],[-70.632279,42.606024],[-70.632326,42.606055],[-70.632427,42.606211],[-70.632403,42.606333],[-70.632349,42.606419],[-70.632217,42.606543],[-70.632186,42.606615],[-70.632178,42.606764],[-70.632202,42.60679],[-70.632217,42.606948],[-70.632248,42.607051],[-70.632263,42.60724],[-70.632279,42.607258],[-70.632309,42.607455],[-70.632355,42.608328],[-70.63244,42.608543],[-70.632587,42.608735],[-70.632711,42.608917],[-70.632749,42.608939],[-70.632834,42.609091],[-70.633159,42.609528],[-70.633167,42.609568],[-70.633229,42.609644],[-70.633244,42.609693],[-70.633306,42.609791],[-70.633329,42.60985],[-70.63343,42.610055],[-70.633441,42.610261],[-70.633445,42.610339],[-70.633344,42.610529],[-70.63322,42.61072],[-70.633212,42.610761],[-70.633189,42.610784],[-70.633158,42.610861],[-70.633158,42.610969],[-70.63329,42.611111],[-70.633452,42.611347],[-70.633614,42.611471],[-70.633614,42.611489],[-70.633715,42.611555],[-70.634195,42.611751],[-70.634396,42.611897],[-70.63445,42.611986],[-70.634434,42.612076],[-70.634365,42.612203],[-70.634132,42.612436],[-70.634047,42.612694],[-70.633938,42.612907],[-70.633899,42.613002],[-70.633915,42.613164],[-70.633977,42.61333],[-70.634054,42.613622],[-70.634054,42.613815],[-70.634015,42.613955],[-70.633945,42.614051],[-70.633829,42.614183],[-70.63362,42.614326],[-70.633039,42.6146],[-70.632652,42.614713],[-70.631707,42.614956],[-70.631599,42.614998],[-70.631421,42.6151],[-70.631351,42.615146],[-70.631328,42.61525],[-70.63139,42.615366],[-70.63149,42.615486],[-70.63156,42.615616],[-70.631614,42.615831],[-70.631637,42.615844],[-70.63166,42.615984],[-70.631683,42.615992],[-70.631715,42.616086],[-70.631753,42.616135],[-70.631768,42.616176],[-70.631946,42.616416],[-70.631977,42.616506],[-70.632016,42.616559],[-70.632054,42.616635],[-70.632201,42.61675],[-70.632217,42.616804],[-70.632395,42.616824],[-70.632642,42.61683],[-70.633455,42.616701],[-70.633819,42.616669],[-70.633951,42.616694],[-70.634082,42.616778],[-70.634407,42.617133],[-70.634531,42.617217],[-70.634572,42.617231],[-70.634686,42.617269],[-70.635158,42.61728],[-70.635313,42.617327],[-70.635537,42.617468],[-70.635707,42.617637],[-70.635715,42.617677],[-70.635738,42.617686],[-70.6358,42.617973],[-70.635854,42.618094],[-70.635947,42.61821],[-70.636032,42.618281],[-70.636341,42.618573],[-70.63655,42.618764],[-70.636542,42.618787],[-70.636573,42.618809],[-70.636604,42.618934],[-70.636542,42.619169],[-70.636558,42.61934],[-70.636588,42.619362],[-70.636596,42.619425]]],[[[-70.66385,42.602426],[-70.663998,42.602523],[-70.664052,42.602568],[-70.664268,42.602681],[-70.664407,42.60272],[-70.664585,42.602681],[-70.664725,42.602607],[-70.664864,42.602497],[-70.664957,42.602478],[-70.664973,42.602437],[-70.665073,42.602373],[-70.665352,42.602351],[-70.665445,42.602372],[-70.665576,42.602379],[-70.665677,42.602346],[-70.666002,42.602093],[-70.666273,42.601761],[-70.666288,42.601729],[-70.666319,42.601693],[-70.666343,42.601629],[-70.666397,42.601574],[-70.666397,42.601363],[-70.666319,42.601292],[-70.666234,42.601257],[-70.666103,42.601268],[-70.665809,42.60138],[-70.665514,42.601466],[-70.665035,42.6015],[-70.664431,42.601562],[-70.664369,42.601554],[-70.66423,42.601489],[-70.664006,42.601321],[-70.663866,42.601296],[-70.663789,42.601297],[-70.663758,42.601316],[-70.663719,42.601433],[-70.663657,42.601515],[-70.663626,42.601588],[-70.663525,42.601742],[-70.663433,42.601802],[-70.663348,42.601826],[-70.663332,42.60188],[-70.66327,42.601949],[-70.663201,42.602058],[-70.663216,42.602143],[-70.66327,42.602205],[-70.663326,42.60224],[-70.66385,42.602426]]]]}},{"type":"Feature","properties":{"ward":"1","precinct":"2","district":"1-2","population_2020":2891},"geometry":{"type":"MultiPolygon","coordinates":[[[[-70.619293,42.626443],[-70.621316,42.627138],[-70.622086,42.627405],[-70.622293,42.627476],[-70.622665,42.627608],[-70.623382,42.627851],[-70.624663,42.628294],[-70.629299,42.629904],[-70.634624,42.631705],[-70.639758,42.633496],[-70.642667,42.634498],[-70.642727,42.634517],[-70.643022,42.634614],[-70.643081,42.634633],[-70.643099,42.635192],[-70.643157,42.63693],[-70.644876,42.636036],[-70.645821,42.635566],[-70.647561,42.634675],[-70.648013,42.634395],[-70.648762,42.63388],[-70.649214,42.633484],[-70.649767,42.633104],[-70.650928,42.632459],[-70.651528,42.632213],[-70.652419,42.631898],[-70.653404,42.631573],[-70.654038,42.631298],[-70.655383,42.630626],[-70.657176,42.629755],[-70.66017,42.628277],[-70.662593,42.626992],[-70.662936,42.626798],[-70.663267,42.626489],[-70.663564,42.626194],[-70.663841,42.625812],[-70.664113,42.62535],[-70.664239,42.625009],[-70.664315,42.624718],[-70.664076,42.624759],[-70.663612,42.624834],[-70.663306,42.624883],[-70.663053,42.624947],[-70.662925,42.625002],[-70.662803,42.625063],[-70.662676,42.62515],[-70.662579,42.625227],[-70.662504,42.625298],[-70.66237,42.625448],[-70.662244,42.625555],[-70.662175,42.625596],[-70.661628,42.626104],[-70.661536,42.626199],[-70.661367,42.626333],[-70.661283,42.626385],[-70.661148,42.626454],[-70.660934,42.626525],[-70.660591,42.62661],[-70.660801,42.626505],[-70.660949,42.626367],[-70.661015,42.626284],[-70.661061,42.62619],[-70.661098,42.626074],[-70.661091,42.625952],[-70.661035,42.62581],[-70.66091,42.625609],[-70.660839,42.62553],[-70.660701,42.625423],[-70.660554,42.625305],[-70.660441,42.625241],[-70.660339,42.625191],[-70.660226,42.625152],[-70.660131,42.62513],[-70.660019,42.625114],[-70.659548,42.625066],[-70.659004,42.625023],[-70.658346,42.624956],[-70.658042,42.624907],[-70.657845,42.624876],[-70.657251,42.624772],[-70.656621,42.624617],[-70.656155,42.624496],[-70.655742,42.624372],[-70.655328,42.624229],[-70.654546,42.623917],[-70.653877,42.623591],[-70.653318,42.623278],[-70.652655,42.622868],[-70.651174,42.6218],[-70.650501,42.621315],[-70.650143,42.621057],[-70.649391,42.620505],[-70.649198,42.620293],[-70.649161,42.620242],[-70.648864,42.619702],[-70.648843,42.619663],[-70.648831,42.619613],[-70.649057,42.619536],[-70.649134,42.61949],[-70.649406,42.619327],[-70.64974,42.619091],[-70.649876,42.619232],[-70.650054,42.619438],[-70.650078,42.619457],[-70.650246,42.619583],[-70.650476,42.619674],[-70.650773,42.619765],[-70.651093,42.619884],[-70.651583,42.620103],[-70.65163,42.620144],[-70.651886,42.620338],[-70.651995,42.6204],[-70.652168,42.62054],[-70.652273,42.62064],[-70.652474,42.620797],[-70.652564,42.620844],[-70.652596,42.620878],[-70.65266,42.620826],[-70.652694,42.62081],[-70.652725,42.620783],[-70.653116,42.620377],[-70.653445,42.620071],[-70.653529,42.619998],[-70.653914,42.619635],[-70.653797,42.619571],[-70.653545,42.619462],[-70.653409,42.619383],[-70.653538,42.619284],[-70.653816,42.619047],[-70.654109,42.618806],[-70.65439,42.618554],[-70.654535,42.618431],[-70.654812,42.618185],[-70.654929,42.618091],[-70.655041,42.61799],[-70.655288,42.617767],[-70.655391,42.617668],[-70.655509,42.61757],[-70.65563,42.61745],[-70.655731,42.617366],[-70.655872,42.617254],[-70.656034,42.617139],[-70.656174,42.617067],[-70.656358,42.616996],[-70.65647,42.616955],[-70.656574,42.616907],[-70.656771,42.616831],[-70.656877,42.616808],[-70.656952,42.616802],[-70.657228,42.616808],[-70.657156,42.616772],[-70.657043,42.616675],[-70.656898,42.616563],[-70.656804,42.616504],[-70.656735,42.616448],[-70.656619,42.616363],[-70.656543,42.616282],[-70.656471,42.616193],[-70.656458,42.616173],[-70.656385,42.616006],[-70.656296,42.615773],[-70.656304,42.615602],[-70.656191,42.615618],[-70.655815,42.615657],[-70.655626,42.615691],[-70.655549,42.615693],[-70.655541,42.615681],[-70.655302,42.615793],[-70.65532,42.615649],[-70.655378,42.615168],[-70.654997,42.614703],[-70.654862,42.614528],[-70.654837,42.614543],[-70.654837,42.614656],[-70.654613,42.614744],[-70.654542,42.614773],[-70.654388,42.614892],[-70.654349,42.614951],[-70.654357,42.615014],[-70.654419,42.615117],[-70.654388,42.615144],[-70.65431,42.615145],[-70.654225,42.615047],[-70.654124,42.615053],[-70.654016,42.615136],[-70.653861,42.615246],[-70.653869,42.615305],[-70.654047,42.615428],[-70.654155,42.615521],[-70.654147,42.615589],[-70.654047,42.61564],[-70.653915,42.615583],[-70.65366,42.615384],[-70.653606,42.615399],[-70.653575,42.615439],[-70.653574,42.61557],[-70.653629,42.615628],[-70.653691,42.615681],[-70.653721,42.615726],[-70.653706,42.615784],[-70.653435,42.615932],[-70.653342,42.615943],[-70.653303,42.615934],[-70.653272,42.615876],[-70.653265,42.615746],[-70.653242,42.615687],[-70.653203,42.615652],[-70.653071,42.615654],[-70.652878,42.615697],[-70.652863,42.615733],[-70.652847,42.615846],[-70.652816,42.615869],[-70.6528,42.61591],[-70.652715,42.615965],[-70.652715,42.616064],[-70.6528,42.616131],[-70.652801,42.616203],[-70.652591,42.616287],[-70.652553,42.616283],[-70.652514,42.616256],[-70.652502,42.61624],[-70.652413,42.616168],[-70.652243,42.616193],[-70.652127,42.616275],[-70.652127,42.61632],[-70.652127,42.616356],[-70.652158,42.61641],[-70.652189,42.616527],[-70.652227,42.616562],[-70.652219,42.616697],[-70.652119,42.616748],[-70.652106,42.616819],[-70.652095,42.616879],[-70.652026,42.616912],[-70.651847,42.616919],[-70.651809,42.616865],[-70.651802,42.61678],[-70.651771,42.616704],[-70.651755,42.616591],[-70.651732,42.616556],[-70.651639,42.616539],[-70.651468,42.616519],[-70.651329,42.616544],[-70.651198,42.616595],[-70.651182,42.616721],[-70.651097,42.616745],[-70.650819,42.616745],[-70.650687,42.616656],[-70.650601,42.616527],[-70.650586,42.61637],[-70.650602,42.616131],[-70.650648,42.616],[-70.650687,42.615945],[-70.650749,42.615913],[-70.650928,42.615892],[-70.650982,42.615846],[-70.650997,42.615801],[-70.651005,42.615535],[-70.650974,42.615491],[-70.650927,42.615464],[-70.650927,42.615392],[-70.650997,42.615351],[-70.651175,42.615285],[-70.651214,42.61528],[-70.651477,42.615312],[-70.651515,42.615366],[-70.651616,42.615364],[-70.65356,42.61408],[-70.654017,42.613749],[-70.654055,42.613686],[-70.654086,42.613663],[-70.654109,42.613604],[-70.654164,42.613522],[-70.654179,42.613387],[-70.654148,42.613247],[-70.654064,42.613141],[-70.654046,42.613125],[-70.653963,42.613052],[-70.653676,42.61302],[-70.653475,42.613027],[-70.653351,42.613056],[-70.652283,42.613635],[-70.652282,42.613729],[-70.652205,42.613807],[-70.652151,42.613875],[-70.651308,42.614297],[-70.651052,42.614481],[-70.650804,42.614615],[-70.650727,42.614612],[-70.650703,42.614598],[-70.650703,42.614576],[-70.650649,42.614573],[-70.650556,42.614569],[-70.650424,42.614616],[-70.650255,42.614686],[-70.650154,42.61471],[-70.6501,42.614693],[-70.649999,42.614694],[-70.649581,42.614844],[-70.64941,42.614892],[-70.649055,42.614681],[-70.648768,42.614635],[-70.64852,42.614634],[-70.648497,42.614612],[-70.648505,42.614563],[-70.648522,42.614499],[-70.647948,42.61445],[-70.647853,42.61458],[-70.647742,42.614794],[-70.647544,42.614986],[-70.647108,42.615309],[-70.646743,42.615557],[-70.646317,42.615814],[-70.646163,42.615908],[-70.645886,42.616081],[-70.645466,42.616326],[-70.645251,42.61651],[-70.645208,42.616495],[-70.645156,42.616492],[-70.645051,42.616513],[-70.6449,42.61655],[-70.644572,42.616666],[-70.64446,42.616686],[-70.644089,42.616777],[-70.643563,42.616918],[-70.642964,42.617089],[-70.642357,42.61727],[-70.641623,42.617481],[-70.641213,42.617602],[-70.641583,42.618315],[-70.641208,42.618439],[-70.640875,42.61852],[-70.640543,42.618517],[-70.640192,42.618491],[-70.63974,42.618451],[-70.639369,42.61843],[-70.639456,42.618755],[-70.63943,42.618763],[-70.639198,42.618839],[-70.639089,42.618894],[-70.639043,42.618953],[-70.639074,42.618998],[-70.639166,42.619055],[-70.639298,42.619103],[-70.639414,42.619205],[-70.639484,42.619402],[-70.63948,42.619601],[-70.639475,42.619857],[-70.639422,42.619921],[-70.639344,42.619917],[-70.639282,42.61981],[-70.639274,42.619756],[-70.639251,42.619747],[-70.639244,42.619703],[-70.639233,42.619685],[-70.639197,42.619627],[-70.639182,42.619586],[-70.639158,42.619573],[-70.639158,42.619551],[-70.639058,42.619462],[-70.638965,42.619436],[-70.638895,42.619437],[-70.63888,42.619483],[-70.638833,42.619537],[-70.638826,42.619627],[-70.638748,42.619714],[-70.638616,42.619775],[-70.638555,42.619798],[-70.638276,42.619842],[-70.638229,42.619861],[-70.638136,42.619953],[-70.638175,42.620137],[-70.638214,42.620186],[-70.638237,42.620239],[-70.638299,42.620337],[-70.638307,42.620409],[-70.638283,42.620432],[-70.638183,42.620461],[-70.63795,42.620369],[-70.637943,42.620343],[-70.63792,42.620334],[-70.637873,42.620276],[-70.637641,42.620122],[-70.637424,42.620053],[-70.637184,42.620038],[-70.637091,42.620017],[-70.636975,42.619951],[-70.636967,42.619933],[-70.636844,42.619813],[-70.636712,42.619626],[-70.636712,42.619604],[-70.636627,42.619501],[-70.636596,42.619425],[-70.636588,42.619362],[-70.636558,42.61934],[-70.636542,42.619169],[-70.636604,42.618934],[-70.636573,42.618809],[-70.636542,42.618787],[-70.63655,42.618764],[-70.636341,42.618573],[-70.636032,42.618281],[-70.635947,42.61821],[-70.635854,42.618094],[-70.6358,42.617973],[-70.635738,42.617686],[-70.635715,42.617677],[-70.635707,42.617637],[-70.635537,42.617468],[-70.635313,42.617327],[-70.635158,42.61728],[-70.634686,42.617269],[-70.634572,42.617231],[-70.634585,42.617477],[-70.63412,42.617961],[-70.634113,42.617984],[-70.633686,42.618346],[-70.633322,42.618567],[-70.632788,42.618863],[-70.632463,42.61912],[-70.631518,42.619822],[-70.630836,42.620386],[-70.630371,42.620698],[-70.630147,42.620837],[-70.629628,42.621083],[-70.629233,42.621183],[-70.629148,42.62118],[-70.628807,42.621126],[-70.628459,42.621023],[-70.628165,42.621036],[-70.627863,42.62109],[-70.627514,42.621207],[-70.627435,42.621239],[-70.627173,42.621347],[-70.626662,42.621625],[-70.626631,42.621648],[-70.626469,42.621744],[-70.62626,42.621846],[-70.625803,42.621993],[-70.624889,42.622186],[-70.624664,42.622256],[-70.624564,42.622258],[-70.624517,42.622303],[-70.624488,42.622304],[-70.623373,42.622666],[-70.62328,42.622717],[-70.623009,42.622798],[-70.622738,42.622842],[-70.622421,42.622833],[-70.622245,42.622812],[-70.622049,42.622789],[-70.621646,42.622718],[-70.621329,42.622709],[-70.621119,42.622725],[-70.620873,42.622792],[-70.620695,42.62288],[-70.620485,42.623041],[-70.620338,42.623079],[-70.620253,42.623089],[-70.620215,42.623139],[-70.620184,42.62322],[-70.62013,42.623298],[-70.62006,42.623371],[-70.619936,42.62344],[-70.619611,42.623521],[-70.619519,42.623572],[-70.619436,42.623676],[-70.619371,42.623759],[-70.619155,42.623915],[-70.619062,42.624096],[-70.619016,42.624219],[-70.618923,42.624359],[-70.618827,42.624469],[-70.61866,42.62466],[-70.618641,42.624674],[-70.618467,42.624803],[-70.618382,42.624831],[-70.618126,42.624843],[-70.618018,42.624895],[-70.617987,42.624935],[-70.617956,42.625012],[-70.61794,42.625067],[-70.617925,42.625107],[-70.617923,42.625393],[-70.617922,42.625477],[-70.618039,42.625939],[-70.618064,42.626039],[-70.618598,42.626206],[-70.619293,42.626443]]],[[[-70.623539,42.619071],[-70.623245,42.619138],[-70.62299,42.619232],[-70.622688,42.619358],[-70.622611,42.619417],[-70.622549,42.619481],[-70.622502,42.619549],[-70.622448,42.619577],[-70.622433,42.619636],[-70.622301,42.619813],[-70.622183,42.620025],[-70.622139,42.620104],[-70.622062,42.620227],[-70.621783,42.620528],[-70.621683,42.620705],[-70.621652,42.6208],[-70.62166,42.620917],[-70.621745,42.620987],[-70.622279,42.621174],[-70.62245,42.621203],[-70.622713,42.621158],[-70.622968,42.621024],[-70.623162,42.620967],[-70.623487,42.620927],[-70.623642,42.620871],[-70.623843,42.62071],[-70.623843,42.620692],[-70.623936,42.620592],[-70.623943,42.620551],[-70.623982,42.620501],[-70.623982,42.620469],[-70.62402,42.620365],[-70.624075,42.620261],[-70.624345,42.61991],[-70.624361,42.61978],[-70.624337,42.619762],[-70.62433,42.619695],[-70.624167,42.619526],[-70.624128,42.619414],[-70.624105,42.619297],[-70.624058,42.619212],[-70.623934,42.619128],[-70.623741,42.619068],[-70.623539,42.619071]]]]}},{"type":"Feature","properties":{"ward":"2","precinct":"1","district":"2-1","population_2020":3002},"geometry":{"type":"Polygon","coordinates":[[[-70.656304,42.615602],[-70.656296,42.615773],[-70.656385,42.616006],[-70.656458,42.616173],[-70.656471,42.616193],[-70.656543,42.616282],[-70.656619,42.616363],[-70.656735,42.616448],[-70.656804,42.616504],[-70.656898,42.616563],[-70.657043,42.616675],[-70.657156,42.616772],[-70.657228,42.616808],[-70.656952,42.616802],[-70.656877,42.616808],[-70.656771,42.616831],[-70.656574,42.616907],[-70.65647,42.616955],[-70.656358,42.616996],[-70.656174,42.617067],[-70.656034,42.617139],[-70.655872,42.617254],[-70.655731,42.617366],[-70.65563,42.61745],[-70.655509,42.61757],[-70.655391,42.617668],[-70.655288,42.617767],[-70.655041,42.61799],[-70.654929,42.618091],[-70.654812,42.618185],[-70.654535,42.618431],[-70.65439,42.618554],[-70.654109,42.618806],[-70.653816,42.619047],[-70.653538,42.619284],[-70.653409,42.619383],[-70.653545,42.619462],[-70.653797,42.619571],[-70.653914,42.619635],[-70.653529,42.619998],[-70.653445,42.620071],[-70.653116,42.620377],[-70.652725,42.620783],[-70.652694,42.62081],[-70.65266,42.620826],[-70.652596,42.620878],[-70.652564,42.620844],[-70.652474,42.620797],[-70.652273,42.62064],[-70.652168,42.62054],[-70.651995,42.6204],[-70.651886,42.620338],[-70.65163,42.620144],[-70.651583,42.620103],[-70.651093,42.619884],[-70.650773,42.619765],[-70.650476,42.619674],[-70.650246,42.619583],[-70.650078,42.619457],[-70.650054,42.619438],[-70.649876,42.619232],[-70.64974,42.619091],[-70.649406,42.619327],[-70.649134,42.61949],[-70.649057,42.619536],[-70.648831,42.619613],[-70.648843,42.619663],[-70.648864,42.619702],[-70.649161,42.620242],[-70.649198,42.620293],[-70.649391,42.620505],[-70.650143,42.621057],[-70.650501,42.621315],[-70.651174,42.6218],[-70.652655,42.622868],[-70.653318,42.623278],[-70.653877,42.623591],[-70.654546,42.623917],[-70.655328,42.624229],[-70.655742,42.624372],[-70.656155,42.624496],[-70.656621,42.624617],[-70.657251,42.624772],[-70.657845,42.624876],[-70.658042,42.624907],[-70.658346,42.624956],[-70.659004,42.625023],[-70.659548,42.625066],[-70.660019,42.625114],[-70.660131,42.62513],[-70.660226,42.625152],[-70.660339,42.625191],[-70.660441,42.625241],[-70.660554,42.625305],[-70.660701,42.625423],[-70.660839,42.62553],[-70.66091,42.625609],[-70.661035,42.62581],[-70.661091,42.625952],[-70.661098,42.626074],[-70.661061,42.62619],[-70.661015,42.626284],[-70.660949,42.626367],[-70.660801,42.626505],[-70.660591,42.62661],[-70.660934,42.626525],[-70.661148,42.626454],[-70.661283,42.626385],[-70.661367,42.626333],[-70.661536,42.626199],[-70.661628,42.626104],[-70.662175,42.625596],[-70.662244,42.625555],[-70.66237,42.625448],[-70.662504,42.625298],[-70.662579,42.625227],[-70.662676,42.62515],[-70.662803,42.625063],[-70.662925,42.625002],[-70.663053,42.624947],[-70.663306,42.624883],[-70.663612,42.624834],[-70.664076,42.624759],[-70.664315,42.624718],[-70.664312,42.624585],[-70.664299,42.624091],[-70.664292,42.623252],[-70.664265,42.622511],[-70.664205,42.62068],[-70.66417,42.619753],[-70.663855,42.619755],[-70.663782,42.619745],[-70.663707,42.619719],[-70.663685,42.619706],[-70.663666,42.619691],[-70.663639,42.619656],[-70.663623,42.619615],[-70.663592,42.619505],[-70.663541,42.619213],[-70.663485,42.619005],[-70.663427,42.61884],[-70.663331,42.618622],[-70.663215,42.618401],[-70.663153,42.618303],[-70.663066,42.618135],[-70.663046,42.618112],[-70.662834,42.617798],[-70.662831,42.617726],[-70.662846,42.61771],[-70.663026,42.617565],[-70.663237,42.617404],[-70.663348,42.617327],[-70.663546,42.617174],[-70.663511,42.617085],[-70.66344,42.616945],[-70.663062,42.616327],[-70.6627,42.615815],[-70.66264,42.6157],[-70.662457,42.615438],[-70.662381,42.615336],[-70.662244,42.615092],[-70.662201,42.614992],[-70.662202,42.615099],[-70.662182,42.615156],[-70.662147,42.615193],[-70.662075,42.615248],[-70.661975,42.615303],[-70.661896,42.615334],[-70.661729,42.615371],[-70.661546,42.615422],[-70.661403,42.615478],[-70.661385,42.615449],[-70.66123,42.614804],[-70.661189,42.614565],[-70.661088,42.614111],[-70.661049,42.613945],[-70.660951,42.613467],[-70.660871,42.613237],[-70.660822,42.61314],[-70.660649,42.613216],[-70.660367,42.613331],[-70.660237,42.613376],[-70.660083,42.613453],[-70.659891,42.613548],[-70.659732,42.613652],[-70.659668,42.61373],[-70.659499,42.613954],[-70.659465,42.614014],[-70.65932,42.614241],[-70.659238,42.614383],[-70.659101,42.614586],[-70.658974,42.614734],[-70.658792,42.614922],[-70.658719,42.614992],[-70.658446,42.615181],[-70.658284,42.615254],[-70.65813,42.615313],[-70.658002,42.615349],[-70.657892,42.615371],[-70.657328,42.615448],[-70.657007,42.615503],[-70.65661,42.615556],[-70.656304,42.615602]]]}},{"type":"Feature","properties":{"ward":"2","precinct":"2","district":"2-2","population_2020":2839},"geometry":{"type":"Polygon","coordinates":[[[-70.66417,42.619753],[-70.664356,42.619727],[-70.664585,42.619679],[-70.664897,42.619612],[-70.665134,42.619558],[-70.665345,42.619497],[-70.665732,42.619406],[-70.6662,42.619285],[-70.666583,42.619174],[-70.666829,42.619108],[-70.666974,42.61906],[-70.667265,42.618991],[-70.667361,42.618898],[-70.667427,42.618991],[-70.667531,42.619151],[-70.667652,42.619423],[-70.667688,42.619492],[-70.667723,42.619554],[-70.667803,42.619718],[-70.668685,42.621523],[-70.669337,42.620961],[-70.669579,42.62075],[-70.669868,42.620484],[-70.669995,42.620361],[-70.67002,42.620342],[-70.670047,42.620321],[-70.670136,42.62028],[-70.670186,42.620264],[-70.670244,42.620256],[-70.67041,42.620256],[-70.670709,42.620274],[-70.670971,42.620304],[-70.671138,42.620315],[-70.671255,42.620318],[-70.671319,42.620306],[-70.671396,42.62027],[-70.671445,42.620231],[-70.671498,42.620168],[-70.671572,42.620047],[-70.671616,42.619983],[-70.671658,42.619921],[-70.671753,42.619746],[-70.671861,42.619504],[-70.671904,42.619388],[-70.671982,42.619133],[-70.672,42.6191],[-70.672112,42.618781],[-70.6719,42.618706],[-70.671697,42.618645],[-70.671513,42.618569],[-70.671456,42.61854],[-70.671352,42.618486],[-70.671116,42.618339],[-70.670786,42.618102],[-70.670219,42.617669],[-70.669654,42.617165],[-70.66956,42.617061],[-70.669507,42.617002],[-70.669452,42.616927],[-70.66934,42.616771],[-70.669184,42.616509],[-70.669936,42.616351],[-70.669901,42.616258],[-70.669895,42.616231],[-70.669796,42.615975],[-70.669683,42.615792],[-70.669685,42.615772],[-70.669672,42.615736],[-70.66964,42.615689],[-70.669563,42.615511],[-70.669525,42.615359],[-70.669446,42.615148],[-70.669417,42.615009],[-70.669417,42.614972],[-70.669504,42.614958],[-70.669745,42.614901],[-70.669879,42.614851],[-70.669806,42.614764],[-70.669719,42.614637],[-70.669616,42.614463],[-70.669577,42.614372],[-70.669568,42.614319],[-70.669573,42.61425],[-70.669592,42.614077],[-70.669472,42.614039],[-70.669355,42.61402],[-70.668475,42.613997],[-70.668336,42.61399],[-70.668155,42.614019],[-70.668056,42.614063],[-70.668045,42.613885],[-70.667991,42.613665],[-70.667872,42.613319],[-70.66781,42.6132],[-70.667768,42.613137],[-70.667666,42.613005],[-70.667476,42.612773],[-70.667367,42.612656],[-70.667205,42.612456],[-70.667004,42.61222],[-70.666897,42.612114],[-70.666864,42.612083],[-70.666778,42.611988],[-70.666686,42.611863],[-70.666635,42.611794],[-70.666525,42.611611],[-70.666331,42.611381],[-70.666229,42.611364],[-70.66597,42.611209],[-70.66583,42.611185],[-70.66569,42.611207],[-70.665793,42.611155],[-70.66589,42.6111],[-70.66602,42.611092],[-70.666072,42.611112],[-70.66608,42.611099],[-70.666148,42.610901],[-70.666209,42.610656],[-70.666235,42.610518],[-70.666316,42.610479],[-70.66639,42.610411],[-70.666674,42.610019],[-70.666877,42.609721],[-70.667166,42.609451],[-70.66682,42.609349],[-70.666757,42.609321],[-70.666418,42.60917],[-70.666024,42.608955],[-70.665814,42.608801],[-70.66573,42.608658],[-70.665699,42.608582],[-70.665884,42.608426],[-70.665923,42.608367],[-70.665915,42.60825],[-70.665815,42.608103],[-70.665801,42.608094],[-70.665451,42.607878],[-70.665296,42.6078],[-70.665242,42.607778],[-70.665165,42.607792],[-70.665149,42.60782],[-70.664994,42.607921],[-70.66419,42.607928],[-70.664019,42.608043],[-70.664004,42.608098],[-70.66412,42.608163],[-70.664119,42.608217],[-70.663825,42.608352],[-70.663764,42.608353],[-70.663679,42.608318],[-70.663547,42.608311],[-70.663338,42.608364],[-70.66328,42.608392],[-70.663191,42.608434],[-70.662564,42.608825],[-70.662215,42.609092],[-70.662362,42.609364],[-70.662509,42.60965],[-70.66302,42.609881],[-70.663159,42.609879],[-70.663484,42.609852],[-70.66377,42.609816],[-70.663809,42.609847],[-70.663779,42.609915],[-70.663748,42.609938],[-70.66384,42.610144],[-70.663802,42.610325],[-70.663856,42.610356],[-70.663902,42.610395],[-70.663957,42.610417],[-70.664111,42.610401],[-70.664281,42.610354],[-70.664459,42.610428],[-70.665009,42.610235],[-70.665056,42.610248],[-70.665094,42.610275],[-70.665141,42.610332],[-70.665125,42.610364],[-70.665079,42.610401],[-70.664707,42.610514],[-70.664723,42.610559],[-70.66497,42.610686],[-70.665118,42.610711],[-70.665264,42.610659],[-70.665396,42.610846],[-70.664723,42.611185],[-70.664614,42.611119],[-70.664382,42.611136],[-70.66432,42.611096],[-70.664281,42.611052],[-70.66425,42.61103],[-70.664189,42.610945],[-70.664134,42.610766],[-70.663979,42.610691],[-70.663879,42.61067],[-70.663693,42.610691],[-70.663662,42.610732],[-70.663778,42.61096],[-70.663763,42.611019],[-70.663732,42.611042],[-70.663507,42.611099],[-70.663484,42.611081],[-70.663229,42.610558],[-70.663205,42.610541],[-70.662973,42.610589],[-70.662904,42.610631],[-70.662857,42.610721],[-70.662749,42.610741],[-70.662741,42.610836],[-70.662532,42.610915],[-70.662478,42.611019],[-70.662439,42.611034],[-70.661796,42.611155],[-70.661867,42.610808],[-70.661812,42.610763],[-70.661619,42.610766],[-70.66158,42.610816],[-70.661541,42.610884],[-70.661441,42.610886],[-70.661402,42.610846],[-70.661425,42.610593],[-70.661402,42.610571],[-70.661333,42.610541],[-70.661224,42.610529],[-70.661178,42.610602],[-70.6611,42.610598],[-70.661061,42.610576],[-70.66107,42.610518],[-70.661092,42.610481],[-70.661092,42.610427],[-70.661,42.610352],[-70.660884,42.610367],[-70.660814,42.610386],[-70.660744,42.610383],[-70.660675,42.610361],[-70.660288,42.610137],[-70.66021,42.610066],[-70.66018,42.609977],[-70.660122,42.609923],[-70.659963,42.609948],[-70.659932,42.609998],[-70.659916,42.610165],[-70.65987,42.610197],[-70.659444,42.610239],[-70.659328,42.610264],[-70.659239,42.610274],[-70.659196,42.610347],[-70.658825,42.610658],[-70.658425,42.610556],[-70.658337,42.610656],[-70.658352,42.610724],[-70.658786,42.611226],[-70.658801,42.611343],[-70.658716,42.611416],[-70.658654,42.611417],[-70.6582,42.611244],[-70.658058,42.611403],[-70.659087,42.612028],[-70.658832,42.61232],[-70.658754,42.612384],[-70.658654,42.612367],[-70.658561,42.61231],[-70.658468,42.612244],[-70.658135,42.611956],[-70.658081,42.61193],[-70.657911,42.612],[-70.657942,42.612053],[-70.658089,42.612245],[-70.65812,42.612343],[-70.657903,42.612293],[-70.657795,42.612245],[-70.657679,42.612251],[-70.657594,42.612302],[-70.657516,42.612411],[-70.657454,42.612457],[-70.657415,42.612516],[-70.657229,42.612739],[-70.657221,42.612784],[-70.657176,42.612821],[-70.657167,42.612871],[-70.657477,42.613033],[-70.657539,42.613059],[-70.657539,42.613113],[-70.657515,42.613235],[-70.657384,42.613435],[-70.657283,42.613526],[-70.657012,42.613638],[-70.656919,42.61364],[-70.656881,42.613622],[-70.656726,42.613476],[-70.656602,42.613482],[-70.656524,42.613524],[-70.655089,42.614391],[-70.654862,42.614528],[-70.654997,42.614703],[-70.655378,42.615168],[-70.65532,42.615649],[-70.655302,42.615793],[-70.655541,42.615681],[-70.655549,42.615693],[-70.655626,42.615691],[-70.655815,42.615657],[-70.656191,42.615618],[-70.656304,42.615602],[-70.65661,42.615556],[-70.657007,42.615503],[-70.657328,42.615448],[-70.657892,42.615371],[-70.658002,42.615349],[-70.65813,42.615313],[-70.658284,42.615254],[-70.658446,42.615181],[-70.658719,42.614992],[-70.658792,42.614922],[-70.658974,42.614734],[-70.659101,42.614586],[-70.659238,42.614383],[-70.65932,42.614241],[-70.659465,42.614014],[-70.659499,42.613954],[-70.659668,42.61373],[-70.659732,42.613652],[-70.659891,42.613548],[-70.660083,42.613453],[-70.660237,42.613376],[-70.660367,42.613331],[-70.660649,42.613216],[-70.660822,42.61314],[-70.660871,42.613237],[-70.660951,42.613467],[-70.661049,42.613945],[-70.661088,42.614111],[-70.661189,42.614565],[-70.66123,42.614804],[-70.661385,42.615449],[-70.661403,42.615478],[-70.661546,42.615422],[-70.661729,42.615371],[-70.661896,42.615334],[-70.661975,42.615303],[-70.662075,42.615248],[-70.662147,42.615193],[-70.662182,42.615156],[-70.662202,42.615099],[-70.662201,42.614992],[-70.662244,42.615092],[-70.662381,42.615336],[-70.662457,42.615438],[-70.66264,42.6157],[-70.6627,42.615815],[-70.663062,42.616327],[-70.66344,42.616945],[-70.663511,42.617085],[-70.663546,42.617174],[-70.663348,42.617327],[-70.663237,42.617404],[-70.663026,42.617565],[-70.662846,42.61771],[-70.662831,42.617726],[-70.662834,42.617798],[-70.663046,42.618112],[-70.663066,42.618135],[-70.663153,42.618303],[-70.663215,42.618401],[-70.663331,42.618622],[-70.663427,42.61884],[-70.663485,42.619005],[-70.663541,42.619213],[-70.663592,42.619505],[-70.663623,42.619615],[-70.663639,42.619656],[-70.663666,42.619691],[-70.663685,42.619706],[-70.663707,42.619719],[-70.663782,42.619745],[-70.663855,42.619755],[-70.66417,42.619753]]]}},{"type":"Feature","properties":{"ward":"3","precinct":"1","district":"3-1","population_2020":2841},"geometry":{"type":"MultiPolygon","coordinates":[[[[-70.68542,42.61602],[-70.685482,42.616086],[-70.685644,42.6163],[-70.685636,42.616336],[-70.685652,42.61635],[-70.68566,42.616399],[-70.685706,42.616452],[-70.685722,42.616524],[-70.685745,42.616542],[-70.68576,42.61664],[-70.685791,42.616712],[-70.685807,42.616797],[-70.685846,42.616878],[-70.685884,42.617314],[-70.685846,42.617405],[-70.68566,42.617606],[-70.685528,42.617662],[-70.685227,42.617679],[-70.68539,42.617846],[-70.685973,42.617833],[-70.686632,42.617803],[-70.68725,42.617727],[-70.688057,42.617591],[-70.689188,42.61734],[-70.690051,42.617123],[-70.690886,42.616915],[-70.691165,42.616845],[-70.692095,42.616641],[-70.693013,42.61644],[-70.694741,42.616164],[-70.696375,42.615904],[-70.696373,42.615881],[-70.696348,42.615737],[-70.696164,42.615728],[-70.696016,42.615702],[-70.695881,42.615668],[-70.695723,42.615612],[-70.69557,42.615532],[-70.695262,42.61532],[-70.695148,42.615207],[-70.69498,42.615018],[-70.694865,42.614894],[-70.694789,42.61483],[-70.694691,42.614726],[-70.694574,42.614632],[-70.694314,42.614453],[-70.694129,42.614353],[-70.693917,42.614248],[-70.692935,42.613826],[-70.692679,42.613705],[-70.692332,42.613567],[-70.692197,42.613528],[-70.692075,42.613503],[-70.691939,42.613481],[-70.691869,42.613469],[-70.691698,42.613456],[-70.69151,42.613453],[-70.69137,42.613457],[-70.691145,42.61349],[-70.69071,42.613568],[-70.689405,42.613789],[-70.68915,42.613831],[-70.688782,42.613894],[-70.688338,42.613981],[-70.687982,42.614043],[-70.68766,42.614078],[-70.687403,42.614104],[-70.687291,42.614111],[-70.687186,42.614012],[-70.686863,42.613838],[-70.686713,42.61374],[-70.686567,42.613632],[-70.686421,42.613501],[-70.686255,42.613343],[-70.686042,42.613095],[-70.685941,42.612891],[-70.685936,42.612762],[-70.686018,42.61257],[-70.686116,42.612421],[-70.686266,42.612273],[-70.686616,42.612012],[-70.686768,42.611842],[-70.686877,42.611684],[-70.686925,42.611562],[-70.686949,42.611449],[-70.686947,42.611298],[-70.686897,42.611181],[-70.686828,42.61107],[-70.686711,42.610977],[-70.686589,42.610906],[-70.686433,42.61084],[-70.686257,42.610781],[-70.686086,42.610752],[-70.685998,42.610741],[-70.685866,42.610725],[-70.685497,42.610719],[-70.684793,42.610745],[-70.684539,42.610744],[-70.684184,42.610725],[-70.683878,42.610648],[-70.683734,42.610579],[-70.683575,42.610475],[-70.683402,42.610285],[-70.683214,42.610016],[-70.683024,42.609781],[-70.682882,42.609505],[-70.682875,42.609492],[-70.682874,42.609327],[-70.682906,42.609086],[-70.682951,42.608881],[-70.682957,42.608712],[-70.682943,42.608528],[-70.682873,42.608356],[-70.682795,42.608252],[-70.682717,42.608187],[-70.682572,42.608114],[-70.682194,42.608035],[-70.682144,42.608024],[-70.681919,42.607947],[-70.681748,42.607896],[-70.681516,42.607814],[-70.681379,42.60777],[-70.681346,42.607765],[-70.681115,42.60773],[-70.680874,42.607715],[-70.680452,42.607834],[-70.678879,42.608277],[-70.677774,42.608595],[-70.677303,42.60873],[-70.675594,42.609222],[-70.674916,42.609416],[-70.673643,42.609781],[-70.673533,42.609815],[-70.674289,42.6101],[-70.674336,42.610104],[-70.674622,42.610248],[-70.674731,42.610283],[-70.674741,42.6103],[-70.675373,42.610453],[-70.675597,42.610544],[-70.675853,42.610761],[-70.67593,42.610783],[-70.676046,42.610786],[-70.676209,42.610743],[-70.676387,42.610618],[-70.676488,42.610649],[-70.676488,42.610698],[-70.676449,42.610744],[-70.676418,42.610888],[-70.676426,42.610929],[-70.676565,42.611053],[-70.67679,42.611139],[-70.676875,42.611219],[-70.676976,42.611335],[-70.677084,42.611401],[-70.677269,42.611461],[-70.67751,42.611624],[-70.677703,42.611774],[-70.677858,42.611844],[-70.677958,42.61182],[-70.677966,42.611744],[-70.677873,42.611637],[-70.677764,42.611454],[-70.677765,42.611355],[-70.677788,42.611332],[-70.677865,42.61134],[-70.677966,42.611424],[-70.678028,42.611499],[-70.678198,42.611592],[-70.678252,42.611609],[-70.678392,42.61158],[-70.678453,42.611511],[-70.678462,42.611484],[-70.678516,42.611398],[-70.678585,42.611352],[-70.678686,42.611364],[-70.678771,42.611381],[-70.678825,42.611438],[-70.678879,42.611523],[-70.678995,42.611575],[-70.679212,42.61155],[-70.679336,42.611498],[-70.679367,42.611475],[-70.679436,42.611362],[-70.679437,42.61124],[-70.679483,42.611172],[-70.679607,42.611184],[-70.679839,42.611306],[-70.68011,42.611464],[-70.68011,42.611541],[-70.679692,42.611952],[-70.679692,42.612047],[-70.679932,42.612458],[-70.679917,42.612552],[-70.679762,42.612667],[-70.679576,42.612796],[-70.67956,42.612864],[-70.679576,42.612927],[-70.679408,42.613074],[-70.679317,42.613188],[-70.679438,42.61329],[-70.679701,42.613323],[-70.679993,42.613307],[-70.680197,42.613428],[-70.680392,42.613405],[-70.680516,42.61329],[-70.680617,42.613092],[-70.680641,42.613064],[-70.680739,42.612952],[-70.680884,42.612896],[-70.680992,42.612871],[-70.681225,42.61274],[-70.681286,42.612739],[-70.681349,42.612761],[-70.681389,42.612813],[-70.681441,42.612881],[-70.681472,42.612957],[-70.681488,42.612975],[-70.681511,42.613002],[-70.681545,42.613058],[-70.681596,42.613118],[-70.681627,42.613176],[-70.681836,42.613398],[-70.68196,42.613554],[-70.681782,42.613664],[-70.68124,42.613965],[-70.68134,42.614225],[-70.681465,42.614182],[-70.681658,42.614031],[-70.681805,42.613979],[-70.682262,42.613891],[-70.68244,42.613889],[-70.682463,42.613906],[-70.682455,42.614015],[-70.6822,42.61427],[-70.6822,42.614288],[-70.682177,42.614302],[-70.682084,42.614497],[-70.682045,42.614682],[-70.682022,42.614714],[-70.681952,42.614783],[-70.681797,42.614835],[-70.680977,42.614955],[-70.680644,42.614991],[-70.680551,42.615029],[-70.680473,42.615111],[-70.680342,42.615221],[-70.680149,42.615341],[-70.680086,42.615472],[-70.680087,42.615639],[-70.680102,42.615666],[-70.68021,42.615646],[-70.680358,42.615536],[-70.680458,42.615431],[-70.680535,42.615376],[-70.680706,42.615319],[-70.680768,42.615341],[-70.680768,42.615395],[-70.680544,42.615506],[-70.680543,42.615528],[-70.680512,42.615565],[-70.680535,42.61565],[-70.68059,42.615712],[-70.680698,42.615742],[-70.681046,42.615787],[-70.681101,42.615966],[-70.681085,42.615989],[-70.680953,42.616],[-70.680946,42.616027],[-70.680946,42.616144],[-70.680969,42.616166],[-70.680969,42.616198],[-70.680984,42.616215],[-70.680984,42.616364],[-70.680953,42.616409],[-70.680892,42.6166],[-70.680868,42.616645],[-70.680868,42.616915],[-70.68069,42.61708],[-70.680628,42.617198],[-70.680628,42.61731],[-70.680667,42.617341],[-70.680783,42.617371],[-70.681255,42.617364],[-70.681728,42.617348],[-70.68179,42.61732],[-70.68182,42.617243],[-70.681759,42.617199],[-70.681565,42.617166],[-70.681503,42.617104],[-70.681495,42.616942],[-70.681495,42.616667],[-70.681573,42.616553],[-70.681612,42.616512],[-70.681673,42.616426],[-70.681751,42.616407],[-70.681852,42.61641],[-70.682053,42.616474],[-70.682215,42.616454],[-70.682347,42.616421],[-70.682374,42.616418],[-70.682517,42.616405],[-70.682548,42.616382],[-70.682548,42.616355],[-70.682448,42.616284],[-70.682254,42.616215],[-70.68213,42.6161],[-70.682138,42.616032],[-70.682277,42.615976],[-70.682339,42.615934],[-70.682339,42.615885],[-70.682192,42.615729],[-70.682192,42.615662],[-70.682285,42.615633],[-70.682548,42.615814],[-70.68261,42.615917],[-70.682873,42.615972],[-70.682974,42.616015],[-70.683028,42.616001],[-70.68302,42.615947],[-70.682897,42.615827],[-70.682873,42.615787],[-70.682896,42.615679],[-70.682989,42.615614],[-70.683152,42.615589],[-70.683191,42.61553],[-70.683198,42.615489],[-70.683222,42.615471],[-70.683229,42.615363],[-70.683238,42.615347],[-70.68326,42.615308],[-70.68343,42.615265],[-70.683477,42.61522],[-70.683539,42.615232],[-70.683533,42.615359],[-70.683531,42.615399],[-70.683624,42.615452],[-70.683709,42.615473],[-70.68374,42.615495],[-70.683756,42.615526],[-70.683779,42.615634],[-70.683825,42.615669],[-70.683988,42.615662],[-70.684205,42.615583],[-70.684244,42.615584],[-70.684313,42.615586],[-70.684344,42.615612],[-70.684348,42.61566],[-70.684351,42.615707],[-70.68429,42.615822],[-70.684274,42.615852],[-70.684251,42.616001],[-70.68422,42.616033],[-70.684035,42.616144],[-70.683926,42.616186],[-70.683802,42.6163],[-70.683732,42.6164],[-70.683694,42.616486],[-70.68357,42.616547],[-70.683485,42.616566],[-70.683206,42.616588],[-70.683137,42.616621],[-70.683129,42.616652],[-70.683144,42.61667],[-70.683516,42.616701],[-70.683601,42.616744],[-70.683825,42.61675],[-70.683879,42.616794],[-70.683864,42.616867],[-70.683779,42.616931],[-70.683779,42.616953],[-70.683732,42.616977],[-70.683686,42.617009],[-70.683663,42.617171],[-70.683593,42.617307],[-70.683593,42.617366],[-70.683818,42.617358],[-70.684011,42.617324],[-70.684143,42.617263],[-70.68422,42.617199],[-70.684414,42.616858],[-70.684507,42.616781],[-70.684584,42.616766],[-70.684793,42.616781],[-70.684839,42.616816],[-70.684832,42.616884],[-70.684816,42.616916],[-70.684824,42.616965],[-70.684932,42.616959],[-70.685033,42.616935],[-70.685072,42.616898],[-70.685064,42.616718],[-70.685087,42.616691],[-70.685103,42.616614],[-70.685149,42.616559],[-70.685164,42.616519],[-70.685188,42.616509],[-70.685235,42.616432],[-70.68525,42.616157],[-70.685265,42.616094],[-70.685358,42.616016],[-70.68542,42.61602]]],[[[-70.676731,42.615653],[-70.677061,42.615657],[-70.677109,42.61567],[-70.677142,42.61569],[-70.677162,42.615717],[-70.677189,42.615814],[-70.677208,42.616041],[-70.677227,42.616156],[-70.677265,42.616271],[-70.677313,42.616355],[-70.677477,42.616582],[-70.677493,42.616648],[-70.677484,42.616748],[-70.677464,42.616804],[-70.677403,42.616907],[-70.677332,42.617047],[-70.677272,42.61719],[-70.677269,42.617237],[-70.677297,42.617307],[-70.677394,42.6175],[-70.677444,42.617629],[-70.677481,42.617673],[-70.677518,42.617698],[-70.677574,42.617713],[-70.677834,42.617715],[-70.677864,42.618024],[-70.678602,42.618011],[-70.678956,42.618006],[-70.678933,42.617988],[-70.678925,42.617862],[-70.678902,42.617718],[-70.678871,42.617633],[-70.678863,42.617507],[-70.67884,42.617463],[-70.678832,42.617341],[-70.678817,42.617314],[-70.678817,42.617026],[-70.678864,42.61694],[-70.678871,42.616769],[-70.67891,42.616633],[-70.67891,42.616205],[-70.678887,42.616075],[-70.678864,42.616057],[-70.678865,42.615963],[-70.678825,42.615923],[-70.678809,42.615829],[-70.678778,42.615734],[-70.678747,42.61569],[-70.678678,42.615632],[-70.678554,42.615612],[-70.678399,42.615569],[-70.678314,42.615512],[-70.678252,42.615414],[-70.678159,42.615325],[-70.678159,42.615307],[-70.678074,42.615245],[-70.678074,42.615227],[-70.678004,42.61517],[-70.678004,42.615151],[-70.677974,42.615147],[-70.677896,42.615063],[-70.677749,42.614863],[-70.677741,42.614764],[-70.677826,42.614672],[-70.677865,42.614528],[-70.677919,42.614459],[-70.678121,42.61438],[-70.67819,42.614325],[-70.678229,42.614113],[-70.678237,42.613964],[-70.678252,42.613905],[-70.678268,42.61381],[-70.678353,42.61357],[-70.678369,42.613165],[-70.678363,42.612935],[-70.678229,42.61282],[-70.677997,42.612608],[-70.677803,42.612507],[-70.677651,42.612482],[-70.677587,42.612519],[-70.677463,42.612552],[-70.677122,42.612404],[-70.676139,42.611802],[-70.675296,42.611238],[-70.675095,42.611124],[-70.674499,42.61075],[-70.674328,42.610631],[-70.673415,42.610063],[-70.67318,42.609922],[-70.673152,42.609905],[-70.672966,42.6098],[-70.672858,42.609734],[-70.672734,42.609618],[-70.672595,42.609647],[-70.672532,42.609702],[-70.672563,42.609778],[-70.67237,42.609849],[-70.672293,42.609859],[-70.672169,42.609906],[-70.671348,42.610035],[-70.670868,42.61006],[-70.670567,42.610064],[-70.669785,42.610085],[-70.669421,42.610081],[-70.668879,42.610039],[-70.668693,42.609893],[-70.668329,42.609741],[-70.667401,42.60952],[-70.667166,42.609451],[-70.666877,42.609721],[-70.666674,42.610019],[-70.66639,42.610411],[-70.666316,42.610479],[-70.666235,42.610518],[-70.666209,42.610656],[-70.666148,42.610901],[-70.66608,42.611099],[-70.666072,42.611112],[-70.66602,42.611092],[-70.66589,42.6111],[-70.665793,42.611155],[-70.66569,42.611207],[-70.66583,42.611185],[-70.66597,42.611209],[-70.666229,42.611364],[-70.666331,42.611381],[-70.666525,42.611611],[-70.666635,42.611794],[-70.666686,42.611863],[-70.666778,42.611988],[-70.666864,42.612083],[-70.666897,42.612114],[-70.667004,42.61222],[-70.667205,42.612456],[-70.667367,42.612656],[-70.667476,42.612773],[-70.667666,42.613005],[-70.667768,42.613137],[-70.66781,42.6132],[-70.667872,42.613319],[-70.667991,42.613665],[-70.668045,42.613885],[-70.668056,42.614063],[-70.668155,42.614019],[-70.668336,42.61399],[-70.668475,42.613997],[-70.669355,42.61402],[-70.669472,42.614039],[-70.669592,42.614077],[-70.669573,42.61425],[-70.669568,42.614319],[-70.669577,42.614372],[-70.669616,42.614463],[-70.669719,42.614637],[-70.669806,42.614764],[-70.669879,42.614851],[-70.669745,42.614901],[-70.669504,42.614958],[-70.669417,42.614972],[-70.669417,42.615009],[-70.669446,42.615148],[-70.669525,42.615359],[-70.669563,42.615511],[-70.66964,42.615689],[-70.669672,42.615736],[-70.669685,42.615772],[-70.669683,42.615792],[-70.66996,42.615774],[-70.670168,42.615757],[-70.670403,42.615746],[-70.670776,42.615739],[-70.671013,42.615733],[-70.671202,42.615716],[-70.671676,42.615693],[-70.672572,42.615654],[-70.672959,42.61565],[-70.673132,42.615654],[-70.673093,42.615898],[-70.673406,42.615947],[-70.674216,42.616037],[-70.674452,42.616059],[-70.674671,42.616085],[-70.674752,42.616089],[-70.674719,42.615883],[-70.674697,42.615745],[-70.674673,42.61565],[-70.674781,42.61565],[-70.67505,42.615659],[-70.675364,42.61567],[-70.675456,42.615671],[-70.675845,42.615663],[-70.676042,42.615659],[-70.676653,42.615652],[-70.676731,42.615653]]]]}},{"type":"Feature","properties":{"ward":"3","precinct":"2","district":"3-2","population_2020":2903},"geometry":{"type":"Polygon","coordinates":[[[-70.655383,42.630626],[-70.65559,42.630791],[-70.656188,42.63049],[-70.656831,42.630418],[-70.656978,42.63038],[-70.657109,42.630306],[-70.657195,42.63021],[-70.657195,42.629949],[-70.657218,42.62989],[-70.657288,42.629839],[-70.65752,42.629791],[-70.657652,42.629753],[-70.657815,42.629665],[-70.658031,42.629572],[-70.658269,42.629463],[-70.658728,42.629256],[-70.658922,42.629176],[-70.659665,42.628765],[-70.659937,42.628621],[-70.660935,42.628175],[-70.661826,42.627666],[-70.663862,42.626583],[-70.664815,42.625957],[-70.664939,42.625919],[-70.66521,42.625884],[-70.665845,42.625865],[-70.665992,42.62585],[-70.666216,42.625774],[-70.666293,42.62571],[-70.666387,42.62561],[-70.666642,42.625417],[-70.666774,42.625357],[-70.667145,42.625297],[-70.667347,42.625479],[-70.667441,42.625574],[-70.667337,42.625278],[-70.667084,42.625226],[-70.667366,42.625097],[-70.667519,42.625062],[-70.667774,42.625042],[-70.667981,42.625036],[-70.668173,42.625054],[-70.668421,42.625099],[-70.668555,42.62509],[-70.668646,42.625075],[-70.668735,42.625052],[-70.668798,42.625014],[-70.66886,42.624959],[-70.668953,42.624953],[-70.669084,42.624893],[-70.66955,42.624512],[-70.669579,42.624535],[-70.669652,42.624564],[-70.670097,42.624666],[-70.670233,42.624697],[-70.670983,42.624807],[-70.671191,42.624825],[-70.671303,42.624827],[-70.671454,42.624822],[-70.671602,42.624801],[-70.672324,42.624715],[-70.67254,42.624668],[-70.672966,42.624559],[-70.673447,42.62443],[-70.673829,42.624288],[-70.674223,42.624126],[-70.674359,42.624072],[-70.67496,42.623787],[-70.675486,42.623521],[-70.675965,42.623294],[-70.676535,42.623072],[-70.676605,42.623125],[-70.676937,42.623397],[-70.677297,42.623679],[-70.677397,42.623756],[-70.677827,42.624132],[-70.678144,42.624447],[-70.678226,42.624518],[-70.678521,42.624772],[-70.678919,42.625126],[-70.679033,42.625236],[-70.679134,42.625323],[-70.679181,42.625374],[-70.679691,42.625823],[-70.680106,42.626217],[-70.680121,42.626242],[-70.680317,42.626586],[-70.680367,42.62674],[-70.680398,42.626902],[-70.680412,42.627059],[-70.680415,42.627201],[-70.680397,42.627331],[-70.680352,42.627461],[-70.680293,42.627607],[-70.680212,42.627745],[-70.680101,42.627936],[-70.679938,42.628198],[-70.679804,42.628441],[-70.67974,42.628697],[-70.67969,42.628831],[-70.679601,42.629121],[-70.679573,42.629292],[-70.679563,42.629487],[-70.679562,42.629647],[-70.679583,42.629823],[-70.679617,42.629909],[-70.679672,42.630085],[-70.679789,42.630254],[-70.679929,42.630415],[-70.680062,42.630597],[-70.680157,42.630741],[-70.680272,42.630887],[-70.680381,42.630982],[-70.680512,42.631088],[-70.680571,42.631187],[-70.680595,42.631298],[-70.680612,42.631447],[-70.681849,42.631533],[-70.682519,42.631574],[-70.682912,42.631608],[-70.68332,42.631637],[-70.684405,42.631659],[-70.684632,42.631658],[-70.68471,42.631635],[-70.684832,42.631577],[-70.685351,42.631236],[-70.685428,42.631363],[-70.685486,42.631553],[-70.685503,42.631727],[-70.685568,42.632053],[-70.685287,42.632334],[-70.685766,42.632742],[-70.685819,42.632719],[-70.68602,42.632603],[-70.686144,42.632453],[-70.686206,42.632398],[-70.686384,42.632391],[-70.686741,42.632566],[-70.687066,42.63261],[-70.687267,42.632598],[-70.687577,42.632481],[-70.687824,42.632464],[-70.687979,42.632444],[-70.688142,42.632387],[-70.688297,42.632277],[-70.688382,42.632249],[-70.688653,42.632204],[-70.688823,42.632148],[-70.689156,42.631936],[-70.689319,42.631821],[-70.689566,42.631596],[-70.689574,42.631569],[-70.689665,42.631436],[-70.689992,42.630901],[-70.690124,42.630652],[-70.690248,42.630366],[-70.690255,42.630244],[-70.690232,42.630177],[-70.690194,42.630146],[-70.690201,42.630106],[-70.690132,42.630008],[-70.690116,42.629949],[-70.690054,42.629887],[-70.690031,42.629838],[-70.689938,42.629745],[-70.689938,42.629722],[-70.689791,42.629603],[-70.689706,42.629564],[-70.689582,42.629516],[-70.689241,42.629494],[-70.688908,42.629494],[-70.68866,42.629552],[-70.688195,42.629721],[-70.688103,42.629727],[-70.688111,42.629677],[-70.688374,42.629412],[-70.688544,42.62927],[-70.688823,42.629126],[-70.688931,42.629048],[-70.68904,42.628916],[-70.68904,42.628718],[-70.689001,42.628673],[-70.688978,42.628579],[-70.688947,42.628548],[-70.688924,42.628499],[-70.688885,42.628445],[-70.688877,42.628401],[-70.688846,42.628388],[-70.688815,42.628289],[-70.688769,42.628218],[-70.688753,42.628182],[-70.688722,42.628151],[-70.688606,42.627864],[-70.688552,42.627834],[-70.688459,42.62783],[-70.688351,42.627882],[-70.688234,42.627906],[-70.688134,42.627885],[-70.687971,42.627883],[-70.687971,42.627829],[-70.688002,42.627779],[-70.688018,42.627733],[-70.688158,42.627659],[-70.688204,42.627614],[-70.68825,42.627514],[-70.68825,42.627131],[-70.688188,42.627055],[-70.688072,42.627048],[-70.687987,42.627081],[-70.687584,42.627109],[-70.687484,42.627093],[-70.687058,42.62709],[-70.686926,42.627047],[-70.686895,42.626975],[-70.68681,42.626905],[-70.686763,42.62682],[-70.686694,42.626731],[-70.686694,42.626708],[-70.686655,42.626682],[-70.686655,42.626659],[-70.686601,42.626584],[-70.686562,42.626553],[-70.686376,42.626258],[-70.686392,42.626195],[-70.686454,42.626198],[-70.686547,42.626265],[-70.686725,42.626469],[-70.686818,42.626544],[-70.687019,42.626739],[-70.687127,42.626808],[-70.687205,42.626858],[-70.687282,42.62688],[-70.687599,42.626934],[-70.687902,42.626925],[-70.68818,42.626844],[-70.688296,42.62677],[-70.688382,42.626674],[-70.688428,42.626516],[-70.68849,42.626371],[-70.688498,42.626321],[-70.688521,42.626281],[-70.688529,42.626087],[-70.688494,42.625908],[-70.688428,42.625566],[-70.688413,42.625535],[-70.688361,42.625372],[-70.688343,42.625315],[-70.688338,42.625293],[-70.688292,42.625104],[-70.688285,42.624996],[-70.688231,42.624844],[-70.688195,42.624719],[-70.688099,42.624391],[-70.688029,42.624275],[-70.687991,42.624244],[-70.68789,42.624093],[-70.687689,42.623884],[-70.687634,42.623799],[-70.687627,42.623673],[-70.687673,42.623546],[-70.687696,42.623456],[-70.687665,42.623387],[-70.687642,42.623335],[-70.687603,42.623282],[-70.687572,42.623116],[-70.687635,42.622998],[-70.687703,42.622916],[-70.688112,42.622315],[-70.688223,42.622151],[-70.6883,42.621966],[-70.688331,42.621835],[-70.688238,42.621408],[-70.688184,42.621292],[-70.688083,42.621176],[-70.687975,42.62107],[-70.68789,42.621017],[-70.687603,42.620909],[-70.687433,42.620826],[-70.687278,42.620783],[-70.687131,42.620767],[-70.686922,42.62082],[-70.68679,42.62079],[-70.68676,42.620768],[-70.686349,42.620783],[-70.686241,42.620762],[-70.68614,42.620647],[-70.686132,42.620611],[-70.686101,42.620593],[-70.686086,42.620562],[-70.68604,42.620509],[-70.686047,42.620491],[-70.685977,42.620429],[-70.685954,42.620384],[-70.685877,42.620317],[-70.685761,42.620333],[-70.685737,42.620455],[-70.685668,42.620505],[-70.685296,42.620569],[-70.685111,42.620608],[-70.684948,42.620615],[-70.684956,42.620556],[-70.684987,42.620506],[-70.685064,42.620428],[-70.685227,42.62035],[-70.685227,42.620305],[-70.685126,42.620234],[-70.685033,42.620253],[-70.684871,42.620346],[-70.68477,42.620365],[-70.68463,42.620349],[-70.684576,42.620323],[-70.684367,42.620151],[-70.68429,42.620102],[-70.684166,42.620059],[-70.683779,42.619957],[-70.683702,42.619967],[-70.683701,42.620034],[-70.683779,42.620182],[-70.683826,42.620433],[-70.683856,42.620554],[-70.68381,42.620722],[-70.683771,42.620731],[-70.683725,42.620727],[-70.683717,42.620457],[-70.683647,42.620377],[-70.6834,42.620223],[-70.683253,42.620104],[-70.683167,42.620065],[-70.683036,42.620035],[-70.682896,42.619943],[-70.682811,42.619917],[-70.682742,42.619864],[-70.682672,42.619725],[-70.682579,42.619677],[-70.682014,42.619514],[-70.681937,42.619524],[-70.681944,42.619574],[-70.681991,42.619636],[-70.682038,42.619739],[-70.682099,42.619819],[-70.682215,42.619917],[-70.682246,42.61997],[-70.682285,42.62015],[-70.682401,42.620256],[-70.682595,42.620379],[-70.682835,42.62052],[-70.682834,42.62056],[-70.682461,42.620675],[-70.682401,42.620693],[-70.682331,42.620784],[-70.682316,42.620834],[-70.682269,42.620929],[-70.682153,42.621003],[-70.682007,42.621077],[-70.681975,42.621118],[-70.681937,42.62115],[-70.681921,42.621195],[-70.681874,42.621245],[-70.681712,42.621315],[-70.681542,42.621354],[-70.681224,42.621372],[-70.681173,42.621383],[-70.681093,42.621401],[-70.680984,42.621385],[-70.680907,42.621341],[-70.680783,42.621234],[-70.68069,42.621132],[-70.680698,42.62111],[-70.680605,42.621048],[-70.680481,42.621063],[-70.680435,42.621104],[-70.680427,42.621298],[-70.680481,42.62154],[-70.680512,42.621608],[-70.680497,42.621819],[-70.680419,42.621897],[-70.68028,42.621895],[-70.680233,42.621864],[-70.680048,42.621817],[-70.67997,42.621836],[-70.679723,42.621867],[-70.679715,42.621831],[-70.679762,42.621781],[-70.679877,42.62168],[-70.679908,42.621634],[-70.679908,42.621445],[-70.680117,42.621438],[-70.680133,42.621388],[-70.679916,42.621071],[-70.679839,42.621001],[-70.679614,42.620986],[-70.679583,42.620946],[-70.679584,42.620923],[-70.679513,42.620834],[-70.679413,42.6208],[-70.679351,42.620742],[-70.679351,42.620706],[-70.679266,42.620649],[-70.679188,42.620663],[-70.679111,42.620723],[-70.67908,42.620845],[-70.679034,42.620886],[-70.678832,42.620898],[-70.678701,42.620923],[-70.6786,42.620929],[-70.678538,42.620876],[-70.678414,42.620837],[-70.678391,42.620806],[-70.678461,42.620755],[-70.678484,42.62071],[-70.678492,42.620647],[-70.678314,42.620469],[-70.678198,42.620417],[-70.677996,42.620298],[-70.677989,42.620258],[-70.67819,42.620178],[-70.678329,42.620167],[-70.678577,42.620263],[-70.678631,42.620271],[-70.678685,42.620252],[-70.679661,42.620134],[-70.679707,42.620111],[-70.679722,42.620066],[-70.67966,42.620017],[-70.679561,42.619996],[-70.679413,42.619926],[-70.679359,42.619882],[-70.679219,42.619816],[-70.679103,42.619733],[-70.678941,42.619681],[-70.678685,42.619644],[-70.678592,42.619646],[-70.678499,42.619687],[-70.678422,42.619693],[-70.678376,42.619676],[-70.678339,42.619635],[-70.678291,42.619582],[-70.678267,42.619439],[-70.678236,42.619417],[-70.678236,42.619399],[-70.678159,42.619328],[-70.67795,42.619263],[-70.677919,42.619228],[-70.67788,42.61917],[-70.678105,42.619144],[-70.678353,42.6191],[-70.679026,42.619063],[-70.679134,42.619016],[-70.679235,42.618916],[-70.679289,42.618802],[-70.67932,42.618617],[-70.679297,42.618532],[-70.679258,42.618447],[-70.679103,42.618287],[-70.679065,42.618216],[-70.679042,42.61821],[-70.679041,42.618189],[-70.679003,42.618149],[-70.678987,42.618091],[-70.678964,42.618078],[-70.678956,42.618006],[-70.678602,42.618011],[-70.677864,42.618024],[-70.677834,42.617715],[-70.677574,42.617713],[-70.677518,42.617698],[-70.677481,42.617673],[-70.677444,42.617629],[-70.677394,42.6175],[-70.677297,42.617307],[-70.677269,42.617237],[-70.677272,42.61719],[-70.677332,42.617047],[-70.677403,42.616907],[-70.677464,42.616804],[-70.677484,42.616748],[-70.677493,42.616648],[-70.677477,42.616582],[-70.677313,42.616355],[-70.677265,42.616271],[-70.677227,42.616156],[-70.677208,42.616041],[-70.677189,42.615814],[-70.677162,42.615717],[-70.677142,42.61569],[-70.677109,42.61567],[-70.677061,42.615657],[-70.676731,42.615653],[-70.676653,42.615652],[-70.676042,42.615659],[-70.675845,42.615663],[-70.675456,42.615671],[-70.675364,42.61567],[-70.67505,42.615659],[-70.674781,42.61565],[-70.674673,42.61565],[-70.674697,42.615745],[-70.674719,42.615883],[-70.674752,42.616089],[-70.674671,42.616085],[-70.674452,42.616059],[-70.674216,42.616037],[-70.673406,42.615947],[-70.673093,42.615898],[-70.673132,42.615654],[-70.672959,42.61565],[-70.672572,42.615654],[-70.671676,42.615693],[-70.671202,42.615716],[-70.671013,42.615733],[-70.670776,42.615739],[-70.670403,42.615746],[-70.670168,42.615757],[-70.66996,42.615774],[-70.669683,42.615792],[-70.669796,42.615975],[-70.669895,42.616231],[-70.669901,42.616258],[-70.669936,42.616351],[-70.669184,42.616509],[-70.66934,42.616771],[-70.669452,42.616927],[-70.669507,42.617002],[-70.66956,42.617061],[-70.669654,42.617165],[-70.670219,42.617669],[-70.670786,42.618102],[-70.671116,42.618339],[-70.671352,42.618486],[-70.671456,42.61854],[-70.671513,42.618569],[-70.671697,42.618645],[-70.6719,42.618706],[-70.672112,42.618781],[-70.672,42.6191],[-70.671982,42.619133],[-70.671904,42.619388],[-70.671861,42.619504],[-70.671753,42.619746],[-70.671658,42.619921],[-70.671616,42.619983],[-70.671572,42.620047],[-70.671498,42.620168],[-70.671445,42.620231],[-70.671396,42.62027],[-70.671319,42.620306],[-70.671255,42.620318],[-70.671138,42.620315],[-70.670971,42.620304],[-70.670709,42.620274],[-70.67041,42.620256],[-70.670244,42.620256],[-70.670186,42.620264],[-70.670136,42.62028],[-70.670047,42.620321],[-70.67002,42.620342],[-70.669995,42.620361],[-70.669868,42.620484],[-70.669579,42.62075],[-70.669337,42.620961],[-70.668685,42.621523],[-70.667803,42.619718],[-70.667723,42.619554],[-70.667688,42.619492],[-70.667652,42.619423],[-70.667531,42.619151],[-70.667427,42.618991],[-70.667361,42.618898],[-70.667265,42.618991],[-70.666974,42.61906],[-70.666829,42.619108],[-70.666583,42.619174],[-70.6662,42.619285],[-70.665732,42.619406],[-70.665345,42.619497],[-70.665134,42.619558],[-70.664897,42.619612],[-70.664585,42.619679],[-70.664356,42.619727],[-70.66417,42.619753],[-70.664205,42.62068],[-70.664265,42.622511],[-70.664292,42.623252],[-70.664299,42.624091],[-70.664312,42.624585],[-70.664315,42.624718],[-70.664239,42.625009],[-70.664113,42.62535],[-70.663841,42.625812],[-70.663564,42.626194],[-70.663267,42.626489],[-70.662936,42.626798],[-70.662593,42.626992],[-70.66017,42.628277],[-70.657176,42.629755],[-70.655383,42.630626]]]}},{"type":"Feature","properties":{"ward":"4","precinct":"1","district":"4-1","population_2020":3056},"geometry":{"type":"Polygon","coordinates":[[[-70.643157,42.63693],[-70.643222,42.638882],[-70.643382,42.644137],[-70.643521,42.648166],[-70.64378,42.647975],[-70.644489,42.647585],[-70.645173,42.64727],[-70.645381,42.647181],[-70.645537,42.647069],[-70.645653,42.646871],[-70.645821,42.646671],[-70.646244,42.646421],[-70.646891,42.646162],[-70.647416,42.645952],[-70.648397,42.645596],[-70.648868,42.645454],[-70.649304,42.645265],[-70.649976,42.644876],[-70.650336,42.644724],[-70.650579,42.644696],[-70.651233,42.644676],[-70.651701,42.644609],[-70.652132,42.644284],[-70.652459,42.644083],[-70.65276,42.644018],[-70.653659,42.644081],[-70.653868,42.64398],[-70.654542,42.643578],[-70.654828,42.643427],[-70.655072,42.643375],[-70.655334,42.643347],[-70.655688,42.643342],[-70.656065,42.643399],[-70.656441,42.643468],[-70.657138,42.643569],[-70.6574,42.643578],[-70.657793,42.643524],[-70.658075,42.643447],[-70.658265,42.643346],[-70.658748,42.643045],[-70.659356,42.64278],[-70.659713,42.642677],[-70.659974,42.642662],[-70.660328,42.642632],[-70.660665,42.642641],[-70.661173,42.64272],[-70.661662,42.642799],[-70.661999,42.642796],[-70.662413,42.64279],[-70.662461,42.642706],[-70.66248,42.642651],[-70.662489,42.642515],[-70.66248,42.642449],[-70.662435,42.642329],[-70.662209,42.64197],[-70.662183,42.6419],[-70.662184,42.641758],[-70.662196,42.64157],[-70.662185,42.641183],[-70.662195,42.641103],[-70.662275,42.640888],[-70.662318,42.640803],[-70.662374,42.640736],[-70.662637,42.640458],[-70.66278,42.640294],[-70.663005,42.640078],[-70.663199,42.639934],[-70.663292,42.639844],[-70.663342,42.639784],[-70.663373,42.639718],[-70.663428,42.639532],[-70.663495,42.639382],[-70.6636,42.639202],[-70.663681,42.639109],[-70.663913,42.638879],[-70.664001,42.638816],[-70.664143,42.638752],[-70.664249,42.638711],[-70.664438,42.638611],[-70.664548,42.638561],[-70.664655,42.638491],[-70.664817,42.638366],[-70.664983,42.638271],[-70.665238,42.638148],[-70.665336,42.638117],[-70.665438,42.638111],[-70.66594,42.638121],[-70.666153,42.638141],[-70.666267,42.638161],[-70.666295,42.638168],[-70.666362,42.638185],[-70.666495,42.638237],[-70.666682,42.638338],[-70.66675,42.638401],[-70.666794,42.638448],[-70.666821,42.638496],[-70.666845,42.638598],[-70.666841,42.638731],[-70.666793,42.638975],[-70.666717,42.639117],[-70.666594,42.639258],[-70.666545,42.639296],[-70.666213,42.639477],[-70.666148,42.639517],[-70.666106,42.639557],[-70.666069,42.639613],[-70.666027,42.639691],[-70.665885,42.639869],[-70.665833,42.639968],[-70.665826,42.640012],[-70.665836,42.640067],[-70.665928,42.640385],[-70.66596,42.640558],[-70.665958,42.640589],[-70.66595,42.640619],[-70.665919,42.640674],[-70.665789,42.640832],[-70.665666,42.64101],[-70.665647,42.641056],[-70.665635,42.641142],[-70.665631,42.641302],[-70.665706,42.641525],[-70.665719,42.641644],[-70.665711,42.641861],[-70.665733,42.641967],[-70.66598,42.641962],[-70.666159,42.641952],[-70.666292,42.641929],[-70.666423,42.641865],[-70.666531,42.641795],[-70.666647,42.641726],[-70.666798,42.641609],[-70.666778,42.641581],[-70.666784,42.641531],[-70.666916,42.641345],[-70.667032,42.641218],[-70.667187,42.641088],[-70.667311,42.640996],[-70.667404,42.640954],[-70.667526,42.640917],[-70.667635,42.640895],[-70.667952,42.640842],[-70.668247,42.640774],[-70.668363,42.640739],[-70.668444,42.64071],[-70.668544,42.640646],[-70.668679,42.64057],[-70.66877,42.64053],[-70.668888,42.64047],[-70.669149,42.640374],[-70.669553,42.640248],[-70.669823,42.64017],[-70.669958,42.640135],[-70.6701,42.640123],[-70.670265,42.640126],[-70.670306,42.640136],[-70.670361,42.640148],[-70.670542,42.640252],[-70.670711,42.64032],[-70.671049,42.640409],[-70.671356,42.640509],[-70.671784,42.640663],[-70.672162,42.640766],[-70.672928,42.640937],[-70.673829,42.641141],[-70.673862,42.641017],[-70.673963,42.640723],[-70.67401,42.640646],[-70.674025,42.640555],[-70.674002,42.640538],[-70.674002,42.640515],[-70.673971,42.640498],[-70.673932,42.640431],[-70.673933,42.640323],[-70.673994,42.640191],[-70.674002,42.640119],[-70.674025,42.640074],[-70.674219,42.639882],[-70.674381,42.63969],[-70.674444,42.63959],[-70.67442,42.639469],[-70.674381,42.639424],[-70.674219,42.639287],[-70.674185,42.639231],[-70.674157,42.639185],[-70.674157,42.639027],[-70.674196,42.638932],[-70.674428,42.63855],[-70.67504,42.637686],[-70.675226,42.637462],[-70.675404,42.63723],[-70.67555,42.637079],[-70.675567,42.637061],[-70.675621,42.636975],[-70.675629,42.636912],[-70.675667,42.636862],[-70.675783,42.636792],[-70.675946,42.636686],[-70.676016,42.636595],[-70.676047,42.636446],[-70.676078,42.636365],[-70.676147,42.636254],[-70.676171,42.636215],[-70.676202,42.636102],[-70.67621,42.635976],[-70.676233,42.635872],[-70.67638,42.635631],[-70.676426,42.635423],[-70.676396,42.635176],[-70.676342,42.63492],[-70.676311,42.634871],[-70.676303,42.634795],[-70.676272,42.634696],[-70.676272,42.634466],[-70.676334,42.634137],[-70.676427,42.633982],[-70.67662,42.633786],[-70.676667,42.633673],[-70.676736,42.633559],[-70.67676,42.633428],[-70.676814,42.633364],[-70.677108,42.63327],[-70.677193,42.633147],[-70.677225,42.633034],[-70.677247,42.633011],[-70.677511,42.633043],[-70.677619,42.633078],[-70.677603,42.633362],[-70.677604,42.63356],[-70.677635,42.633631],[-70.677735,42.633743],[-70.677751,42.63381],[-70.677766,42.633963],[-70.677805,42.634106],[-70.677874,42.634213],[-70.677929,42.634375],[-70.677929,42.634685],[-70.677843,42.634871],[-70.677766,42.63498],[-70.677634,42.63509],[-70.677503,42.635209],[-70.677433,42.635309],[-70.677379,42.635477],[-70.677386,42.635666],[-70.677425,42.635764],[-70.677448,42.635858],[-70.677541,42.636001],[-70.677611,42.636144],[-70.677595,42.636307],[-70.677572,42.636365],[-70.677511,42.636411],[-70.677348,42.636472],[-70.677247,42.636573],[-70.677169,42.636696],[-70.677139,42.636881],[-70.677131,42.637245],[-70.677092,42.637395],[-70.677061,42.637467],[-70.676906,42.637582],[-70.676852,42.637691],[-70.676906,42.637812],[-70.67693,42.637919],[-70.676937,42.638149],[-70.67696,42.638175],[-70.676999,42.638206],[-70.677131,42.638182],[-70.67741,42.638056],[-70.677565,42.637937],[-70.677681,42.637872],[-70.677739,42.637854],[-70.677812,42.63783],[-70.677998,42.637827],[-70.678161,42.637892],[-70.678455,42.638113],[-70.6786,42.638156],[-70.678687,42.638182],[-70.67878,42.638252],[-70.678896,42.638422],[-70.679013,42.638515],[-70.679206,42.63862],[-70.679237,42.638687],[-70.679159,42.63876],[-70.679113,42.638783],[-70.679059,42.638793],[-70.679028,42.638825],[-70.678926,42.638888],[-70.678757,42.638991],[-70.678744,42.638996],[-70.67847,42.639121],[-70.678331,42.639214],[-70.678215,42.639314],[-70.678122,42.639473],[-70.678046,42.639586],[-70.677975,42.639692],[-70.67775,42.63992],[-70.677564,42.640026],[-70.677348,42.640201],[-70.677256,42.640243],[-70.677154,42.640289],[-70.677092,42.640344],[-70.677092,42.640402],[-70.677215,42.640504],[-70.677254,42.640594],[-70.677262,42.640729],[-70.677355,42.640934],[-70.677347,42.641304],[-70.677324,42.641349],[-70.677332,42.641772],[-70.677363,42.641848],[-70.67737,42.641916],[-70.677432,42.642059],[-70.677448,42.642135],[-70.677487,42.642184],[-70.677494,42.642229],[-70.677595,42.642399],[-70.677727,42.642572],[-70.678183,42.643147],[-70.678199,42.643187],[-70.678245,42.643267],[-70.678261,42.643353],[-70.678419,42.643685],[-70.678438,42.643724],[-70.678462,42.643813],[-70.678539,42.643992],[-70.67857,42.644113],[-70.678709,42.6444],[-70.678888,42.644654],[-70.679066,42.6448],[-70.679198,42.644865],[-70.679329,42.644899],[-70.679516,42.644897],[-70.679709,42.64484],[-70.680073,42.644623],[-70.680329,42.644439],[-70.680413,42.644393],[-70.680654,42.644227],[-70.680793,42.644094],[-70.680956,42.643853],[-70.68108,42.643644],[-70.681242,42.643322],[-70.681312,42.642988],[-70.681335,42.64279],[-70.681397,42.642446],[-70.681397,42.642415],[-70.681505,42.641774],[-70.681529,42.641346],[-70.681529,42.641204],[-70.681529,42.640995],[-70.681374,42.640686],[-70.68132,42.640638],[-70.681327,42.640601],[-70.681296,42.640584],[-70.681118,42.640357],[-70.681064,42.640299],[-70.681064,42.640281],[-70.681018,42.640255],[-70.681018,42.640237],[-70.680955,42.640166],[-70.680871,42.640081],[-70.680785,42.639965],[-70.680785,42.639839],[-70.680809,42.639808],[-70.680817,42.639555],[-70.680793,42.639511],[-70.680793,42.639339],[-70.680824,42.639271],[-70.680886,42.639203],[-70.681072,42.639137],[-70.681204,42.639077],[-70.681258,42.638995],[-70.681312,42.638954],[-70.68156,42.638891],[-70.681739,42.638871],[-70.681932,42.638945],[-70.681994,42.638989],[-70.682117,42.639374],[-70.682211,42.639535],[-70.68235,42.639731],[-70.68252,42.639854],[-70.682652,42.639907],[-70.682837,42.639922],[-70.683039,42.639892],[-70.683068,42.639883],[-70.683163,42.639854],[-70.683426,42.639729],[-70.683945,42.639325],[-70.684083,42.639203],[-70.684131,42.63916],[-70.684378,42.638913],[-70.684456,42.63884],[-70.685029,42.638242],[-70.685137,42.638073],[-70.685215,42.637807],[-70.685254,42.63772],[-70.685284,42.63749],[-70.685287,42.637307],[-70.685292,42.63695],[-70.685261,42.636748],[-70.685192,42.636573],[-70.685192,42.636236],[-70.685138,42.636115],[-70.685099,42.635994],[-70.685122,42.635723],[-70.685145,42.635574],[-70.685168,42.635097],[-70.685138,42.634759],[-70.68513,42.634399],[-70.685161,42.634273],[-70.685316,42.633883],[-70.685527,42.633577],[-70.685595,42.633478],[-70.685618,42.633429],[-70.685571,42.633357],[-70.685471,42.633273],[-70.68547,42.633255],[-70.68544,42.633233],[-70.685424,42.633179],[-70.685424,42.633031],[-70.685455,42.632963],[-70.685484,42.632921],[-70.685633,42.632798],[-70.685766,42.632742],[-70.685287,42.632334],[-70.685568,42.632053],[-70.685503,42.631727],[-70.685486,42.631553],[-70.685428,42.631363],[-70.685351,42.631236],[-70.684832,42.631577],[-70.68471,42.631635],[-70.684632,42.631658],[-70.684405,42.631659],[-70.68332,42.631637],[-70.682912,42.631608],[-70.682519,42.631574],[-70.681849,42.631533],[-70.680612,42.631447],[-70.680595,42.631298],[-70.680571,42.631187],[-70.680512,42.631088],[-70.680381,42.630982],[-70.680272,42.630887],[-70.680157,42.630741],[-70.680062,42.630597],[-70.679929,42.630415],[-70.679789,42.630254],[-70.679672,42.630085],[-70.679617,42.629909],[-70.679583,42.629823],[-70.679562,42.629647],[-70.679563,42.629487],[-70.679573,42.629292],[-70.679601,42.629121],[-70.67969,42.628831],[-70.67974,42.628697],[-70.679804,42.628441],[-70.679938,42.628198],[-70.680101,42.627936],[-70.680212,42.627745],[-70.680293,42.627607],[-70.680352,42.627461],[-70.680397,42.627331],[-70.680415,42.627201],[-70.680412,42.627059],[-70.680398,42.626902],[-70.680367,42.62674],[-70.680317,42.626586],[-70.680121,42.626242],[-70.680106,42.626217],[-70.679691,42.625823],[-70.679181,42.625374],[-70.679134,42.625323],[-70.679033,42.625236],[-70.678919,42.625126],[-70.678521,42.624772],[-70.678226,42.624518],[-70.678144,42.624447],[-70.677827,42.624132],[-70.677397,42.623756],[-70.677297,42.623679],[-70.676937,42.623397],[-70.676605,42.623125],[-70.676535,42.623072],[-70.675965,42.623294],[-70.675486,42.623521],[-70.67496,42.623787],[-70.674359,42.624072],[-70.674223,42.624126],[-70.673829,42.624288],[-70.673447,42.62443],[-70.672966,42.624559],[-70.67254,42.624668],[-70.672324,42.624715],[-70.671602,42.624801],[-70.671454,42.624822],[-70.671303,42.624827],[-70.671191,42.624825],[-70.670983,42.624807],[-70.670233,42.624697],[-70.670097,42.624666],[-70.669652,42.624564],[-70.669579,42.624535],[-70.66955,42.624512],[-70.669084,42.624893],[-70.668953,42.624953],[-70.66886,42.624959],[-70.668798,42.625014],[-70.668735,42.625052],[-70.668646,42.625075],[-70.668555,42.62509],[-70.668421,42.625099],[-70.668173,42.625054],[-70.667981,42.625036],[-70.667774,42.625042],[-70.667519,42.625062],[-70.667366,42.625097],[-70.667084,42.625226],[-70.667337,42.625278],[-70.667441,42.625574],[-70.667347,42.625479],[-70.667145,42.625297],[-70.666774,42.625357],[-70.666642,42.625417],[-70.666387,42.62561],[-70.666293,42.62571],[-70.666216,42.625774],[-70.665992,42.62585],[-70.665845,42.625865],[-70.66521,42.625884],[-70.664939,42.625919],[-70.664815,42.625957],[-70.663862,42.626583],[-70.661826,42.627666],[-70.660935,42.628175],[-70.659937,42.628621],[-70.659665,42.628765],[-70.658922,42.629176],[-70.658728,42.629256],[-70.658269,42.629463],[-70.658031,42.629572],[-70.657815,42.629665],[-70.657652,42.629753],[-70.65752,42.629791],[-70.657288,42.629839],[-70.657218,42.62989],[-70.657195,42.629949],[-70.657195,42.63021],[-70.657109,42.630306],[-70.656978,42.63038],[-70.656831,42.630418],[-70.656188,42.63049],[-70.65559,42.630791],[-70.655383,42.630626],[-70.654038,42.631298],[-70.653404,42.631573],[-70.652419,42.631898],[-70.651528,42.632213],[-70.650928,42.632459],[-70.649767,42.633104],[-70.649214,42.633484],[-70.648762,42.63388],[-70.648013,42.634395],[-70.647561,42.634675],[-70.645821,42.635566],[-70.644876,42.636036],[-70.643157,42.63693]]]}},{"type":"Feature","properties":{"ward":"4","precinct":"2","district":"4-2","population_2020":3044},"geometry":{"type":"Polygon","coordinates":[[[-70.672688,42.669366],[-70.673075,42.669728],[-70.673044,42.66981],[-70.672974,42.669933],[-70.672896,42.670127],[-70.672897,42.670289],[-70.672928,42.670361],[-70.672974,42.670419],[-70.673121,42.670525],[-70.673238,42.670573],[-70.673516,42.670623],[-70.673687,42.670674],[-70.673834,42.670762],[-70.674004,42.670773],[-70.674121,42.670708],[-70.674151,42.670622],[-70.674121,42.670276],[-70.674244,42.670067],[-70.674284,42.669972],[-70.674315,42.6698],[-70.67433,42.669526],[-70.674268,42.669382],[-70.67426,42.669112],[-70.674198,42.668987],[-70.674082,42.668926],[-70.673951,42.668914],[-70.673184,42.66857],[-70.673153,42.668462],[-70.67309,42.6684],[-70.67306,42.668346],[-70.672804,42.668134],[-70.672789,42.668085],[-70.672695,42.668068],[-70.672618,42.668015],[-70.672602,42.667957],[-70.67254,42.667949],[-70.672417,42.667874],[-70.672339,42.667772],[-70.672324,42.66765],[-70.672378,42.667559],[-70.67244,42.6675],[-70.672533,42.667467],[-70.672541,42.667426],[-70.672711,42.667244],[-70.672858,42.667107],[-70.673044,42.666982],[-70.673052,42.666933],[-70.673083,42.666883],[-70.673141,42.666773],[-70.673184,42.666701],[-70.673246,42.666633],[-70.673424,42.666617],[-70.673517,42.666638],[-70.673742,42.666621],[-70.674006,42.666586],[-70.674269,42.66655],[-70.674361,42.666544],[-70.674633,42.66645],[-70.674728,42.666434],[-70.674811,42.666421],[-70.67495,42.666446],[-70.67495,42.666468],[-70.675043,42.666485],[-70.67519,42.666568],[-70.675376,42.666565],[-70.675524,42.666541],[-70.676143,42.666329],[-70.676331,42.666238],[-70.676383,42.666213],[-70.676405,42.666193],[-70.676476,42.666135],[-70.676477,42.666032],[-70.676507,42.665946],[-70.676608,42.665849],[-70.676701,42.66583],[-70.676733,42.665785],[-70.677243,42.665638],[-70.677863,42.665421],[-70.67822,42.665232],[-70.678483,42.66507],[-70.6786,42.664969],[-70.678801,42.664836],[-70.678932,42.66473],[-70.679064,42.664584],[-70.679242,42.664361],[-70.679275,42.664295],[-70.679358,42.66413],[-70.679637,42.663774],[-70.679808,42.663574],[-70.679978,42.663436],[-70.680226,42.663297],[-70.68035,42.663174],[-70.680575,42.662973],[-70.680706,42.662905],[-70.680815,42.662848],[-70.68104,42.662745],[-70.68128,42.662589],[-70.681334,42.662561],[-70.681458,42.662478],[-70.681636,42.662322],[-70.68176,42.662154],[-70.681768,42.662037],[-70.681752,42.661951],[-70.681706,42.661889],[-70.681559,42.661742],[-70.681264,42.661549],[-70.681156,42.661496],[-70.681133,42.661474],[-70.680939,42.661391],[-70.680908,42.661351],[-70.680838,42.661343],[-70.680544,42.661186],[-70.68042,42.661088],[-70.680265,42.660951],[-70.680265,42.660928],[-70.680226,42.660889],[-70.680203,42.660812],[-70.680188,42.660732],[-70.680141,42.660633],[-70.680133,42.660273],[-70.680157,42.660228],[-70.680133,42.660201],[-70.680126,42.660062],[-70.680149,42.659989],[-70.680257,42.659861],[-70.680296,42.659784],[-70.680366,42.65968],[-70.680629,42.659541],[-70.68073,42.659521],[-70.680746,42.659485],[-70.680916,42.65937],[-70.680942,42.659355],[-70.681001,42.659324],[-70.681195,42.659177],[-70.681373,42.659017],[-70.681482,42.658898],[-70.681621,42.658702],[-70.68176,42.658453],[-70.681807,42.658321],[-70.681807,42.657952],[-70.681776,42.65784],[-70.681763,42.657709],[-70.68176,42.657674],[-70.681783,42.657624],[-70.681892,42.657474],[-70.681946,42.657378],[-70.681954,42.657189],[-70.681908,42.657001],[-70.681846,42.656988],[-70.681683,42.656891],[-70.681497,42.656669],[-70.681458,42.656489],[-70.681451,42.655994],[-70.681458,42.655956],[-70.681481,42.655823],[-70.681528,42.655741],[-70.681675,42.655577],[-70.681698,42.655545],[-70.681768,42.655512],[-70.681791,42.655453],[-70.681845,42.655396],[-70.682109,42.65512],[-70.682202,42.655078],[-70.682217,42.655001],[-70.682318,42.654964],[-70.682333,42.654905],[-70.682504,42.654722],[-70.682589,42.654568],[-70.682597,42.654334],[-70.682574,42.654285],[-70.682566,42.654222],[-70.682535,42.654186],[-70.682458,42.65398],[-70.682403,42.653738],[-70.682427,42.653665],[-70.682435,42.653449],[-70.682411,42.653405],[-70.682403,42.653346],[-70.682302,42.653235],[-70.682078,42.65309],[-70.682009,42.65305],[-70.681977,42.653015],[-70.681761,42.652838],[-70.681768,42.65282],[-70.681737,42.652793],[-70.681675,42.652726],[-70.681513,42.652643],[-70.681435,42.652631],[-70.681373,42.652587],[-70.681102,42.652609],[-70.680831,42.65273],[-70.680831,42.652793],[-70.679336,42.65318],[-70.679135,42.653201],[-70.679049,42.653134],[-70.679019,42.653058],[-70.679065,42.653012],[-70.679104,42.652989],[-70.679096,42.652899],[-70.679027,42.652855],[-70.678934,42.652848],[-70.678887,42.652803],[-70.678887,42.652727],[-70.678918,42.652717],[-70.678918,42.652686],[-70.67888,42.652637],[-70.678887,42.652461],[-70.678871,42.652421],[-70.678771,42.652332],[-70.678655,42.652253],[-70.678632,42.65219],[-70.678523,42.652097],[-70.678507,42.652053],[-70.678453,42.65199],[-70.678291,42.651876],[-70.678128,42.651905],[-70.678066,42.651928],[-70.678004,42.65192],[-70.677973,42.651889],[-70.677842,42.651891],[-70.677733,42.651929],[-70.677632,42.651876],[-70.677508,42.651923],[-70.67747,42.651946],[-70.6775,42.652076],[-70.677416,42.652154],[-70.676989,42.652349],[-70.676858,42.652468],[-70.676788,42.65251],[-70.676765,42.652551],[-70.676796,42.652595],[-70.67685,42.652644],[-70.676827,42.65269],[-70.676765,42.652726],[-70.676672,42.652728],[-70.676594,42.652706],[-70.676566,42.652709],[-70.67654,42.652712],[-70.676494,42.652748],[-70.67637,42.652881],[-70.676362,42.652953],[-70.67644,42.653019],[-70.676439,42.653096],[-70.676377,42.653191],[-70.676331,42.653219],[-70.676246,42.653229],[-70.676207,42.653455],[-70.67623,42.653477],[-70.676331,42.653507],[-70.676331,42.653579],[-70.676277,42.653598],[-70.676246,42.653635],[-70.676277,42.653666],[-70.676347,42.653678],[-70.67637,42.653696],[-70.676362,42.653858],[-70.676331,42.653958],[-70.676292,42.653999],[-70.676238,42.654026],[-70.67623,42.654121],[-70.676307,42.654174],[-70.676292,42.654278],[-70.676246,42.654396],[-70.676245,42.654499],[-70.676269,42.654535],[-70.676261,42.654602],[-70.676145,42.654631],[-70.676114,42.65474],[-70.676005,42.654804],[-70.675944,42.654976],[-70.675935,42.655067],[-70.675866,42.655257],[-70.675874,42.655351],[-70.676067,42.655447],[-70.676068,42.655542],[-70.676021,42.655633],[-70.675688,42.655637],[-70.675618,42.65576],[-70.675618,42.655828],[-70.675641,42.65585],[-70.675688,42.655867],[-70.67568,42.655962],[-70.675595,42.656067],[-70.675587,42.656094],[-70.675486,42.656221],[-70.675448,42.65624],[-70.675362,42.656205],[-70.67527,42.656265],[-70.675455,42.656348],[-70.675394,42.656403],[-70.67513,42.656389],[-70.675076,42.656412],[-70.675076,42.656457],[-70.675293,42.656526],[-70.675362,42.65657],[-70.675362,42.656637],[-70.675339,42.65666],[-70.675223,42.656905],[-70.674913,42.657405],[-70.674859,42.657514],[-70.674743,42.657655],[-70.674587,42.657778],[-70.67451,42.657838],[-70.674464,42.657943],[-70.674471,42.658123],[-70.674487,42.658276],[-70.674461,42.658425],[-70.674456,42.658452],[-70.674417,42.658556],[-70.674316,42.658733],[-70.674153,42.658947],[-70.673998,42.659233],[-70.67389,42.659419],[-70.673433,42.659939],[-70.673386,42.660016],[-70.67334,42.660057],[-70.673224,42.660194],[-70.672852,42.660555],[-70.672488,42.660799],[-70.672333,42.660887],[-70.672233,42.66092],[-70.672225,42.660938],[-70.67217,42.660944],[-70.672,42.661063],[-70.671907,42.661073],[-70.671868,42.661051],[-70.671868,42.661006],[-70.671883,42.660957],[-70.672015,42.660856],[-70.672272,42.660595],[-70.672488,42.660286],[-70.672705,42.660067],[-70.67279,42.659962],[-70.673123,42.65943],[-70.673232,42.65928],[-70.673557,42.658712],[-70.673736,42.658377],[-70.67382,42.658186],[-70.673898,42.657897],[-70.673937,42.657685],[-70.674177,42.656889],[-70.674223,42.656528],[-70.674262,42.656388],[-70.674293,42.656185],[-70.674348,42.656026],[-70.674355,42.655945],[-70.674402,42.655854],[-70.674503,42.655587],[-70.674549,42.655402],[-70.674596,42.65528],[-70.674673,42.654972],[-70.674732,42.654833],[-70.674797,42.654678],[-70.674906,42.654582],[-70.675022,42.65454],[-70.675099,42.654484],[-70.675138,42.654421],[-70.675154,42.654312],[-70.674991,42.654121],[-70.67496,42.654032],[-70.674999,42.653905],[-70.674999,42.65363],[-70.674968,42.653568],[-70.67496,42.653433],[-70.675006,42.653356],[-70.675022,42.65322],[-70.674999,42.653167],[-70.674991,42.653027],[-70.675038,42.65286],[-70.675193,42.652614],[-70.675293,42.652329],[-70.675297,42.652223],[-70.675301,42.652131],[-70.675286,42.652086],[-70.675177,42.651989],[-70.67517,42.651948],[-70.675061,42.651869],[-70.67496,42.651731],[-70.674922,42.651614],[-70.674852,42.651512],[-70.67462,42.651344],[-70.674442,42.65127],[-70.674353,42.651222],[-70.674293,42.651191],[-70.674139,42.651108],[-70.67407,42.651041],[-70.673969,42.650989],[-70.673845,42.650959],[-70.673721,42.650956],[-70.673644,42.650985],[-70.673489,42.651018],[-70.673396,42.650885],[-70.673287,42.650909],[-70.673257,42.651017],[-70.673226,42.651081],[-70.67321,42.651275],[-70.673133,42.65128],[-70.6729,42.651243],[-70.672869,42.651054],[-70.672823,42.651028],[-70.673528,42.649572],[-70.673551,42.649554],[-70.673559,42.649527],[-70.673582,42.649504],[-70.673598,42.649472],[-70.673652,42.649467],[-70.674186,42.649293],[-70.674264,42.649251],[-70.674333,42.649173],[-70.674349,42.649038],[-70.67431,42.648836],[-70.674264,42.648702],[-70.674241,42.648441],[-70.674217,42.648378],[-70.674202,42.648284],[-70.67424,42.64813],[-70.674372,42.647867],[-70.674667,42.647539],[-70.674823,42.647322],[-70.674914,42.647195],[-70.674953,42.647143],[-70.675054,42.646966],[-70.675178,42.646788],[-70.675224,42.646742],[-70.675372,42.646547],[-70.67548,42.646424],[-70.675623,42.64621],[-70.675651,42.646169],[-70.675681,42.646114],[-70.675705,42.645983],[-70.675744,42.645947],[-70.675922,42.645872],[-70.676108,42.645775],[-70.676201,42.6457],[-70.676255,42.645656],[-70.676588,42.645466],[-70.676743,42.645329],[-70.676867,42.645183],[-70.676967,42.645037],[-70.677021,42.644825],[-70.677068,42.644716],[-70.677076,42.644608],[-70.677107,42.644509],[-70.677138,42.644459],[-70.677378,42.64446],[-70.677424,42.644423],[-70.677425,42.644342],[-70.677363,42.644293],[-70.677339,42.644217],[-70.677285,42.644096],[-70.677137,42.643986],[-70.677131,42.643955],[-70.677123,42.643914],[-70.677146,42.643544],[-70.677153,42.642927],[-70.677107,42.642771],[-70.67689,42.642576],[-70.676635,42.642426],[-70.676619,42.642354],[-70.676457,42.642321],[-70.676348,42.642246],[-70.676209,42.642207],[-70.675891,42.642212],[-70.675651,42.642261],[-70.675512,42.642321],[-70.675442,42.642385],[-70.675395,42.642404],[-70.675372,42.642499],[-70.675271,42.642613],[-70.67521,42.642627],[-70.67514,42.642615],[-70.675047,42.642544],[-70.674907,42.64238],[-70.674908,42.642357],[-70.674884,42.642353],[-70.674838,42.642277],[-70.674753,42.642193],[-70.67459,42.642155],[-70.674412,42.642144],[-70.674289,42.642181],[-70.674087,42.642265],[-70.673792,42.642432],[-70.673669,42.642465],[-70.673367,42.642479],[-70.672801,42.642383],[-70.672561,42.642333],[-70.672468,42.642276],[-70.672468,42.642235],[-70.672492,42.642212],[-70.672732,42.642141],[-70.672879,42.642035],[-70.673118,42.641973],[-70.673211,42.641905],[-70.673274,42.641818],[-70.673305,42.64162],[-70.673343,42.641578],[-70.673599,42.641512],[-70.673684,42.641443],[-70.673762,42.641329],[-70.673808,42.64122],[-70.673829,42.641141],[-70.672928,42.640937],[-70.672162,42.640766],[-70.671784,42.640663],[-70.671356,42.640509],[-70.671049,42.640409],[-70.670711,42.64032],[-70.670542,42.640252],[-70.670361,42.640148],[-70.670306,42.640136],[-70.670265,42.640126],[-70.6701,42.640123],[-70.669958,42.640135],[-70.669823,42.64017],[-70.669553,42.640248],[-70.669149,42.640374],[-70.668888,42.64047],[-70.66877,42.64053],[-70.668679,42.64057],[-70.668544,42.640646],[-70.668444,42.64071],[-70.668363,42.640739],[-70.668247,42.640774],[-70.667952,42.640842],[-70.667635,42.640895],[-70.667526,42.640917],[-70.667404,42.640954],[-70.667311,42.640996],[-70.667187,42.641088],[-70.667032,42.641218],[-70.666916,42.641345],[-70.666784,42.641531],[-70.666778,42.641581],[-70.666798,42.641609],[-70.666647,42.641726],[-70.666531,42.641795],[-70.666423,42.641865],[-70.666292,42.641929],[-70.666159,42.641952],[-70.66598,42.641962],[-70.665733,42.641967],[-70.665711,42.641861],[-70.665719,42.641644],[-70.665706,42.641525],[-70.665631,42.641302],[-70.665635,42.641142],[-70.665647,42.641056],[-70.665666,42.64101],[-70.665789,42.640832],[-70.665919,42.640674],[-70.66595,42.640619],[-70.665958,42.640589],[-70.66596,42.640558],[-70.665928,42.640385],[-70.665836,42.640067],[-70.665826,42.640012],[-70.665833,42.639968],[-70.665885,42.639869],[-70.666027,42.639691],[-70.666069,42.639613],[-70.666106,42.639557],[-70.666148,42.639517],[-70.666213,42.639477],[-70.666545,42.639296],[-70.666594,42.639258],[-70.666717,42.639117],[-70.666793,42.638975],[-70.666841,42.638731],[-70.666845,42.638598],[-70.666821,42.638496],[-70.666794,42.638448],[-70.66675,42.638401],[-70.666682,42.638338],[-70.666495,42.638237],[-70.666362,42.638185],[-70.666295,42.638168],[-70.666267,42.638161],[-70.666153,42.638141],[-70.66594,42.638121],[-70.665438,42.638111],[-70.665336,42.638117],[-70.665238,42.638148],[-70.664983,42.638271],[-70.664817,42.638366],[-70.664655,42.638491],[-70.664548,42.638561],[-70.664438,42.638611],[-70.664249,42.638711],[-70.664143,42.638752],[-70.664001,42.638816],[-70.663913,42.638879],[-70.663681,42.639109],[-70.6636,42.639202],[-70.663495,42.639382],[-70.663428,42.639532],[-70.663373,42.639718],[-70.663342,42.639784],[-70.663292,42.639844],[-70.663199,42.639934],[-70.663005,42.640078],[-70.66278,42.640294],[-70.662637,42.640458],[-70.662374,42.640736],[-70.662318,42.640803],[-70.662275,42.640888],[-70.662195,42.641103],[-70.662185,42.641183],[-70.662196,42.64157],[-70.662184,42.641758],[-70.662183,42.6419],[-70.662209,42.64197],[-70.662435,42.642329],[-70.66248,42.642449],[-70.662489,42.642515],[-70.66248,42.642651],[-70.662461,42.642706],[-70.662413,42.64279],[-70.661999,42.642796],[-70.661662,42.642799],[-70.661173,42.64272],[-70.660665,42.642641],[-70.660328,42.642632],[-70.659974,42.642662],[-70.659713,42.642677],[-70.659356,42.64278],[-70.658748,42.643045],[-70.658265,42.643346],[-70.658075,42.643447],[-70.657793,42.643524],[-70.6574,42.643578],[-70.657138,42.643569],[-70.656441,42.643468],[-70.656065,42.643399],[-70.655688,42.643342],[-70.655334,42.643347],[-70.655072,42.643375],[-70.654828,42.643427],[-70.654542,42.643578],[-70.653868,42.64398],[-70.653659,42.644081],[-70.65276,42.644018],[-70.652459,42.644083],[-70.652132,42.644284],[-70.651701,42.644609],[-70.651233,42.644676],[-70.650579,42.644696],[-70.650336,42.644724],[-70.649976,42.644876],[-70.649304,42.645265],[-70.648868,42.645454],[-70.648397,42.645596],[-70.647416,42.645952],[-70.646891,42.646162],[-70.646244,42.646421],[-70.645821,42.646671],[-70.645653,42.646871],[-70.645537,42.647069],[-70.645381,42.647181],[-70.645173,42.64727],[-70.644489,42.647585],[-70.64378,42.647975],[-70.643521,42.648166],[-70.643573,42.650185],[-70.643786,42.656492],[-70.644018,42.664685],[-70.6438,42.666083],[-70.64372,42.666627],[-70.643642,42.667069],[-70.643574,42.667414],[-70.642883,42.671739],[-70.642149,42.67624],[-70.642008,42.67711],[-70.641842,42.678215],[-70.641817,42.67838],[-70.641753,42.678809],[-70.641742,42.678873],[-70.641406,42.680921],[-70.641287,42.681658],[-70.641269,42.681767],[-70.64101,42.683378],[-70.640949,42.683757],[-70.640824,42.684565],[-70.640645,42.685649],[-70.640635,42.685749],[-70.640533,42.686392],[-70.640443,42.687223],[-70.6405,42.687184],[-70.640531,42.687166],[-70.640609,42.687088],[-70.640655,42.687011],[-70.640678,42.687001],[-70.640678,42.686857],[-70.64064,42.686795],[-70.64064,42.686718],[-70.640663,42.686695],[-70.640686,42.686664],[-70.64076,42.686606],[-70.640826,42.686554],[-70.640934,42.686525],[-70.640942,42.68648],[-70.641306,42.686222],[-70.64147,42.686076],[-70.641578,42.685993],[-70.641586,42.685975],[-70.641656,42.685812],[-70.641671,42.685749],[-70.641764,42.685613],[-70.641997,42.685407],[-70.642183,42.685287],[-70.642415,42.685288],[-70.642438,42.685324],[-70.642578,42.685407],[-70.642834,42.685665],[-70.642996,42.685851],[-70.643074,42.685994],[-70.643089,42.686048],[-70.643081,42.686409],[-70.643128,42.686566],[-70.643158,42.686579],[-70.643166,42.686642],[-70.643213,42.686767],[-70.643236,42.686938],[-70.64322,42.687077],[-70.643197,42.687105],[-70.643189,42.687132],[-70.643104,42.687277],[-70.642972,42.687464],[-70.642956,42.687541],[-70.642972,42.687554],[-70.642972,42.687585],[-70.643073,42.687683],[-70.643289,42.688157],[-70.643367,42.688282],[-70.643389,42.688331],[-70.643459,42.688443],[-70.643668,42.68866],[-70.643746,42.688785],[-70.643785,42.688947],[-70.643807,42.688978],[-70.643816,42.689059],[-70.64387,42.689207],[-70.643916,42.689301],[-70.644009,42.689453],[-70.644087,42.689546],[-70.644086,42.689564],[-70.644234,42.689665],[-70.644396,42.689713],[-70.644637,42.689714],[-70.644838,42.689661],[-70.645047,42.68955],[-70.645187,42.689454],[-70.645326,42.689375],[-70.645737,42.689216],[-70.64604,42.689014],[-70.646141,42.688999],[-70.646466,42.688967],[-70.646528,42.688935],[-70.646548,42.688903],[-70.646559,42.688885],[-70.646536,42.688682],[-70.646606,42.688519],[-70.646722,42.688351],[-70.646815,42.688133],[-70.646924,42.688051],[-70.647598,42.687798],[-70.647893,42.68765],[-70.648187,42.687425],[-70.648443,42.687146],[-70.64856,42.686978],[-70.6487,42.686706],[-70.648738,42.686611],[-70.648839,42.686402],[-70.648948,42.686279],[-70.649258,42.685973],[-70.649692,42.685656],[-70.650188,42.685338],[-70.650731,42.685056],[-70.650886,42.684941],[-70.651056,42.684767],[-70.651258,42.684616],[-70.651413,42.684479],[-70.651521,42.684333],[-70.651738,42.684024],[-70.651847,42.683928],[-70.652072,42.683906],[-70.652235,42.683872],[-70.652475,42.683734],[-70.652549,42.683674],[-70.652785,42.683486],[-70.652963,42.683304],[-70.653017,42.683258],[-70.653025,42.683226],[-70.653087,42.683117],[-70.653186,42.682837],[-70.653196,42.682809],[-70.653299,42.682694],[-70.653368,42.68262],[-70.653444,42.682536],[-70.65363,42.682429],[-70.653793,42.682391],[-70.654793,42.682088],[-70.654963,42.682018],[-70.655188,42.681853],[-70.65532,42.681806],[-70.655529,42.681763],[-70.655916,42.681825],[-70.65611,42.681849],[-70.656343,42.681818],[-70.656722,42.681835],[-70.656895,42.681847],[-70.656984,42.681852],[-70.657443,42.681883],[-70.657637,42.681885],[-70.657908,42.681851],[-70.658048,42.681807],[-70.658396,42.681667],[-70.658543,42.681593],[-70.658729,42.681424],[-70.658977,42.68115],[-70.659024,42.681113],[-70.659179,42.680917],[-70.659443,42.680666],[-70.65966,42.680437],[-70.659722,42.680333],[-70.659726,42.680265],[-70.65973,42.680202],[-70.659707,42.68014],[-70.659497,42.67994],[-70.659327,42.679677],[-70.659273,42.679579],[-70.659319,42.679515],[-70.659358,42.679447],[-70.659203,42.679372],[-70.658885,42.679346],[-70.658785,42.679334],[-70.659009,42.678939],[-70.659063,42.678884],[-70.659157,42.678825],[-70.659552,42.679131],[-70.659753,42.679292],[-70.659869,42.679363],[-70.660559,42.67929],[-70.66059,42.67928],[-70.660683,42.67931],[-70.661031,42.679269],[-70.661179,42.679258],[-70.661365,42.679206],[-70.661659,42.678923],[-70.661814,42.678619],[-70.661861,42.678429],[-70.661923,42.678378],[-70.662078,42.678363],[-70.66221,42.678401],[-70.662419,42.678448],[-70.662535,42.678455],[-70.6629,42.678274],[-70.663124,42.678185],[-70.663341,42.678137],[-70.663519,42.678067],[-70.663775,42.677816],[-70.663884,42.677729],[-70.664125,42.677518],[-70.664201,42.677413],[-70.664264,42.677237],[-70.664442,42.677099],[-70.664682,42.676875],[-70.664814,42.676729],[-70.664953,42.676592],[-70.66538,42.675933],[-70.665504,42.675688],[-70.665543,42.675557],[-70.665543,42.675228],[-70.665489,42.675116],[-70.665442,42.675031],[-70.664985,42.674835],[-70.664628,42.67471],[-70.664573,42.674683],[-70.663954,42.674378],[-70.663829,42.674341],[-70.663707,42.674305],[-70.663575,42.67423],[-70.66342,42.674093],[-70.663381,42.674012],[-70.663381,42.673864],[-70.66342,42.673778],[-70.663498,42.673695],[-70.663629,42.67363],[-70.663839,42.673623],[-70.66404,42.673696],[-70.664086,42.673736],[-70.664194,42.673771],[-70.664226,42.673802],[-70.664265,42.673824],[-70.664435,42.673857],[-70.664731,42.67387],[-70.664822,42.673874],[-70.665101,42.673911],[-70.665396,42.673933],[-70.665621,42.67393],[-70.665783,42.673905],[-70.66582,42.67389],[-70.665946,42.67384],[-70.665967,42.673818],[-70.666078,42.673707],[-70.666219,42.673452],[-70.666241,42.673412],[-70.666318,42.673305],[-70.666334,42.673285],[-70.666388,42.673149],[-70.666403,42.673027],[-70.666442,42.672905],[-70.666535,42.672841],[-70.666636,42.672781],[-70.666768,42.672644],[-70.666899,42.672273],[-70.666995,42.672129],[-70.667054,42.672041],[-70.667062,42.671838],[-70.667101,42.67172],[-70.667132,42.671684],[-70.667141,42.671661],[-70.667163,42.671611],[-70.667194,42.671575],[-70.667333,42.671258],[-70.667471,42.670862],[-70.667512,42.670746],[-70.667519,42.670552],[-70.667496,42.67049],[-70.667488,42.670323],[-70.667527,42.670183],[-70.66759,42.670056],[-70.667714,42.669852],[-70.667745,42.669811],[-70.667714,42.669681],[-70.667643,42.669611],[-70.66738,42.669352],[-70.667225,42.669174],[-70.667109,42.669032],[-70.667055,42.66901],[-70.6668,42.66901],[-70.666691,42.66898],[-70.666629,42.668922],[-70.666614,42.668837],[-70.666668,42.668809],[-70.666869,42.668774],[-70.667017,42.668727],[-70.667458,42.668856],[-70.667474,42.668905],[-70.667551,42.669026],[-70.66759,42.669102],[-70.66766,42.669155],[-70.667876,42.669214],[-70.667969,42.669294],[-70.668132,42.669476],[-70.668295,42.669623],[-70.668945,42.670095],[-70.670316,42.67093],[-70.670386,42.670929],[-70.670363,42.670772],[-70.670348,42.670741],[-70.67034,42.670655],[-70.670255,42.670238],[-70.67027,42.670013],[-70.670201,42.669982],[-70.670139,42.66996],[-70.670046,42.669908],[-70.669604,42.669712],[-70.668899,42.669416],[-70.668589,42.669303],[-70.66855,42.669277],[-70.668434,42.66913],[-70.668357,42.669005],[-70.668357,42.668825],[-70.668388,42.668671],[-70.668473,42.668485],[-70.66852,42.668431],[-70.668566,42.668407],[-70.668589,42.668371],[-70.668659,42.668307],[-70.668752,42.668279],[-70.668946,42.668184],[-70.669217,42.668033],[-70.669612,42.667883],[-70.669775,42.66785],[-70.669821,42.667813],[-70.670217,42.667672],[-70.670906,42.668788],[-70.670922,42.66894],[-70.670983,42.669097],[-70.670999,42.669191],[-70.671115,42.669311],[-70.671192,42.669346],[-70.67151,42.6694],[-70.671682,42.669389],[-70.671797,42.669382],[-70.672184,42.669287],[-70.672378,42.669216],[-70.672501,42.669192],[-70.672502,42.669192],[-70.672669,42.669348],[-70.672703,42.669347],[-70.672688,42.669366]]]}},{"type":"Feature","properties":{"ward":"5","precinct":"1","district":"5-1","population_2020":3098},"geometry":{"type":"MultiPolygon","coordinates":[[[[-70.694574,42.614632],[-70.694691,42.614726],[-70.694789,42.61483],[-70.694865,42.614894],[-70.69498,42.615018],[-70.695148,42.615207],[-70.695262,42.61532],[-70.69557,42.615532],[-70.695723,42.615612],[-70.695881,42.615668],[-70.696016,42.615702],[-70.696164,42.615728],[-70.696348,42.615737],[-70.696456,42.615736],[-70.696609,42.615725],[-70.696777,42.615699],[-70.697315,42.615603],[-70.69803,42.615564],[-70.698298,42.615544],[-70.698714,42.615502],[-70.698917,42.615468],[-70.699047,42.615436],[-70.699289,42.615312],[-70.699666,42.615054],[-70.699767,42.614958],[-70.699878,42.61487],[-70.699945,42.614809],[-70.700015,42.614733],[-70.700207,42.614535],[-70.700483,42.61468],[-70.70061,42.61473],[-70.7007,42.614738],[-70.7008,42.614725],[-70.700922,42.614688],[-70.701073,42.614628],[-70.701212,42.614543],[-70.70139,42.614455],[-70.701538,42.614329],[-70.701646,42.614211],[-70.701931,42.613988],[-70.702112,42.613838],[-70.702285,42.613682],[-70.702698,42.613377],[-70.702927,42.613192],[-70.703128,42.613045],[-70.703187,42.612984],[-70.703187,42.612937],[-70.703023,42.612731],[-70.702899,42.612536],[-70.703286,42.61226],[-70.703591,42.612163],[-70.703854,42.612057],[-70.704821,42.611645],[-70.705058,42.611535],[-70.705418,42.611344],[-70.705943,42.611091],[-70.706161,42.610979],[-70.706289,42.610942],[-70.706361,42.610922],[-70.706473,42.610897],[-70.706722,42.610874],[-70.707523,42.609851],[-70.708127,42.609056],[-70.708243,42.608935],[-70.708308,42.608866],[-70.70868,42.608481],[-70.709082,42.608134],[-70.709781,42.607594],[-70.709857,42.607551],[-70.710241,42.607296],[-70.710731,42.606995],[-70.711388,42.606697],[-70.712132,42.606318],[-70.712835,42.60589],[-70.719568,42.599863],[-70.721815,42.597786],[-70.724305,42.59549],[-70.725435,42.594493],[-70.726376,42.593724],[-70.727008,42.593233],[-70.727523,42.592889],[-70.731696,42.590374],[-70.734929,42.588425],[-70.733844,42.588115],[-70.730923,42.587018],[-70.728355,42.586076],[-70.723516,42.584334],[-70.722303,42.583809],[-70.721172,42.583316],[-70.721077,42.583276],[-70.720396,42.582987],[-70.719054,42.582419],[-70.718907,42.582362],[-70.717111,42.581515],[-70.716581,42.580002],[-70.716571,42.579977],[-70.716264,42.579091],[-70.715574,42.57713],[-70.715297,42.576345],[-70.715166,42.575968],[-70.715302,42.575753],[-70.715411,42.575581],[-70.715696,42.575203],[-70.715727,42.574991],[-70.715788,42.574842],[-70.715858,42.574462],[-70.715873,42.574322],[-70.715897,42.5743],[-70.715888,42.573917],[-70.715796,42.57372],[-70.715765,42.573671],[-70.715672,42.573488],[-70.715672,42.573411],[-70.715633,42.573349],[-70.715625,42.573291],[-70.715602,42.573282],[-70.715571,42.573165],[-70.715478,42.572978],[-70.715362,42.572844],[-70.715199,42.572739],[-70.71489,42.57264],[-70.713969,42.572469],[-70.71366,42.572473],[-70.713451,42.572481],[-70.713157,42.572359],[-70.712809,42.572333],[-70.712515,42.572333],[-70.712136,42.572388],[-70.711718,42.572476],[-70.711448,42.572597],[-70.711293,42.572617],[-70.710775,42.572589],[-70.710349,42.572577],[-70.710009,42.572659],[-70.709847,42.572729],[-70.709792,42.572783],[-70.709762,42.572847],[-70.709715,42.572969],[-70.709723,42.573194],[-70.709738,42.573235],[-70.709762,42.573468],[-70.709731,42.573653],[-70.709631,42.573916],[-70.709599,42.573966],[-70.709538,42.574044],[-70.709491,42.574089],[-70.709483,42.574134],[-70.709391,42.574338],[-70.709291,42.57443],[-70.709151,42.574536],[-70.709074,42.574613],[-70.708594,42.574967],[-70.70844,42.575051],[-70.70765,42.575098],[-70.707341,42.575139],[-70.706846,42.57529],[-70.706792,42.575273],[-70.706753,42.575296],[-70.706506,42.575336],[-70.706204,42.575462],[-70.705794,42.575509],[-70.705647,42.575583],[-70.705446,42.575708],[-70.705206,42.575783],[-70.704998,42.575804],[-70.70482,42.575883],[-70.704139,42.576047],[-70.703644,42.576338],[-70.703459,42.576615],[-70.70335,42.576725],[-70.702971,42.576938],[-70.702848,42.576944],[-70.702708,42.576901],[-70.702608,42.576857],[-70.702321,42.576817],[-70.702198,42.576746],[-70.702081,42.576712],[-70.702012,42.576673],[-70.701996,42.57665],[-70.701896,42.576584],[-70.701393,42.576583],[-70.70079,42.576529],[-70.700256,42.57655],[-70.699838,42.576642],[-70.699567,42.57675],[-70.699343,42.576856],[-70.699126,42.576909],[-70.699018,42.576996],[-70.698933,42.577124],[-70.698871,42.57717],[-70.698631,42.577241],[-70.698492,42.577333],[-70.698422,42.577419],[-70.698306,42.577588],[-70.69826,42.577696],[-70.698214,42.577985],[-70.698137,42.578063],[-70.69799,42.578137],[-70.697634,42.57844],[-70.697541,42.578585],[-70.69751,42.578662],[-70.697502,42.578734],[-70.697479,42.578757],[-70.697472,42.578802],[-70.697402,42.57902],[-70.697332,42.57916],[-70.697201,42.579315],[-70.697123,42.579379],[-70.696914,42.579698],[-70.696845,42.57978],[-70.696783,42.579889],[-70.696698,42.579998],[-70.696644,42.580116],[-70.696605,42.580152],[-70.69652,42.580298],[-70.696373,42.580521],[-70.696373,42.580539],[-70.696326,42.580544],[-70.696311,42.580598],[-70.696249,42.580716],[-70.696149,42.580844],[-70.696056,42.580922],[-70.695754,42.581151],[-70.695491,42.581425],[-70.695267,42.58169],[-70.695066,42.581891],[-70.69495,42.582028],[-70.694757,42.582319],[-70.694687,42.582437],[-70.694656,42.582536],[-70.694633,42.582564],[-70.694393,42.583135],[-70.694231,42.58329],[-70.694122,42.583377],[-70.69379,42.583621],[-70.69372,42.583631],[-70.693697,42.58369],[-70.692932,42.584223],[-70.692319,42.584611],[-70.692258,42.584634],[-70.692227,42.584661],[-70.69191,42.584864],[-70.691508,42.585149],[-70.691484,42.585177],[-70.691144,42.585461],[-70.691051,42.585561],[-70.691012,42.585584],[-70.690835,42.585713],[-70.690695,42.585846],[-70.690347,42.586162],[-70.689767,42.586593],[-70.689705,42.586608],[-70.689465,42.586607],[-70.689264,42.586547],[-70.689179,42.586503],[-70.689171,42.586481],[-70.68907,42.586451],[-70.688769,42.586293],[-70.688018,42.586038],[-70.68774,42.585916],[-70.687554,42.585924],[-70.687446,42.585961],[-70.687368,42.586034],[-70.687207,42.586256],[-70.687113,42.586385],[-70.68699,42.586504],[-70.686719,42.586751],[-70.686455,42.586921],[-70.6862,42.587065],[-70.686084,42.587161],[-70.686076,42.587188],[-70.686015,42.587239],[-70.685953,42.587316],[-70.685643,42.587577],[-70.685543,42.5877],[-70.685372,42.587884],[-70.685218,42.588052],[-70.684877,42.588142],[-70.684645,42.588317],[-70.684606,42.588372],[-70.684583,42.588565],[-70.684583,42.588827],[-70.684653,42.588893],[-70.684838,42.588994],[-70.684885,42.589065],[-70.684908,42.589178],[-70.684946,42.589258],[-70.685079,42.589432],[-70.68521,42.589637],[-70.68521,42.589659],[-70.685318,42.589761],[-70.685318,42.589802],[-70.685435,42.589976],[-70.68545,42.590169],[-70.685427,42.590296],[-70.685388,42.590409],[-70.685372,42.590643],[-70.685396,42.590778],[-70.685427,42.590831],[-70.685512,42.591046],[-70.685527,42.591204],[-70.685512,42.591271],[-70.685357,42.591373],[-70.685272,42.591419],[-70.685163,42.591421],[-70.68507,42.59135],[-70.684978,42.591351],[-70.684846,42.591313],[-70.684537,42.59125],[-70.683717,42.591271],[-70.683407,42.591356],[-70.683129,42.591473],[-70.682904,42.591593],[-70.682758,42.591717],[-70.68261,42.59189],[-70.682517,42.591982],[-70.682285,42.592138],[-70.6822,42.592176],[-70.682045,42.592417],[-70.681689,42.592751],[-70.681519,42.592942],[-70.681426,42.593088],[-70.681318,42.593319],[-70.681294,42.593391],[-70.681302,42.593499],[-70.681333,42.593557],[-70.681364,42.593782],[-70.681388,42.593827],[-70.681395,42.593971],[-70.681465,42.594262],[-70.681457,42.594623],[-70.681527,42.594892],[-70.681574,42.594999],[-70.681604,42.595021],[-70.681627,42.595061],[-70.681666,42.595101],[-70.681867,42.595152],[-70.681952,42.595205],[-70.681991,42.595272],[-70.681999,42.595335],[-70.682053,42.595447],[-70.682215,42.595543],[-70.682254,42.595583],[-70.682393,42.59596],[-70.682417,42.596166],[-70.682455,42.596229],[-70.682556,42.596268],[-70.68285,42.596304],[-70.682986,42.596334],[-70.683291,42.596401],[-70.683461,42.596399],[-70.6835,42.596389],[-70.683562,42.596339],[-70.683624,42.59623],[-70.683887,42.595983],[-70.683918,42.595897],[-70.683864,42.595546],[-70.68391,42.595401],[-70.683956,42.595306],[-70.684073,42.595106],[-70.68408,42.595066],[-70.684135,42.59497],[-70.684142,42.594925],[-70.68439,42.594377],[-70.684421,42.594246],[-70.684483,42.594114],[-70.684653,42.593846],[-70.684761,42.593741],[-70.684947,42.593621],[-70.685156,42.593415],[-70.685257,42.593279],[-70.685342,42.593183],[-70.685558,42.593054],[-70.68586,42.592959],[-70.68586,42.593049],[-70.685798,42.59314],[-70.685643,42.593255],[-70.685512,42.593311],[-70.685403,42.593371],[-70.685318,42.593634],[-70.685055,42.594016],[-70.6849,42.594477],[-70.684831,42.594668],[-70.684815,42.594866],[-70.684831,42.594902],[-70.684838,42.595014],[-70.684869,42.595252],[-70.684909,42.595697],[-70.684939,42.595958],[-70.684939,42.596007],[-70.684939,42.59617],[-70.684916,42.596301],[-70.684908,42.596594],[-70.684831,42.59677],[-70.684699,42.597024],[-70.684491,42.597293],[-70.684343,42.597394],[-70.684196,42.597469],[-70.683933,42.597675],[-70.683709,42.597795],[-70.68343,42.597984],[-70.682866,42.598483],[-70.682734,42.598625],[-70.682587,42.59882],[-70.682424,42.599138],[-70.682417,42.599246],[-70.682347,42.599382],[-70.682355,42.599486],[-70.682548,42.599695],[-70.682548,42.599933],[-70.682579,42.600009],[-70.682563,42.600244],[-70.682548,42.600266],[-70.682525,42.600339],[-70.682347,42.600697],[-70.682331,42.600801],[-70.682231,42.601037],[-70.682076,42.60135],[-70.682014,42.601499],[-70.681998,42.601567],[-70.681914,42.601739],[-70.681851,42.601808],[-70.681651,42.601959],[-70.68138,42.602107],[-70.68114,42.602282],[-70.680876,42.602367],[-70.679971,42.602605],[-70.679537,42.602765],[-70.679328,42.602813],[-70.678593,42.602873],[-70.678005,42.602913],[-70.67751,42.603001],[-70.677138,42.603101],[-70.676999,42.603216],[-70.676883,42.603335],[-70.676759,42.603512],[-70.67672,42.60363],[-70.676728,42.603805],[-70.676767,42.603917],[-70.676798,42.604025],[-70.676844,42.604128],[-70.677123,42.604277],[-70.677162,42.604348],[-70.677161,42.604483],[-70.6771,42.604543],[-70.676937,42.604608],[-70.676735,42.604724],[-70.676419,42.604891],[-70.675993,42.605054],[-70.67566,42.605136],[-70.675521,42.605183],[-70.675467,42.605229],[-70.675474,42.605319],[-70.675559,42.605394],[-70.675745,42.605486],[-70.676163,42.605597],[-70.676356,42.605688],[-70.676805,42.605803],[-70.676945,42.605869],[-70.677115,42.605966],[-70.677201,42.60599],[-70.677301,42.606017],[-70.67737,42.606061],[-70.67744,42.606159],[-70.67747,42.606267],[-70.677471,42.60687],[-70.677494,42.607041],[-70.677478,42.607658],[-70.677455,42.607753],[-70.677339,42.608015],[-70.677293,42.608052],[-70.677161,42.608189],[-70.676844,42.608423],[-70.676743,42.608456],[-70.676511,42.608599],[-70.676209,42.608748],[-70.675629,42.608991],[-70.675211,42.609154],[-70.674994,42.609216],[-70.674375,42.609378],[-70.674158,42.609417],[-70.673848,42.60944],[-70.672997,42.609448],[-70.672958,42.609525],[-70.673299,42.609705],[-70.673438,42.609779],[-70.673533,42.609815],[-70.673643,42.609781],[-70.674916,42.609416],[-70.675594,42.609222],[-70.677303,42.60873],[-70.677774,42.608595],[-70.678879,42.608277],[-70.680452,42.607834],[-70.680874,42.607715],[-70.681115,42.60773],[-70.681346,42.607765],[-70.681379,42.60777],[-70.681516,42.607814],[-70.681748,42.607896],[-70.681919,42.607947],[-70.682144,42.608024],[-70.682194,42.608035],[-70.682572,42.608114],[-70.682717,42.608187],[-70.682795,42.608252],[-70.682873,42.608356],[-70.682943,42.608528],[-70.682957,42.608712],[-70.682951,42.608881],[-70.682906,42.609086],[-70.682874,42.609327],[-70.682875,42.609492],[-70.682882,42.609505],[-70.683024,42.609781],[-70.683214,42.610016],[-70.683402,42.610285],[-70.683575,42.610475],[-70.683734,42.610579],[-70.683878,42.610648],[-70.684184,42.610725],[-70.684539,42.610744],[-70.684793,42.610745],[-70.685497,42.610719],[-70.685866,42.610725],[-70.685998,42.610741],[-70.686086,42.610752],[-70.686257,42.610781],[-70.686433,42.61084],[-70.686589,42.610906],[-70.686711,42.610977],[-70.686828,42.61107],[-70.686897,42.611181],[-70.686947,42.611298],[-70.686949,42.611449],[-70.686925,42.611562],[-70.686877,42.611684],[-70.686768,42.611842],[-70.686616,42.612012],[-70.686266,42.612273],[-70.686116,42.612421],[-70.686018,42.61257],[-70.685936,42.612762],[-70.685941,42.612891],[-70.686042,42.613095],[-70.686255,42.613343],[-70.686421,42.613501],[-70.686567,42.613632],[-70.686713,42.61374],[-70.686863,42.613838],[-70.687186,42.614012],[-70.687291,42.614111],[-70.687403,42.614104],[-70.68766,42.614078],[-70.687982,42.614043],[-70.688338,42.613981],[-70.688782,42.613894],[-70.68915,42.613831],[-70.689405,42.613789],[-70.69071,42.613568],[-70.691145,42.61349],[-70.69137,42.613457],[-70.69151,42.613453],[-70.691698,42.613456],[-70.691869,42.613469],[-70.691939,42.613481],[-70.692075,42.613503],[-70.692197,42.613528],[-70.692332,42.613567],[-70.692679,42.613705],[-70.692935,42.613826],[-70.693917,42.614248],[-70.694129,42.614353],[-70.694314,42.614453],[-70.694574,42.614632]]],[[[-70.693402,42.579561],[-70.693278,42.579585],[-70.693139,42.579618],[-70.692845,42.579726],[-70.692659,42.579842],[-70.692503,42.580011],[-70.692644,42.580103],[-70.692776,42.580146],[-70.692907,42.580198],[-70.693101,42.580407],[-70.693333,42.580579],[-70.693433,42.580632],[-70.693557,42.580661],[-70.693696,42.580614],[-70.693758,42.580546],[-70.693789,42.580478],[-70.693797,42.580446],[-70.693991,42.580313],[-70.694075,42.58014],[-70.694145,42.580117],[-70.694238,42.580034],[-70.694238,42.580007],[-70.694207,42.57994],[-70.694168,42.579909],[-70.694029,42.579826],[-70.694013,42.579781],[-70.694106,42.579672],[-70.694083,42.579613],[-70.694044,42.579574],[-70.69382,42.579545],[-70.693673,42.579543],[-70.693402,42.579561]]]]}},{"type":"Feature","properties":{"ward":"5","precinct":"2","district":"5-2","population_2020":3084},"geometry":{"type":"MultiPolygon","coordinates":[[[[-70.703604,42.657535],[-70.70499,42.657974],[-70.706873,42.658599],[-70.707779,42.658905],[-70.708035,42.659023],[-70.709197,42.659473],[-70.711444,42.660268],[-70.712018,42.660516],[-70.712714,42.660817],[-70.71328,42.661024],[-70.713722,42.661238],[-70.714396,42.661611],[-70.715124,42.661987],[-70.715604,42.662205],[-70.715698,42.662267],[-70.715821,42.662324],[-70.716542,42.662713],[-70.717463,42.663141],[-70.717975,42.663408],[-70.717999,42.663439],[-70.718076,42.663442],[-70.718626,42.663695],[-70.718851,42.66375],[-70.719153,42.663759],[-70.719254,42.66374],[-70.719478,42.663678],[-70.719703,42.663576],[-70.719935,42.663414],[-70.720059,42.663233],[-70.72009,42.663052],[-70.720129,42.662934],[-70.720136,42.662849],[-70.720214,42.662654],[-70.72026,42.662626],[-70.720252,42.662554],[-70.720415,42.662106],[-70.720423,42.662029],[-70.720554,42.661717],[-70.72091,42.661126],[-70.721691,42.660195],[-70.721947,42.65989],[-70.722202,42.659337],[-70.722264,42.659052],[-70.722233,42.658733],[-70.722163,42.658577],[-70.722117,42.658532],[-70.722101,42.658479],[-70.722047,42.658394],[-70.721946,42.658197],[-70.721792,42.657965],[-70.721799,42.657943],[-70.721752,42.657912],[-70.721737,42.657881],[-70.721714,42.657858],[-70.721683,42.6578],[-70.721652,42.657778],[-70.721652,42.65776],[-70.721605,42.657703],[-70.721582,42.657649],[-70.721551,42.657622],[-70.721543,42.6576],[-70.721512,42.657555],[-70.721473,42.657452],[-70.721427,42.657399],[-70.721411,42.657363],[-70.721411,42.657341],[-70.721357,42.657251],[-70.72131,42.657131],[-70.721287,42.657117],[-70.721256,42.657023],[-70.721202,42.656948],[-70.721186,42.65688],[-70.721155,42.656831],[-70.721117,42.656593],[-70.721101,42.656337],[-70.721072,42.656185],[-70.72107,42.656171],[-70.721046,42.655829],[-70.720961,42.654975],[-70.720937,42.654952],[-70.720929,42.654741],[-70.720867,42.654404],[-70.720852,42.654386],[-70.720852,42.65435],[-70.72082,42.654342],[-70.720821,42.654283],[-70.72072,42.654168],[-70.720596,42.654111],[-70.720325,42.654039],[-70.720178,42.654027],[-70.720038,42.65407],[-70.71969,42.654242],[-70.719493,42.654461],[-70.719473,42.654484],[-70.719311,42.654729],[-70.719287,42.654797],[-70.719249,42.654874],[-70.719218,42.654969],[-70.719156,42.655083],[-70.719148,42.655128],[-70.719125,42.655146],[-70.719117,42.655205],[-70.718909,42.655757],[-70.718816,42.656096],[-70.718667,42.656513],[-70.718445,42.657169],[-70.718383,42.657265],[-70.718204,42.657393],[-70.717942,42.657528],[-70.717794,42.65758],[-70.717647,42.657577],[-70.717499,42.657553],[-70.717244,42.657417],[-70.716973,42.657218],[-70.716492,42.656793],[-70.716407,42.656709],[-70.716337,42.656593],[-70.716298,42.656476],[-70.716268,42.656315],[-70.716205,42.656199],[-70.716136,42.656155],[-70.715872,42.656069],[-70.715741,42.656048],[-70.715353,42.656288],[-70.715129,42.656395],[-70.714881,42.656462],[-70.714625,42.656475],[-70.714146,42.656446],[-70.714052,42.656443],[-70.713912,42.6564],[-70.713557,42.656333],[-70.713324,42.656242],[-70.713161,42.656114],[-70.712975,42.655905],[-70.71296,42.655784],[-70.712929,42.655748],[-70.712929,42.655595],[-70.71296,42.655437],[-70.713099,42.655111],[-70.713099,42.65503],[-70.713045,42.654999],[-70.712882,42.655019],[-70.712897,42.654961],[-70.712936,42.65491],[-70.713044,42.654859],[-70.71313,42.65479],[-70.713169,42.654713],[-70.713184,42.654637],[-70.713122,42.654412],[-70.713083,42.65439],[-70.713076,42.654336],[-70.713029,42.654274],[-70.713029,42.654225],[-70.712928,42.654091],[-70.712781,42.653927],[-70.712479,42.653715],[-70.712254,42.653529],[-70.712022,42.65347],[-70.711588,42.653485],[-70.711425,42.653461],[-70.71072,42.653485],[-70.710426,42.65357],[-70.710233,42.653587],[-70.710162,42.653434],[-70.710364,42.653404],[-70.710434,42.653336],[-70.710457,42.65329],[-70.710496,42.653267],[-70.710883,42.653271],[-70.711077,42.653241],[-70.711216,42.653248],[-70.711727,42.65329],[-70.711998,42.653267],[-70.712107,42.653243],[-70.712277,42.653263],[-70.712378,42.653338],[-70.712486,42.653445],[-70.713005,42.653824],[-70.71316,42.65397],[-70.713269,42.654108],[-70.713316,42.654193],[-70.713347,42.654373],[-70.713355,42.655521],[-70.713401,42.655642],[-70.713517,42.655708],[-70.713642,42.655751],[-70.713982,42.655732],[-70.71422,42.655697],[-70.714245,42.655692],[-70.714331,42.655659],[-70.714401,42.655604],[-70.714439,42.655545],[-70.714463,42.655473],[-70.714447,42.655302],[-70.7144,42.655195],[-70.714377,42.655096],[-70.714377,42.654898],[-70.714423,42.654789],[-70.714493,42.654725],[-70.714632,42.654633],[-70.714725,42.654595],[-70.714849,42.654486],[-70.71495,42.654308],[-70.71509,42.654167],[-70.715128,42.654103],[-70.715159,42.654013],[-70.715182,42.653999],[-70.715174,42.653765],[-70.715158,42.653738],[-70.715151,42.653675],[-70.715174,42.653661],[-70.715127,42.653383],[-70.714926,42.652908],[-70.714879,42.652828],[-70.714879,42.652797],[-70.714701,42.652637],[-70.714655,42.652579],[-70.714655,42.652399],[-70.714701,42.652349],[-70.714763,42.65233],[-70.714848,42.652365],[-70.714918,42.652449],[-70.715205,42.652724],[-70.715243,42.652868],[-70.715259,42.653084],[-70.715321,42.653209],[-70.715499,42.653445],[-70.715522,42.653525],[-70.715523,42.653913],[-70.7155,42.653994],[-70.715383,42.654167],[-70.71512,42.654576],[-70.715074,42.654667],[-70.715059,42.654829],[-70.715097,42.655112],[-70.71519,42.65539],[-70.715307,42.655487],[-70.715485,42.655584],[-70.715895,42.655668],[-70.716229,42.655784],[-70.716302,42.65583],[-70.716383,42.655881],[-70.716423,42.655939],[-70.716422,42.655961],[-70.716438,42.655993],[-70.716577,42.65613],[-70.717375,42.656712],[-70.717492,42.65672],[-70.717569,42.656687],[-70.717662,42.656609],[-70.717789,42.656396],[-70.717801,42.656355],[-70.717793,42.655896],[-70.71777,42.65536],[-70.717754,42.655302],[-70.717708,42.655276],[-70.717467,42.655234],[-70.717382,42.655172],[-70.717351,42.655119],[-70.717297,42.654832],[-70.717273,42.654791],[-70.717266,42.654719],[-70.717212,42.654617],[-70.717196,42.654536],[-70.717173,42.654523],[-70.71715,42.654474],[-70.717142,42.654366],[-70.71718,42.65432],[-70.71725,42.654305],[-70.717297,42.654336],[-70.717336,42.654403],[-70.717436,42.654483],[-70.717498,42.6545],[-70.717653,42.654529],[-70.717707,42.65456],[-70.717785,42.65464],[-70.717846,42.654661],[-70.717924,42.654629],[-70.718218,42.654174],[-70.718218,42.654079],[-70.718195,42.654066],[-70.718187,42.654039],[-70.718141,42.653981],[-70.717893,42.653828],[-70.717862,42.653787],[-70.717792,42.65373],[-70.71766,42.653682],[-70.71766,42.653655],[-70.717676,42.653619],[-70.717854,42.653499],[-70.718048,42.653465],[-70.718481,42.65349],[-70.718621,42.653488],[-70.718713,42.653468],[-70.718853,42.653407],[-70.719055,42.653319],[-70.719302,42.653153],[-70.719449,42.653061],[-70.719457,42.652994],[-70.719581,42.652776],[-70.719619,42.652734],[-70.719681,42.652607],[-70.719689,42.652414],[-70.71965,42.652315],[-70.719581,42.652199],[-70.719557,42.652128],[-70.71958,42.651884],[-70.719549,42.651767],[-70.719526,42.65175],[-70.719526,42.651723],[-70.719479,42.651647],[-70.719472,42.651413],[-70.719487,42.651318],[-70.719487,42.651124],[-70.71951,42.651052],[-70.719533,42.650926],[-70.71951,42.650904],[-70.719502,42.650827],[-70.71944,42.65076],[-70.719378,42.650572],[-70.719378,42.650406],[-70.719409,42.650338],[-70.719572,42.650187],[-70.71961,42.650087],[-70.719533,42.649989],[-70.719479,42.649868],[-70.719308,42.649749],[-70.719238,42.649638],[-70.719192,42.649521],[-70.719083,42.649343],[-70.719083,42.64932],[-70.718866,42.649063],[-70.71875,42.648961],[-70.718603,42.648868],[-70.718045,42.648629],[-70.718029,42.648602],[-70.718045,42.648571],[-70.718099,42.648561],[-70.718277,42.648594],[-70.718509,42.648622],[-70.718533,42.648635],[-70.718672,42.648629],[-70.718672,42.648575],[-70.718502,42.648442],[-70.718169,42.648249],[-70.71789,42.648051],[-70.717712,42.647882],[-70.717541,42.647808],[-70.717479,42.647796],[-70.717417,42.647819],[-70.717317,42.647893],[-70.717317,42.647911],[-70.717201,42.647989],[-70.7171,42.64799],[-70.717054,42.647951],[-70.71703,42.647829],[-70.716937,42.647615],[-70.716859,42.647499],[-70.716859,42.647409],[-70.716906,42.647408],[-70.717092,42.647486],[-70.717262,42.647542],[-70.717595,42.647551],[-70.717982,42.647522],[-70.718192,42.64756],[-70.71837,42.647557],[-70.718524,42.64751],[-70.718664,42.647499],[-70.718943,42.647544],[-70.719028,42.647547],[-70.719082,42.64751],[-70.719152,42.64737],[-70.719369,42.64729],[-70.719415,42.647366],[-70.719407,42.647456],[-70.719346,42.647637],[-70.719354,42.647768],[-70.719415,42.647834],[-70.719514,42.64791],[-70.71957,42.647953],[-70.719609,42.647966],[-70.719694,42.648028],[-70.719718,42.648059],[-70.719803,42.648193],[-70.719826,42.648251],[-70.719989,42.648406],[-70.720012,42.648447],[-70.720066,42.648504],[-70.72009,42.648544],[-70.720066,42.648743],[-70.72012,42.648778],[-70.720291,42.64878],[-70.720345,42.648811],[-70.720415,42.648945],[-70.720539,42.649064],[-70.72081,42.649295],[-70.721003,42.64944],[-70.721167,42.649577],[-70.721391,42.649628],[-70.721662,42.649858],[-70.721786,42.649897],[-70.721935,42.649989],[-70.72196,42.649984],[-70.722189,42.649985],[-70.722305,42.649956],[-70.722483,42.649886],[-70.722685,42.649762],[-70.722971,42.649667],[-70.723156,42.64948],[-70.723296,42.649464],[-70.723591,42.649572],[-70.723761,42.649592],[-70.723877,42.649582],[-70.724024,42.649566],[-70.724652,42.649538],[-70.724822,42.649558],[-70.725109,42.649568],[-70.725178,42.649553],[-70.725279,42.649484],[-70.725318,42.649447],[-70.725472,42.649166],[-70.725565,42.649038],[-70.725588,42.64888],[-70.725642,42.648821],[-70.725743,42.648811],[-70.725805,42.648873],[-70.725844,42.649007],[-70.725875,42.649074],[-70.725976,42.649104],[-70.7261,42.649111],[-70.726254,42.649055],[-70.726285,42.649022],[-70.726394,42.648909],[-70.72651,42.648803],[-70.726649,42.648644],[-70.726773,42.648457],[-70.726835,42.648285],[-70.726881,42.648068],[-70.726897,42.648023],[-70.726897,42.647884],[-70.726928,42.647581],[-70.727005,42.6474],[-70.72702,42.647211],[-70.727066,42.647084],[-70.727074,42.646967],[-70.727051,42.6469],[-70.726989,42.646842],[-70.726842,42.646759],[-70.726841,42.646705],[-70.727051,42.646603],[-70.727128,42.646525],[-70.727453,42.646506],[-70.727492,42.646524],[-70.727593,42.646522],[-70.728019,42.64657],[-70.727895,42.646653],[-70.727748,42.646835],[-70.72757,42.64691],[-70.727531,42.646955],[-70.727516,42.647055],[-70.727586,42.647153],[-70.727578,42.64745],[-70.727601,42.647576],[-70.727656,42.647674],[-70.727757,42.647659],[-70.727818,42.647609],[-70.727826,42.647473],[-70.727872,42.647374],[-70.727841,42.647221],[-70.727849,42.647081],[-70.727879,42.647058],[-70.727918,42.647071],[-70.72795,42.647125],[-70.727988,42.647241],[-70.72805,42.647393],[-70.728182,42.647517],[-70.728213,42.647603],[-70.728213,42.647706],[-70.728314,42.647939],[-70.728392,42.648046],[-70.728547,42.648111],[-70.728763,42.64818],[-70.728871,42.648273],[-70.728965,42.648451],[-70.728973,42.648537],[-70.728996,42.648568],[-70.729035,42.648855],[-70.729104,42.648908],[-70.72919,42.648925],[-70.729391,42.648967],[-70.729809,42.648965],[-70.730011,42.648917],[-70.730337,42.648908],[-70.730413,42.648938],[-70.730506,42.648941],[-70.730592,42.648913],[-70.730816,42.648603],[-70.730832,42.648558],[-70.730855,42.648522],[-70.73089,42.648461],[-70.730924,42.648399],[-70.730993,42.648236],[-70.731057,42.648167],[-70.731111,42.648126],[-70.731249,42.647894],[-70.731295,42.647768],[-70.731327,42.6477],[-70.731396,42.647654],[-70.731512,42.647625],[-70.731736,42.647657],[-70.731915,42.647655],[-70.73193,42.647672],[-70.732062,42.64767],[-70.732108,42.647647],[-70.73217,42.647538],[-70.73217,42.647475],[-70.732008,42.647334],[-70.732008,42.647235],[-70.732069,42.647117],[-70.732102,42.646976],[-70.732225,42.647195],[-70.732241,42.647213],[-70.732365,42.647189],[-70.732597,42.647068],[-70.732689,42.647008],[-70.733209,42.647153],[-70.733293,42.647188],[-70.733503,42.647248],[-70.733705,42.647281],[-70.733798,42.647324],[-70.733883,42.647431],[-70.733991,42.647664],[-70.734015,42.647834],[-70.734054,42.647897],[-70.734147,42.64795],[-70.734209,42.647962],[-70.734573,42.64788],[-70.734542,42.647935],[-70.734356,42.648122],[-70.734255,42.648173],[-70.734186,42.648197],[-70.734093,42.648212],[-70.734015,42.648271],[-70.733853,42.648346],[-70.733775,42.648401],[-70.733682,42.648407],[-70.733558,42.648328],[-70.733287,42.648354],[-70.733001,42.64844],[-70.732877,42.6485],[-70.732869,42.648541],[-70.732939,42.648585],[-70.733085,42.648614],[-70.733172,42.648649],[-70.733271,42.648724],[-70.733318,42.648818],[-70.733342,42.648835],[-70.733333,42.648858],[-70.733404,42.648938],[-70.733528,42.649013],[-70.733605,42.649029],[-70.733884,42.649043],[-70.734062,42.649149],[-70.734364,42.649157],[-70.734589,42.649195],[-70.735,42.649143],[-70.735139,42.649155],[-70.735316,42.649194],[-70.736259,42.647782],[-70.736448,42.647478],[-70.737336,42.646055],[-70.737336,42.645929],[-70.737343,42.645861],[-70.737432,42.645798],[-70.73744,42.645767],[-70.737444,42.645713],[-70.737434,42.645643],[-70.737342,42.645543],[-70.737204,42.645428],[-70.737149,42.645383],[-70.736754,42.64501],[-70.736351,42.644688],[-70.736227,42.644555],[-70.736049,42.644404],[-70.736002,42.644346],[-70.735979,42.644288],[-70.735972,42.644162],[-70.736002,42.644045],[-70.736327,42.643351],[-70.736513,42.643204],[-70.736528,42.643154],[-70.736497,42.643105],[-70.73635,42.643013],[-70.73628,42.643005],[-70.736257,42.642992],[-70.736102,42.643044],[-70.736071,42.643107],[-70.73604,42.64313],[-70.736032,42.643162],[-70.735971,42.643248],[-70.735924,42.643393],[-70.735909,42.643699],[-70.73587,42.643862],[-70.735685,42.644257],[-70.735677,42.644324],[-70.735607,42.644469],[-70.73546,42.64462],[-70.735306,42.644686],[-70.734872,42.64476],[-70.734671,42.644673],[-70.734585,42.64466],[-70.734508,42.644689],[-70.734469,42.644734],[-70.734415,42.644834],[-70.734338,42.644925],[-70.734237,42.644994],[-70.734144,42.645023],[-70.734121,42.644938],[-70.73409,42.644916],[-70.734058,42.644858],[-70.734044,42.644709],[-70.734144,42.6446],[-70.734276,42.644427],[-70.734283,42.644287],[-70.734268,42.644233],[-70.734159,42.644136],[-70.73402,42.644084],[-70.733918,42.644067],[-70.733617,42.643932],[-70.733353,42.643878],[-70.733082,42.643904],[-70.733004,42.643847],[-70.733004,42.643766],[-70.733035,42.643684],[-70.733547,42.643461],[-70.733383,42.643594],[-70.733392,42.64367],[-70.733485,42.643669],[-70.733716,42.643638],[-70.733826,42.643672],[-70.734004,42.643656],[-70.734097,42.643632],[-70.73412,42.643641],[-70.734135,42.643704],[-70.734205,42.643793],[-70.734306,42.643854],[-70.734337,42.643944],[-70.7345,42.64409],[-70.734546,42.644157],[-70.73474,42.644311],[-70.734973,42.64442],[-70.735065,42.644428],[-70.735189,42.644377],[-70.735267,42.644326],[-70.735483,42.644017],[-70.735483,42.643899],[-70.735414,42.643788],[-70.735406,42.64354],[-70.735537,42.643295],[-70.735607,42.643137],[-70.73563,42.64306],[-70.735707,42.642937],[-70.735846,42.642827],[-70.736032,42.642738],[-70.736187,42.642696],[-70.73645,42.642674],[-70.736574,42.642694],[-70.736776,42.64275],[-70.736884,42.642843],[-70.736956,42.642945],[-70.737039,42.643065],[-70.737132,42.643082],[-70.737271,42.643084],[-70.737295,42.64307],[-70.73738,42.643024],[-70.737434,42.642924],[-70.737465,42.642825],[-70.737535,42.642666],[-70.737511,42.642572],[-70.737457,42.642438],[-70.737348,42.642295],[-70.737077,42.642083],[-70.736736,42.641854],[-70.736589,42.641744],[-70.736527,42.641673],[-70.736194,42.641462],[-70.736039,42.641293],[-70.735946,42.64111],[-70.735953,42.641015],[-70.735992,42.640951],[-70.73631,42.640762],[-70.736363,42.640689],[-70.736456,42.640472],[-70.736456,42.640238],[-70.736417,42.640126],[-70.736324,42.639996],[-70.736278,42.639966],[-70.736092,42.640009],[-70.735744,42.640032],[-70.735418,42.640105],[-70.73538,42.640069],[-70.735348,42.639782],[-70.735324,42.639417],[-70.73534,42.63939],[-70.735402,42.639348],[-70.735549,42.639328],[-70.735595,42.639314],[-70.735882,42.639202],[-70.735913,42.639098],[-70.735859,42.639049],[-70.735719,42.638979],[-70.735626,42.638908],[-70.735487,42.638717],[-70.73544,42.638682],[-70.735409,42.638619],[-70.735401,42.638052],[-70.73544,42.637957],[-70.735479,42.637933],[-70.735788,42.637911],[-70.735814,42.637855],[-70.735922,42.637893],[-70.735889,42.637932],[-70.73575,42.638155],[-70.735742,42.638335],[-70.735789,42.638492],[-70.735913,42.638719],[-70.735936,42.638796],[-70.736037,42.638871],[-70.736099,42.638888],[-70.736254,42.639011],[-70.736393,42.639189],[-70.736587,42.639276],[-70.736626,42.639321],[-70.736641,42.639352],[-70.736703,42.639392],[-70.736804,42.639413],[-70.736866,42.63947],[-70.736866,42.639745],[-70.736913,42.639933],[-70.736851,42.640042],[-70.73682,42.640151],[-70.736781,42.640228],[-70.736812,42.640511],[-70.736844,42.640533],[-70.736867,42.640632],[-70.736867,42.640718],[-70.736805,42.640773],[-70.736642,42.640861],[-70.736588,42.640996],[-70.736588,42.641145],[-70.736651,42.641243],[-70.736728,42.641319],[-70.736852,42.641362],[-70.737007,42.64149],[-70.737146,42.641506],[-70.737232,42.641563],[-70.737301,42.641666],[-70.737526,42.641887],[-70.737697,42.641997],[-70.737945,42.642115],[-70.73799,42.642173],[-70.738076,42.642334],[-70.738146,42.642387],[-70.73827,42.642434],[-70.738472,42.64249],[-70.738602,42.642483],[-70.738624,42.64246],[-70.738781,42.642431],[-70.738928,42.64251],[-70.738975,42.642608],[-70.73899,42.642739],[-70.739029,42.642846],[-70.73913,42.642966],[-70.739194,42.643023],[-70.739572,42.642406],[-70.740581,42.641151],[-70.742284,42.639029],[-70.745038,42.635598],[-70.745699,42.634775],[-70.746346,42.633969],[-70.750476,42.628823],[-70.755471,42.622601],[-70.756488,42.621327],[-70.756564,42.62124],[-70.757432,42.620158],[-70.757111,42.619564],[-70.756572,42.618635],[-70.756352,42.618251],[-70.7556,42.616939],[-70.755193,42.616221],[-70.754741,42.615441],[-70.754529,42.615069],[-70.754373,42.614796],[-70.754208,42.614512],[-70.753638,42.613516],[-70.753058,42.612506],[-70.75141,42.60963],[-70.749723,42.606688],[-70.748035,42.603744],[-70.746736,42.601467],[-70.746612,42.601239],[-70.745682,42.59963],[-70.745651,42.599585],[-70.74553,42.599366],[-70.743182,42.595114],[-70.743137,42.595033],[-70.74311,42.594982],[-70.742957,42.594697],[-70.742127,42.59314],[-70.741998,42.592896],[-70.740455,42.590005],[-70.734929,42.588425],[-70.731696,42.590374],[-70.727523,42.592889],[-70.727008,42.593233],[-70.726376,42.593724],[-70.725435,42.594493],[-70.724305,42.59549],[-70.721815,42.597786],[-70.719568,42.599863],[-70.712835,42.60589],[-70.712132,42.606318],[-70.711388,42.606697],[-70.710731,42.606995],[-70.710241,42.607296],[-70.709857,42.607551],[-70.709781,42.607594],[-70.709082,42.608134],[-70.70868,42.608481],[-70.708308,42.608866],[-70.708243,42.608935],[-70.708127,42.609056],[-70.707523,42.609851],[-70.706722,42.610874],[-70.706473,42.610897],[-70.706361,42.610922],[-70.706289,42.610942],[-70.706161,42.610979],[-70.705943,42.611091],[-70.705418,42.611344],[-70.705058,42.611535],[-70.704821,42.611645],[-70.703854,42.612057],[-70.703591,42.612163],[-70.703286,42.61226],[-70.702899,42.612536],[-70.703023,42.612731],[-70.703187,42.612937],[-70.703187,42.612984],[-70.703128,42.613045],[-70.702927,42.613192],[-70.702698,42.613377],[-70.702285,42.613682],[-70.702112,42.613838],[-70.701931,42.613988],[-70.701646,42.614211],[-70.701538,42.614329],[-70.70139,42.614455],[-70.701212,42.614543],[-70.701073,42.614628],[-70.700922,42.614688],[-70.7008,42.614725],[-70.7007,42.614738],[-70.70061,42.61473],[-70.700483,42.61468],[-70.700207,42.614535],[-70.700015,42.614733],[-70.699945,42.614809],[-70.699878,42.61487],[-70.699767,42.614958],[-70.699666,42.615054],[-70.699289,42.615312],[-70.699047,42.615436],[-70.698917,42.615468],[-70.698714,42.615502],[-70.698298,42.615544],[-70.69803,42.615564],[-70.697315,42.615603],[-70.696777,42.615699],[-70.696609,42.615725],[-70.696456,42.615736],[-70.696348,42.615737],[-70.696373,42.615881],[-70.696375,42.615904],[-70.694741,42.616164],[-70.693013,42.61644],[-70.692095,42.616641],[-70.691165,42.616845],[-70.690886,42.616915],[-70.690051,42.617123],[-70.689188,42.61734],[-70.688057,42.617591],[-70.68725,42.617727],[-70.686632,42.617803],[-70.685973,42.617833],[-70.68539,42.617846],[-70.685521,42.617981],[-70.686868,42.617889],[-70.687703,42.617783],[-70.688246,42.61768],[-70.688408,42.617615],[-70.689066,42.61747],[-70.689453,42.617392],[-70.689933,42.617272],[-70.690103,42.617243],[-70.690769,42.617057],[-70.690738,42.617283],[-70.690684,42.617486],[-70.690622,42.617784],[-70.690622,42.618275],[-70.690653,42.618468],[-70.690723,42.618612],[-70.69073,42.618638],[-70.690793,42.618728],[-70.691156,42.61901],[-70.69128,42.619121],[-70.691489,42.619321],[-70.691621,42.61949],[-70.691644,42.619566],[-70.691667,42.619804],[-70.691288,42.620125],[-70.691156,42.620122],[-70.691048,42.620093],[-70.690956,42.620053],[-70.690932,42.620004],[-70.690893,42.619982],[-70.690839,42.619857],[-70.690738,42.619737],[-70.690661,42.619671],[-70.690545,42.619623],[-70.690242,42.619564],[-70.690158,42.619525],[-70.690003,42.61941],[-70.68981,42.619309],[-70.689616,42.619227],[-70.689469,42.619211],[-70.689252,42.619228],[-70.689198,42.619269],[-70.689175,42.61931],[-70.68926,42.619417],[-70.689391,42.619532],[-70.6896,42.619668],[-70.689926,42.619794],[-70.690088,42.619913],[-70.69022,42.619988],[-70.690552,42.620248],[-70.6908,42.620344],[-70.691296,42.620665],[-70.691524,42.620761],[-70.691598,42.62076],[-70.691768,42.620703],[-70.691786,42.620698],[-70.691876,42.620679],[-70.691962,42.620723],[-70.692016,42.62079],[-70.692116,42.620887],[-70.692348,42.620942],[-70.692527,42.620931],[-70.69269,42.620793],[-70.692782,42.620783],[-70.692868,42.620818],[-70.693007,42.620928],[-70.693131,42.620976],[-70.693866,42.621154],[-70.694292,42.621242],[-70.6944,42.621245],[-70.694485,42.621185],[-70.69447,42.621046],[-70.694485,42.620911],[-70.694508,42.620825],[-70.694671,42.620525],[-70.694772,42.620416],[-70.694818,42.620379],[-70.695074,42.620348],[-70.695143,42.620325],[-70.695476,42.62005],[-70.695476,42.619996],[-70.695399,42.619938],[-70.695375,42.619893],[-70.695375,42.619758],[-70.695546,42.619571],[-70.69577,42.619433],[-70.695994,42.619195],[-70.696096,42.619144],[-70.69632,42.619128],[-70.696583,42.619097],[-70.696807,42.618958],[-70.696946,42.618907],[-70.697078,42.618873],[-70.697101,42.618902],[-70.697122,42.618932],[-70.697155,42.61897],[-70.697187,42.619011],[-70.697195,42.619074],[-70.697288,42.61928],[-70.697303,42.619442],[-70.697373,42.619598],[-70.697489,42.619709],[-70.697628,42.619784],[-70.697767,42.61984],[-70.697837,42.619839],[-70.697837,42.619857],[-70.697798,42.619916],[-70.697767,42.61993],[-70.69769,42.620021],[-70.697636,42.620076],[-70.697566,42.620086],[-70.69745,42.620079],[-70.697179,42.620078],[-70.697032,42.620126],[-70.696978,42.620158],[-70.696947,42.620221],[-70.696947,42.620474],[-70.696916,42.620533],[-70.696893,42.620542],[-70.696893,42.620663],[-70.696824,42.620705],[-70.696707,42.620684],[-70.696521,42.620633],[-70.69632,42.62064],[-70.69615,42.620688],[-70.695375,42.62065],[-70.695259,42.620679],[-70.695159,42.620734],[-70.695151,42.620784],[-70.695182,42.620869],[-70.695205,42.620887],[-70.695228,42.620931],[-70.69543,42.62109],[-70.695461,42.621171],[-70.695515,42.621233],[-70.6956,42.62129],[-70.695584,42.621354],[-70.695499,42.621481],[-70.695515,42.621521],[-70.695562,42.621579],[-70.695763,42.62172],[-70.695833,42.6218],[-70.695972,42.621875],[-70.696119,42.621877],[-70.696204,42.62184],[-70.696266,42.621636],[-70.696467,42.621674],[-70.696475,42.621746],[-70.696506,42.621786],[-70.696514,42.621948],[-70.696537,42.621975],[-70.696584,42.622005],[-70.697087,42.622065],[-70.698039,42.6222],[-70.69821,42.622229],[-70.698465,42.622243],[-70.698608,42.622246],[-70.698736,42.622248],[-70.699053,42.622216],[-70.699262,42.622159],[-70.699603,42.62201],[-70.699719,42.621936],[-70.699874,42.62183],[-70.700198,42.62156],[-70.70033,42.621418],[-70.700423,42.621295],[-70.700524,42.621064],[-70.700562,42.620848],[-70.700608,42.620721],[-70.700632,42.620612],[-70.700794,42.620092],[-70.701166,42.619479],[-70.701359,42.619125],[-70.701444,42.619038],[-70.701653,42.618877],[-70.702187,42.618595],[-70.702613,42.6183],[-70.702876,42.618089],[-70.703131,42.617874],[-70.703209,42.617796],[-70.70324,42.617751],[-70.703858,42.617169],[-70.703974,42.616979],[-70.70399,42.616893],[-70.704021,42.616807],[-70.704052,42.61659],[-70.704098,42.6165],[-70.704114,42.616441],[-70.704246,42.616209],[-70.704486,42.615751],[-70.704501,42.615701],[-70.704663,42.615428],[-70.704687,42.615415],[-70.704717,42.615315],[-70.704748,42.61518],[-70.704756,42.615103],[-70.70481,42.615008],[-70.70481,42.614886],[-70.704771,42.614832],[-70.704748,42.614635],[-70.70481,42.614476],[-70.704833,42.614453],[-70.704841,42.614431],[-70.70529,42.613803],[-70.705514,42.613417],[-70.705645,42.613298],[-70.705994,42.61313],[-70.706567,42.612915],[-70.706667,42.61285],[-70.70676,42.612673],[-70.706922,42.612423],[-70.706954,42.612355],[-70.706976,42.612337],[-70.706976,42.612314],[-70.707162,42.612032],[-70.707332,42.611881],[-70.707386,42.611813],[-70.707479,42.611636],[-70.707557,42.611504],[-70.707649,42.611381],[-70.707758,42.611307],[-70.707889,42.611247],[-70.708005,42.611223],[-70.70799,42.61134],[-70.70792,42.611458],[-70.707727,42.611709],[-70.707696,42.611772],[-70.707696,42.611853],[-70.707634,42.612021],[-70.707495,42.612234],[-70.707441,42.612325],[-70.707425,42.612393],[-70.707433,42.612492],[-70.707464,42.612519],[-70.707464,42.612595],[-70.707503,42.612644],[-70.707604,42.612692],[-70.707696,42.612758],[-70.707913,42.612822],[-70.707998,42.612884],[-70.707998,42.612934],[-70.707875,42.613008],[-70.707441,42.613208],[-70.70734,42.613268],[-70.707294,42.613282],[-70.706776,42.613528],[-70.706667,42.613629],[-70.706281,42.613968],[-70.706265,42.613995],[-70.706211,42.614257],[-70.70618,42.614312],[-70.705932,42.614464],[-70.705902,42.614509],[-70.705894,42.614811],[-70.705739,42.61507],[-70.705708,42.615138],[-70.705708,42.615363],[-70.705731,42.61548],[-70.705755,42.615507],[-70.70577,42.615561],[-70.705824,42.615677],[-70.705979,42.615819],[-70.706018,42.615949],[-70.705979,42.616107],[-70.705972,42.616224],[-70.706003,42.6163],[-70.70639,42.616681],[-70.706428,42.616757],[-70.70646,42.617036],[-70.70639,42.617141],[-70.706189,42.617306],[-70.706173,42.617333],[-70.706182,42.617428],[-70.706244,42.617521],[-70.706375,42.617636],[-70.70646,42.617761],[-70.706561,42.617832],[-70.706917,42.617813],[-70.707033,42.617879],[-70.707219,42.618042],[-70.707358,42.618121],[-70.707373,42.618162],[-70.707404,42.618184],[-70.707474,42.618322],[-70.707552,42.61838],[-70.70766,42.618419],[-70.708098,42.61843],[-70.709108,42.618456],[-70.709339,42.618425],[-70.709487,42.618436],[-70.709626,42.61847],[-70.709642,42.618488],[-70.709587,42.618525],[-70.709409,42.618573],[-70.709247,42.618598],[-70.709092,42.618667],[-70.708821,42.618658],[-70.708055,42.618516],[-70.707861,42.618524],[-70.707621,42.618541],[-70.706646,42.618573],[-70.706468,42.618598],[-70.70615,42.618689],[-70.705462,42.618951],[-70.705261,42.618999],[-70.704943,42.619017],[-70.704881,42.619],[-70.704378,42.619057],[-70.704115,42.619066],[-70.704007,42.619112],[-70.703898,42.619209],[-70.703859,42.619272],[-70.70379,42.619296],[-70.703565,42.619263],[-70.703473,42.619273],[-70.703434,42.619297],[-70.703434,42.619382],[-70.703488,42.619431],[-70.703495,42.619471],[-70.703573,42.619497],[-70.703697,42.619599],[-70.70372,42.619738],[-70.703713,42.619878],[-70.703744,42.619949],[-70.703775,42.620097],[-70.703806,42.620138],[-70.703829,42.620218],[-70.703806,42.620228],[-70.703875,42.620294],[-70.703914,42.620343],[-70.703906,42.620388],[-70.703945,42.620433],[-70.704038,42.620589],[-70.70403,42.620747],[-70.704007,42.620792],[-70.703938,42.620883],[-70.70386,42.620947],[-70.70359,42.621064],[-70.703527,42.621132],[-70.703551,42.621177],[-70.703535,42.621249],[-70.703504,42.621286],[-70.70321,42.621452],[-70.70304,42.621599],[-70.702947,42.621897],[-70.702909,42.622051],[-70.702877,42.622308],[-70.7028,42.622408],[-70.702691,42.622446],[-70.702328,42.622532],[-70.702188,42.622607],[-70.702065,42.622721],[-70.702049,42.622744],[-70.702026,42.622911],[-70.702057,42.62296],[-70.702189,42.623097],[-70.702313,42.623294],[-70.702421,42.623369],[-70.702537,42.623434],[-70.702684,42.623477],[-70.702862,42.623452],[-70.703172,42.623389],[-70.70328,42.623387],[-70.70345,42.623322],[-70.703659,42.623202],[-70.703768,42.6232],[-70.703799,42.623217],[-70.703776,42.623362],[-70.703729,42.623439],[-70.703675,42.623485],[-70.703644,42.62358],[-70.703644,42.623697],[-70.70359,42.623774],[-70.70349,42.623888],[-70.703489,42.623929],[-70.703481,42.623965],[-70.703505,42.623978],[-70.703505,42.624001],[-70.703521,42.624019],[-70.703536,42.624054],[-70.703737,42.624195],[-70.703923,42.624283],[-70.704272,42.624372],[-70.704411,42.624424],[-70.704543,42.624521],[-70.70462,42.624637],[-70.704628,42.624686],[-70.704651,42.624704],[-70.704667,42.624753],[-70.704736,42.624865],[-70.704779,42.625175],[-70.704787,42.625337],[-70.704732,42.625365],[-70.704399,42.625194],[-70.704376,42.625168],[-70.704363,42.625105],[-70.703745,42.624731],[-70.703675,42.624737],[-70.703606,42.624837],[-70.703652,42.624899],[-70.703954,42.625088],[-70.703975,42.625106],[-70.704485,42.625432],[-70.704648,42.62556],[-70.704632,42.6256],[-70.704392,42.625631],[-70.703765,42.625627],[-70.70337,42.625574],[-70.70323,42.625536],[-70.703161,42.625528],[-70.703107,42.625502],[-70.703091,42.625479],[-70.702936,42.625405],[-70.702921,42.625383],[-70.70289,42.625352],[-70.70282,42.625249],[-70.702789,42.625223],[-70.702737,42.62512],[-70.702738,42.625102],[-70.702638,42.624932],[-70.702553,42.624852],[-70.702491,42.624835],[-70.702321,42.624775],[-70.70215,42.624764],[-70.702057,42.624738],[-70.701918,42.624668],[-70.70181,42.62462],[-70.701663,42.624609],[-70.70116,42.62477],[-70.701066,42.624843],[-70.700688,42.624993],[-70.700493,42.625009],[-70.700091,42.624961],[-70.699859,42.624829],[-70.699852,42.624803],[-70.699867,42.62478],[-70.699905,42.624761],[-70.700223,42.624752],[-70.700323,42.624733],[-70.700347,42.624705],[-70.700323,42.62462],[-70.700269,42.624544],[-70.700075,42.624371],[-70.700052,42.62434],[-70.69989,42.624253],[-70.699603,42.62418],[-70.699386,42.624103],[-70.699255,42.624014],[-70.698976,42.623933],[-70.698643,42.623893],[-70.698511,42.623832],[-70.698148,42.623734],[-70.698117,42.623752],[-70.698116,42.623806],[-70.698217,42.623922],[-70.698233,42.624012],[-70.69821,42.624066],[-70.698101,42.624117],[-70.697892,42.624161],[-70.697807,42.624198],[-70.697691,42.624312],[-70.697343,42.624403],[-70.697242,42.624477],[-70.697188,42.624504],[-70.697087,42.624524],[-70.697041,42.624498],[-70.696987,42.624449],[-70.696971,42.624382],[-70.696933,42.624265],[-70.696878,42.624198],[-70.69653,42.624055],[-70.696437,42.624047],[-70.696383,42.624066],[-70.696329,42.624044],[-70.696305,42.624013],[-70.696127,42.623944],[-70.696027,42.62386],[-70.696026,42.623837],[-70.695895,42.623812],[-70.695779,42.623877],[-70.695717,42.623932],[-70.695655,42.623973],[-70.695655,42.623991],[-70.695554,42.624087],[-70.695439,42.624179],[-70.695222,42.624236],[-70.69492,42.624452],[-70.694772,42.624504],[-70.694463,42.624558],[-70.69447,42.624378],[-70.694695,42.624298],[-70.694733,42.624262],[-70.694734,42.624077],[-70.694718,42.624032],[-70.694695,42.624019],[-70.694695,42.623969],[-70.694641,42.623907],[-70.694625,42.62379],[-70.694656,42.623722],[-70.69478,42.62354],[-70.694858,42.623494],[-70.695299,42.623339],[-70.695314,42.623267],[-70.695284,42.623227],[-70.695252,42.6232],[-70.695252,42.623178],[-70.695144,42.623098],[-70.694904,42.623034],[-70.694857,42.623013],[-70.694834,42.62299],[-70.694842,42.62295],[-70.69478,42.622883],[-70.694664,42.622849],[-70.694462,42.622829],[-70.694432,42.622821],[-70.694331,42.622827],[-70.694207,42.622779],[-70.693875,42.622568],[-70.693696,42.622534],[-70.693464,42.622533],[-70.693154,42.622583],[-70.69286,42.622605],[-70.692783,42.622624],[-70.692627,42.622717],[-70.692434,42.622882],[-70.692355,42.622895],[-70.692326,42.622901],[-70.692047,42.622838],[-70.691846,42.622724],[-70.691722,42.62269],[-70.691699,42.62264],[-70.691513,42.622661],[-70.691405,42.622712],[-70.691381,42.622722],[-70.690986,42.623007],[-70.690677,42.623412],[-70.690646,42.623485],[-70.690607,42.623692],[-70.690576,42.623778],[-70.690538,42.623837],[-70.69039,42.623961],[-70.690174,42.624266],[-70.690112,42.624375],[-70.690019,42.624619],[-70.689976,42.625201],[-70.689945,42.625314],[-70.689945,42.625352],[-70.689945,42.625433],[-70.689945,42.625508],[-70.689976,42.625575],[-70.689984,42.625629],[-70.690054,42.625772],[-70.690047,42.626024],[-70.69007,42.626042],[-70.690085,42.626091],[-70.690185,42.626193],[-70.690216,42.626278],[-70.69024,42.626476],[-70.690371,42.626658],[-70.690403,42.626739],[-70.690387,42.626856],[-70.690364,42.626888],[-70.690371,42.626942],[-70.690496,42.627107],[-70.690495,42.627134],[-70.690542,42.627156],[-70.690589,42.627295],[-70.690604,42.627393],[-70.690689,42.627487],[-70.691029,42.627738],[-70.691084,42.62776],[-70.691115,42.627778],[-70.691293,42.62773],[-70.691533,42.627623],[-70.691633,42.627545],[-70.691672,42.627463],[-70.691804,42.627389],[-70.691881,42.627366],[-70.691951,42.627374],[-70.692129,42.627411],[-70.692064,42.627488],[-70.692064,42.627534],[-70.692033,42.627585],[-70.692012,42.627678],[-70.691987,42.627709],[-70.692017,42.627796],[-70.692131,42.627935],[-70.692213,42.628002],[-70.692233,42.628007],[-70.692269,42.6281],[-70.692269,42.628166],[-70.692223,42.628223],[-70.692151,42.62829],[-70.692079,42.628393],[-70.692012,42.628475],[-70.692033,42.628614],[-70.692053,42.628665],[-70.69211,42.628732],[-70.692131,42.628763],[-70.692177,42.628814],[-70.692167,42.628855],[-70.692213,42.62903],[-70.69229,42.629421],[-70.692326,42.629734],[-70.692264,42.629801],[-70.692208,42.629924],[-70.692167,42.630002],[-70.692089,42.630063],[-70.691987,42.63013],[-70.691858,42.630197],[-70.691791,42.630238],[-70.691735,42.6303],[-70.691678,42.630351],[-70.691637,42.630413],[-70.691575,42.630577],[-70.691565,42.630639],[-70.691601,42.630757],[-70.691665,42.630872],[-70.691719,42.630939],[-70.691796,42.630996],[-70.691943,42.63107],[-70.691967,42.631115],[-70.692005,42.631389],[-70.692059,42.631447],[-70.692098,42.63146],[-70.692145,42.631428],[-70.692261,42.63125],[-70.692269,42.631165],[-70.6923,42.631029],[-70.692346,42.630983],[-70.692378,42.630975],[-70.692462,42.630955],[-70.692896,42.63089],[-70.693051,42.630838],[-70.693321,42.630762],[-70.693445,42.630692],[-70.693538,42.630696],[-70.693569,42.630722],[-70.693577,42.630758],[-70.693422,42.630873],[-70.693376,42.630986],[-70.693283,42.631118],[-70.693291,42.63115],[-70.693391,42.631135],[-70.693585,42.63106],[-70.693809,42.630939],[-70.693879,42.630947],[-70.693933,42.630991],[-70.693933,42.631032],[-70.694049,42.631138],[-70.694041,42.631206],[-70.693956,42.631315],[-70.69391,42.631361],[-70.693902,42.631636],[-70.693848,42.631704],[-70.693577,42.631821],[-70.693476,42.631894],[-70.693384,42.631918],[-70.693291,42.631901],[-70.693198,42.631804],[-70.693182,42.631741],[-70.693105,42.631688],[-70.693027,42.631658],[-70.692826,42.631643],[-70.692764,42.631666],[-70.692694,42.63173],[-70.692602,42.631849],[-70.692431,42.631946],[-70.692315,42.631997],[-70.692222,42.63207],[-70.692222,42.632165],[-70.692289,42.632206],[-70.692478,42.632256],[-70.692764,42.632233],[-70.693089,42.632112],[-70.693415,42.632066],[-70.693593,42.632073],[-70.693871,42.6321],[-70.694042,42.632165],[-70.69415,42.63215],[-70.694227,42.632104],[-70.694289,42.631999],[-70.694344,42.631841],[-70.694367,42.631818],[-70.69463,42.631738],[-70.695025,42.6317],[-70.695149,42.631653],[-70.695637,42.631547],[-70.695985,42.631546],[-70.695977,42.63161],[-70.696024,42.631636],[-70.696155,42.631692],[-70.696225,42.631786],[-70.696287,42.631821],[-70.696356,42.631825],[-70.696488,42.631796],[-70.696558,42.631826],[-70.696674,42.631824],[-70.696736,42.631801],[-70.696783,42.631751],[-70.696821,42.631687],[-70.696914,42.631627],[-70.697061,42.631602],[-70.697177,42.631533],[-70.697293,42.631482],[-70.697487,42.631326],[-70.697572,42.631244],[-70.697851,42.631217],[-70.697897,42.631243],[-70.697897,42.631306],[-70.697882,42.631361],[-70.697689,42.63158],[-70.697696,42.631728],[-70.697735,42.631962],[-70.697827,42.632032],[-70.697952,42.632022],[-70.698052,42.631966],[-70.698184,42.631829],[-70.698192,42.631743],[-70.698029,42.631615],[-70.698052,42.631516],[-70.698106,42.631411],[-70.698168,42.631401],[-70.698176,42.631554],[-70.6982,42.631581],[-70.698245,42.63158],[-70.698346,42.631444],[-70.698378,42.631367],[-70.698385,42.631322],[-70.698416,42.631254],[-70.698463,42.630906],[-70.698463,42.630641],[-70.698486,42.630609],[-70.698548,42.630594],[-70.698958,42.630624],[-70.69919,42.630571],[-70.699391,42.63055],[-70.699585,42.630574],[-70.699709,42.630573],[-70.699887,42.630502],[-70.700096,42.630265],[-70.700104,42.630094],[-70.700166,42.630003],[-70.700227,42.629799],[-70.700259,42.629754],[-70.700336,42.629694],[-70.700452,42.629634],[-70.700483,42.629634],[-70.700506,42.629651],[-70.700506,42.629881],[-70.700537,42.629903],[-70.700615,42.629902],[-70.700661,42.629892],[-70.70094,42.629613],[-70.701056,42.62953],[-70.701141,42.629448],[-70.701149,42.629376],[-70.701056,42.629328],[-70.700955,42.629253],[-70.70094,42.629176],[-70.700994,42.629131],[-70.701141,42.629205],[-70.701265,42.629235],[-70.70135,42.629278],[-70.701397,42.629336],[-70.701381,42.629413],[-70.701172,42.629704],[-70.700863,42.629979],[-70.700746,42.630048],[-70.700537,42.630092],[-70.700522,42.630115],[-70.70053,42.630191],[-70.700599,42.63024],[-70.700847,42.630331],[-70.701079,42.630395],[-70.701203,42.630384],[-70.701312,42.630328],[-70.701412,42.630183],[-70.701412,42.63016],[-70.701451,42.630119],[-70.701474,42.630069],[-70.701552,42.630059],[-70.701575,42.630122],[-70.701559,42.630162],[-70.701513,42.630325],[-70.701505,42.630424],[-70.701451,42.630497],[-70.701288,42.630594],[-70.701288,42.63068],[-70.701366,42.630715],[-70.701443,42.630731],[-70.701668,42.630746],[-70.701924,42.630742],[-70.702218,42.630715],[-70.702489,42.630648],[-70.702574,42.630652],[-70.702845,42.630693],[-70.703464,42.630692],[-70.703921,42.630888],[-70.703905,42.630942],[-70.703828,42.63098],[-70.703209,42.631097],[-70.703062,42.631162],[-70.703031,42.631194],[-70.703023,42.631257],[-70.703069,42.631311],[-70.703062,42.631356],[-70.702984,42.631388],[-70.702899,42.631412],[-70.702868,42.631449],[-70.702876,42.631521],[-70.702899,42.631556],[-70.7029,42.631601],[-70.702868,42.63162],[-70.702736,42.631595],[-70.70259,42.631601],[-70.702528,42.631629],[-70.702497,42.63172],[-70.70252,42.631774],[-70.702605,42.631826],[-70.702807,42.631841],[-70.703333,42.631865],[-70.70355,42.631911],[-70.70372,42.632008],[-70.70379,42.632034],[-70.703798,42.632061],[-70.703751,42.632084],[-70.703589,42.632095],[-70.703472,42.63207],[-70.703403,42.632031],[-70.703163,42.631985],[-70.703139,42.631971],[-70.702822,42.632003],[-70.702575,42.632002],[-70.702497,42.631981],[-70.70238,42.63187],[-70.70235,42.631808],[-70.702357,42.631686],[-70.702388,42.631654],[-70.702427,42.631478],[-70.702589,42.631354],[-70.702644,42.631258],[-70.702651,42.631128],[-70.702613,42.631092],[-70.702458,42.631072],[-70.702125,42.631086],[-70.701869,42.631072],[-70.701413,42.631088],[-70.70132,42.631071],[-70.701126,42.631002],[-70.701064,42.630962],[-70.700848,42.630997],[-70.700491,42.631124],[-70.700166,42.631277],[-70.699934,42.631326],[-70.699315,42.631429],[-70.69926,42.631457],[-70.699191,42.631553],[-70.699152,42.631634],[-70.699128,42.631734],[-70.699136,42.631774],[-70.699168,42.631801],[-70.699314,42.631848],[-70.699438,42.631864],[-70.699555,42.631831],[-70.699624,42.631781],[-70.699709,42.63168],[-70.699771,42.631661],[-70.699756,42.631846],[-70.699686,42.631901],[-70.699284,42.632015],[-70.699106,42.632013],[-70.699059,42.632037],[-70.699005,42.632132],[-70.698966,42.63247],[-70.698897,42.632597],[-70.698865,42.63267],[-70.698842,42.632855],[-70.698866,42.633003],[-70.698827,42.63317],[-70.698827,42.633287],[-70.69885,42.63335],[-70.698897,42.633525],[-70.698959,42.633556],[-70.699036,42.633572],[-70.699315,42.63355],[-70.699485,42.63353],[-70.699555,42.633547],[-70.699532,42.633619],[-70.699454,42.633679],[-70.699323,42.633699],[-70.699253,42.633736],[-70.699222,42.63379],[-70.699214,42.633979],[-70.699121,42.634093],[-70.698989,42.63437],[-70.698998,42.634478],[-70.69906,42.634522],[-70.69923,42.634484],[-70.699292,42.634505],[-70.699423,42.63453],[-70.699454,42.634552],[-70.699594,42.634748],[-70.699586,42.634802],[-70.699547,42.634826],[-70.699423,42.634868],[-70.699323,42.634919],[-70.699323,42.635284],[-70.699354,42.635378],[-70.699385,42.63544],[-70.699416,42.635764],[-70.699431,42.635804],[-70.699454,42.635894],[-70.699501,42.63601],[-70.69954,42.636158],[-70.699602,42.636351],[-70.699758,42.636623],[-70.699811,42.636672],[-70.699943,42.63676],[-70.700105,42.636758],[-70.700307,42.636669],[-70.700795,42.636401],[-70.700996,42.636308],[-70.701159,42.636278],[-70.701236,42.636286],[-70.701422,42.636351],[-70.701523,42.637029],[-70.701452,42.637013],[-70.701259,42.637015],[-70.700717,42.637217],[-70.700516,42.63736],[-70.700408,42.637496],[-70.700369,42.637578],[-70.700308,42.637772],[-70.700299,42.637849],[-70.700276,42.637931],[-70.700276,42.638196],[-70.700462,42.638419],[-70.700586,42.638579],[-70.70064,42.638686],[-70.700632,42.638893],[-70.700594,42.638988],[-70.700555,42.639039],[-70.700439,42.63913],[-70.700013,42.639362],[-70.699858,42.6394],[-70.699696,42.639407],[-70.699587,42.639463],[-70.699556,42.639504],[-70.699487,42.639554],[-70.699463,42.639546],[-70.699277,42.639566],[-70.6992,42.639594],[-70.699107,42.639726],[-70.699007,42.639795],[-70.698913,42.639891],[-70.698852,42.639915],[-70.698859,42.639933],[-70.698751,42.639988],[-70.69855,42.640027],[-70.69841,42.640097],[-70.698325,42.640098],[-70.698185,42.640006],[-70.697976,42.639829],[-70.697868,42.639691],[-70.697845,42.639601],[-70.697876,42.639542],[-70.697868,42.639434],[-70.697829,42.639394],[-70.697729,42.639337],[-70.697566,42.639299],[-70.697349,42.63919],[-70.697225,42.639156],[-70.697032,42.639158],[-70.696916,42.639196],[-70.696815,42.639274],[-70.696699,42.639492],[-70.69659,42.639611],[-70.696544,42.639742],[-70.696536,42.639868],[-70.696428,42.640032],[-70.696428,42.640401],[-70.696459,42.640509],[-70.696529,42.640598],[-70.69666,42.640717],[-70.696838,42.640926],[-70.696954,42.641024],[-70.697063,42.641103],[-70.697381,42.64122],[-70.697598,42.641374],[-70.697822,42.641484],[-70.697899,42.641554],[-70.697899,42.641608],[-70.697776,42.641777],[-70.697753,42.64184],[-70.697768,42.641921],[-70.697807,42.642015],[-70.697806,42.642087],[-70.697776,42.64211],[-70.697636,42.642103],[-70.69752,42.642087],[-70.697443,42.642088],[-70.697272,42.642059],[-70.697024,42.64195],[-70.696831,42.641917],[-70.696707,42.641883],[-70.696599,42.641794],[-70.696521,42.641705],[-70.69649,42.641584],[-70.696428,42.641495],[-70.696335,42.641425],[-70.696181,42.641373],[-70.696088,42.641352],[-70.696018,42.641344],[-70.695863,42.641391],[-70.695654,42.641511],[-70.695584,42.641539],[-70.695429,42.641537],[-70.695135,42.641352],[-70.694724,42.64112],[-70.694477,42.64102],[-70.694174,42.640943],[-70.694027,42.640932],[-70.693958,42.640969],[-70.693942,42.641014],[-70.693873,42.641069],[-70.693788,42.641093],[-70.69371,42.641144],[-70.693718,42.641238],[-70.693749,42.641292],[-70.693726,42.641373],[-70.693702,42.641419],[-70.693702,42.64154],[-70.693787,42.641615],[-70.693904,42.641659],[-70.693904,42.641776],[-70.693796,42.641962],[-70.693741,42.642003],[-70.693718,42.642071],[-70.693726,42.64231],[-70.693765,42.642426],[-70.693757,42.64248],[-70.693741,42.642499],[-70.693633,42.642509],[-70.69347,42.642507],[-70.693439,42.642539],[-70.693408,42.642625],[-70.693447,42.642742],[-70.693571,42.642852],[-70.693803,42.643033],[-70.693865,42.643055],[-70.693935,42.643117],[-70.693989,42.643265],[-70.693997,42.643382],[-70.694059,42.643484],[-70.694059,42.643624],[-70.693935,42.643878],[-70.693935,42.643968],[-70.694253,42.644198],[-70.694423,42.644474],[-70.694485,42.644613],[-70.694493,42.644851],[-70.694547,42.644923],[-70.694671,42.645015],[-70.694771,42.645198],[-70.69488,42.6453],[-70.694873,42.645341],[-70.694749,42.645388],[-70.694593,42.645494],[-70.694369,42.645781],[-70.694291,42.64584],[-70.694129,42.645897],[-70.694059,42.645907],[-70.693951,42.645909],[-70.693912,42.645878],[-70.693866,42.645811],[-70.693834,42.645744],[-70.693687,42.645683],[-70.693045,42.645728],[-70.69275,42.645697],[-70.692565,42.645645],[-70.692425,42.645593],[-70.692177,42.645597],[-70.692007,42.645645],[-70.691821,42.645737],[-70.691708,42.645822],[-70.691659,42.645861],[-70.69155,42.645931],[-70.691372,42.645992],[-70.691139,42.646058],[-70.690752,42.6461],[-70.690683,42.646069],[-70.690698,42.646015],[-70.690776,42.645924],[-70.690783,42.645883],[-70.690675,42.645817],[-70.690582,42.645792],[-70.690117,42.645817],[-70.690024,42.64584],[-70.689923,42.645919],[-70.689854,42.645938],[-70.689691,42.645917],[-70.689567,42.645883],[-70.689436,42.64584],[-70.689234,42.645798],[-70.688839,42.645786],[-70.688661,42.645748],[-70.688135,42.645558],[-70.687794,42.645383],[-70.687685,42.645294],[-70.687677,42.645272],[-70.687569,42.645197],[-70.687453,42.645149],[-70.68729,42.645088],[-70.687275,42.645071],[-70.687221,42.645053],[-70.687159,42.645005],[-70.686981,42.644913],[-70.686764,42.644934],[-70.686601,42.645044],[-70.686284,42.645391],[-70.686284,42.645517],[-70.686369,42.645557],[-70.686717,42.645561],[-70.686989,42.645593],[-70.687182,42.645666],[-70.687422,42.645798],[-70.687639,42.645889],[-70.687778,42.645982],[-70.687817,42.64608],[-70.687941,42.646155],[-70.688104,42.646216],[-70.688135,42.646251],[-70.688142,42.646458],[-70.688259,42.646641],[-70.688251,42.646817],[-70.688127,42.647012],[-70.688104,42.647089],[-70.688135,42.647201],[-70.688228,42.647281],[-70.688289,42.647302],[-70.688437,42.647287],[-70.688491,42.647502],[-70.688391,42.647612],[-70.688174,42.647543],[-70.688096,42.647467],[-70.688034,42.647446],[-70.68798,42.647406],[-70.687933,42.647335],[-70.687926,42.647281],[-70.687871,42.64721],[-70.687833,42.647102],[-70.687817,42.646895],[-70.68784,42.646827],[-70.687894,42.646736],[-70.687894,42.64657],[-70.68784,42.646508],[-70.687794,42.64649],[-70.687709,42.646492],[-70.687608,42.646543],[-70.687499,42.646706],[-70.687453,42.646792],[-70.687445,42.646959],[-70.687468,42.647013],[-70.687476,42.647067],[-70.687507,42.647125],[-70.687507,42.647255],[-70.687468,42.647261],[-70.687437,42.647261],[-70.687352,42.647222],[-70.687306,42.647155],[-70.687221,42.647062],[-70.687128,42.647036],[-70.686887,42.647035],[-70.686826,42.646995],[-70.686826,42.646941],[-70.686857,42.646891],[-70.687082,42.646703],[-70.687159,42.646599],[-70.687244,42.646444],[-70.687252,42.646291],[-70.68719,42.646157],[-70.687128,42.646095],[-70.686965,42.645989],[-70.686872,42.645964],[-70.686594,42.645954],[-70.686051,42.646102],[-70.685168,42.646353],[-70.684998,42.646423],[-70.684944,42.64646],[-70.684944,42.646537],[-70.685037,42.646603],[-70.6852,42.646664],[-70.685184,42.646916],[-70.685161,42.646939],[-70.685068,42.646954],[-70.684944,42.646924],[-70.684797,42.646827],[-70.684572,42.646614],[-70.684355,42.646554],[-70.683341,42.646493],[-70.682969,42.646444],[-70.682055,42.646395],[-70.681854,42.646398],[-70.681572,42.646438],[-70.681484,42.646448],[-70.681405,42.646458],[-70.681165,42.646543],[-70.680894,42.646668],[-70.680692,42.646784],[-70.680677,42.646811],[-70.680522,42.646885],[-70.680483,42.646891],[-70.680436,42.646972],[-70.680467,42.647089],[-70.680584,42.647258],[-70.680738,42.647427],[-70.680847,42.647579],[-70.680847,42.647601],[-70.680886,42.64765],[-70.681001,42.647901],[-70.681087,42.647989],[-70.681234,42.648082],[-70.681645,42.648476],[-70.682264,42.648931],[-70.682613,42.649138],[-70.683008,42.649339],[-70.683689,42.649658],[-70.68451,42.649983],[-70.68506,42.650214],[-70.685517,42.650567],[-70.68568,42.650731],[-70.685865,42.651017],[-70.685881,42.651053],[-70.68592,42.651111],[-70.685997,42.651312],[-70.686052,42.651437],[-70.686113,42.651716],[-70.686175,42.651899],[-70.686291,42.652046],[-70.686446,42.652156],[-70.686648,42.652248],[-70.68681,42.652282],[-70.68712,42.6523],[-70.687337,42.652346],[-70.687423,42.65239],[-70.687554,42.652509],[-70.687852,42.652646],[-70.688274,42.652769],[-70.688499,42.652797],[-70.688786,42.652824],[-70.688863,42.65285],[-70.688987,42.65297],[-70.689049,42.653055],[-70.689351,42.653275],[-70.689731,42.653896],[-70.689893,42.654141],[-70.690273,42.654802],[-70.69045,42.655191],[-70.690521,42.655293],[-70.690559,42.655329],[-70.69056,42.655347],[-70.690745,42.655524],[-70.690846,42.65568],[-70.690924,42.655828],[-70.690955,42.655926],[-70.691024,42.656074],[-70.691102,42.656257],[-70.691186,42.656319],[-70.691264,42.656358],[-70.69128,42.656372],[-70.691365,42.656388],[-70.691497,42.656386],[-70.69159,42.65637],[-70.691675,42.656357],[-70.691764,42.656322],[-70.692023,42.656221],[-70.69207,42.656193],[-70.692095,42.656192],[-70.692388,42.656045],[-70.692917,42.655859],[-70.69303,42.655819],[-70.69334,42.655749],[-70.693519,42.655708],[-70.693898,42.655689],[-70.69448,42.6557],[-70.694796,42.655707],[-70.695486,42.655765],[-70.695545,42.655774],[-70.695942,42.655834],[-70.696206,42.655894],[-70.696957,42.656022],[-70.697091,42.656051],[-70.69808,42.65627],[-70.699372,42.656556],[-70.70001,42.656697],[-70.700955,42.656917],[-70.701853,42.657165],[-70.702666,42.657328],[-70.703201,42.657424],[-70.703604,42.657535]]],[[[-70.696134,42.639311],[-70.695948,42.639373],[-70.695901,42.639381],[-70.695785,42.639402],[-70.695661,42.639453],[-70.69546,42.639623],[-70.695204,42.639955],[-70.695197,42.640271],[-70.695088,42.640579],[-70.695089,42.640732],[-70.695127,42.640803],[-70.695142,42.640978],[-70.695205,42.641023],[-70.695282,42.641066],[-70.695452,42.641064],[-70.695615,42.64103],[-70.695809,42.640933],[-70.696057,42.640848],[-70.696203,42.640792],[-70.696274,42.640723],[-70.696296,42.640687],[-70.696281,42.640574],[-70.696226,42.640517],[-70.696234,42.640485],[-70.696165,42.640418],[-70.696126,42.640356],[-70.696126,42.640189],[-70.696203,42.640062],[-70.696227,42.639931],[-70.69625,42.63976],[-70.696281,42.63971],[-70.696335,42.639574],[-70.696358,42.639556],[-70.696358,42.639407],[-70.696327,42.639362],[-70.696234,42.639305],[-70.696134,42.639311]]],[[[-70.68904,42.641316],[-70.689946,42.641375],[-70.690333,42.641423],[-70.690597,42.641437],[-70.691534,42.641415],[-70.691898,42.641351],[-70.691937,42.641328],[-70.69213,42.641298],[-70.692417,42.641194],[-70.692456,42.641162],[-70.69275,42.640996],[-70.692966,42.640817],[-70.693207,42.640516],[-70.693338,42.640294],[-70.693338,42.639997],[-70.693307,42.639952],[-70.693199,42.639891],[-70.693176,42.639855],[-70.693199,42.639796],[-70.693393,42.639685],[-70.693447,42.63963],[-70.693446,42.639549],[-70.693393,42.639505],[-70.693175,42.639454],[-70.693005,42.63938],[-70.693005,42.639286],[-70.693098,42.63919],[-70.693106,42.639163],[-70.693137,42.639162],[-70.693176,42.639116],[-70.693439,42.639117],[-70.693501,42.639085],[-70.693594,42.63907],[-70.693686,42.639131],[-70.693694,42.639149],[-70.693795,42.639184],[-70.693849,42.639152],[-70.693857,42.639012],[-70.693826,42.638877],[-70.693849,42.638841],[-70.693949,42.638821],[-70.694174,42.638845],[-70.694205,42.638881],[-70.694306,42.638933],[-70.694415,42.638923],[-70.694515,42.638858],[-70.694647,42.638716],[-70.694662,42.638662],[-70.694608,42.638582],[-70.694453,42.638517],[-70.694283,42.638366],[-70.694213,42.638259],[-70.69405,42.638167],[-70.693981,42.638091],[-70.69395,42.638042],[-70.693911,42.638007],[-70.69388,42.637575],[-70.693957,42.637506],[-70.694143,42.637652],[-70.694128,42.637747],[-70.694174,42.637823],[-70.694259,42.637898],[-70.694546,42.638047],[-70.694678,42.638081],[-70.694879,42.638078],[-70.695065,42.638008],[-70.695219,42.637893],[-70.695312,42.637847],[-70.695475,42.63784],[-70.695552,42.637884],[-70.695754,42.638133],[-70.695847,42.638212],[-70.695847,42.63823],[-70.695955,42.638296],[-70.696103,42.638348],[-70.696226,42.638355],[-70.696466,42.638275],[-70.696699,42.638159],[-70.696791,42.638059],[-70.696815,42.637865],[-70.696846,42.637828],[-70.696885,42.637733],[-70.69707,42.637852],[-70.697062,42.637938],[-70.697109,42.637973],[-70.697209,42.637994],[-70.697318,42.637983],[-70.697418,42.637932],[-70.697612,42.637727],[-70.697728,42.637527],[-70.697844,42.637399],[-70.697852,42.637233],[-70.697891,42.636885],[-70.69786,42.636787],[-70.697759,42.636086],[-70.697782,42.635482],[-70.697736,42.63533],[-70.697736,42.635118],[-70.697767,42.635037],[-70.697813,42.634977],[-70.697852,42.634846],[-70.697868,42.634702],[-70.697867,42.634297],[-70.697813,42.634203],[-70.697689,42.634137],[-70.69734,42.634039],[-70.697232,42.634031],[-70.697054,42.634129],[-70.696946,42.634171],[-70.696868,42.634167],[-70.696845,42.634136],[-70.696845,42.63401],[-70.696853,42.633951],[-70.697,42.633958],[-70.697085,42.633867],[-70.697232,42.633797],[-70.697379,42.633714],[-70.697441,42.633632],[-70.697573,42.633405],[-70.69765,42.633219],[-70.697681,42.633174],[-70.697689,42.633048],[-70.697658,42.632958],[-70.69765,42.632778],[-70.697627,42.632729],[-70.697433,42.632574],[-70.697371,42.632552],[-70.697271,42.632473],[-70.697247,42.632401],[-70.697232,42.632311],[-70.697162,42.632164],[-70.697162,42.632087],[-70.697139,42.63202],[-70.6971,42.631967],[-70.697038,42.631963],[-70.696976,42.632009],[-70.696883,42.632042],[-70.696628,42.632064],[-70.696419,42.63213],[-70.696194,42.632129],[-70.696117,42.632071],[-70.69607,42.631995],[-70.696,42.631938],[-70.695629,42.631871],[-70.695412,42.631866],[-70.695304,42.631894],[-70.69518,42.631968],[-70.694623,42.632026],[-70.69453,42.632072],[-70.694491,42.63214],[-70.694452,42.632299],[-70.694398,42.632398],[-70.694328,42.632453],[-70.69429,42.632585],[-70.694228,42.632685],[-70.694228,42.632838],[-70.694258,42.632923],[-70.694336,42.63303],[-70.694344,42.633124],[-70.694328,42.633151],[-70.694313,42.633305],[-70.694166,42.633685],[-70.694127,42.633731],[-70.694081,42.633745],[-70.693988,42.633751],[-70.693964,42.633774],[-70.693949,42.633873],[-70.693934,42.633891],[-70.693879,42.633905],[-70.693841,42.633884],[-70.69381,42.633744],[-70.693747,42.633678],[-70.693585,42.633608],[-70.693585,42.633554],[-70.693616,42.633522],[-70.693624,42.633468],[-70.693523,42.633415],[-70.69326,42.63341],[-70.693066,42.633368],[-70.69278,42.633264],[-70.692664,42.633203],[-70.692547,42.633182],[-70.692516,42.633151],[-70.692493,42.633106],[-70.692517,42.633057],[-70.692609,42.632952],[-70.692617,42.632866],[-70.692455,42.632792],[-70.692416,42.632756],[-70.692369,42.632748],[-70.692315,42.632744],[-70.692292,42.632767],[-70.692269,42.632876],[-70.692269,42.633074],[-70.692238,42.633101],[-70.69216,42.633104],[-70.692083,42.633108],[-70.692052,42.633154],[-70.692021,42.633244],[-70.691982,42.633276],[-70.691936,42.633299],[-70.691859,42.633291],[-70.691796,42.633274],[-70.691471,42.633288],[-70.691293,42.633363],[-70.691177,42.63345],[-70.691053,42.633659],[-70.691007,42.633682],[-70.690906,42.633657],[-70.69079,42.633604],[-70.690782,42.633587],[-70.690457,42.633461],[-70.690317,42.633476],[-70.68993,42.633563],[-70.689807,42.633628],[-70.689435,42.63389],[-70.689287,42.633987],[-70.689172,42.634052],[-70.689087,42.634111],[-70.689032,42.634135],[-70.688692,42.634428],[-70.688529,42.634673],[-70.688467,42.634715],[-70.688328,42.634735],[-70.688304,42.634789],[-70.68825,42.63484],[-70.688165,42.634976],[-70.688165,42.635165],[-70.688181,42.63521],[-70.688173,42.635314],[-70.688134,42.635373],[-70.688134,42.635557],[-70.688134,42.635575],[-70.688282,42.635659],[-70.688428,42.635702],[-70.688715,42.635747],[-70.68873,42.635909],[-70.688793,42.635966],[-70.688669,42.636108],[-70.688599,42.636136],[-70.688498,42.636205],[-70.688367,42.63627],[-70.688258,42.63637],[-70.688235,42.636416],[-70.688242,42.636609],[-70.688258,42.636686],[-70.68825,42.636821],[-70.688142,42.637025],[-70.688135,42.63716],[-70.688127,42.63721],[-70.68815,42.637241],[-70.688274,42.63723],[-70.688707,42.636958],[-70.68877,42.636899],[-70.688878,42.636685],[-70.688963,42.636662],[-70.68928,42.636698],[-70.689397,42.63675],[-70.689443,42.636799],[-70.689458,42.637262],[-70.689675,42.637547],[-70.689706,42.637623],[-70.689784,42.637708],[-70.68959,42.637823],[-70.689482,42.63778],[-70.689326,42.637687],[-70.689133,42.637636],[-70.689094,42.637538],[-70.689071,42.637448],[-70.689032,42.637395],[-70.688955,42.637405],[-70.688901,42.637482],[-70.688343,42.63781],[-70.688282,42.637788],[-70.688096,42.637814],[-70.687623,42.637807],[-70.687507,42.6378],[-70.687337,42.637879],[-70.687198,42.637985],[-70.687128,42.63808],[-70.686965,42.638281],[-70.686849,42.638453],[-70.686562,42.638719],[-70.686547,42.638769],[-70.686547,42.638814],[-70.686577,42.638845],[-70.686748,42.63882],[-70.686872,42.638759],[-70.686981,42.638753],[-70.687105,42.638814],[-70.687267,42.638794],[-70.687368,42.638761],[-70.68767,42.638702],[-70.687755,42.638715],[-70.687825,42.638736],[-70.687786,42.638854],[-70.687724,42.638846],[-70.687407,42.639026],[-70.687151,42.639057],[-70.687112,42.639089],[-70.686887,42.639304],[-70.6865,42.639224],[-70.686237,42.63912],[-70.686168,42.639134],[-70.686067,42.639176],[-70.685974,42.639304],[-70.685796,42.639491],[-70.685649,42.639601],[-70.685486,42.639806],[-70.68547,42.639843],[-70.685385,42.639952],[-70.684882,42.640671],[-70.684828,42.640789],[-70.684851,42.640869],[-70.684874,42.640905],[-70.685014,42.641002],[-70.68513,42.641023],[-70.685315,42.641047],[-70.685571,42.641067],[-70.685997,42.6411],[-70.68688,42.641254],[-70.687166,42.641254],[-70.687275,42.641207],[-70.687445,42.641065],[-70.6875,42.641001],[-70.687523,42.640947],[-70.687655,42.640751],[-70.68767,42.640634],[-70.687654,42.640612],[-70.687646,42.640585],[-70.687577,42.640514],[-70.687329,42.640545],[-70.687329,42.640477],[-70.687368,42.640395],[-70.687469,42.640254],[-70.687492,42.640191],[-70.68753,42.640154],[-70.6876,42.640158],[-70.687771,42.640232],[-70.687887,42.640212],[-70.68801,42.640174],[-70.688839,42.640612],[-70.688677,42.640637],[-70.688553,42.640689],[-70.688351,42.640813],[-70.688251,42.640833],[-70.687979,42.640846],[-70.687879,42.640901],[-70.687863,42.640928],[-70.687848,42.641046],[-70.687794,42.641123],[-70.687701,42.64116],[-70.687685,42.641206],[-70.687693,42.641242],[-70.687794,42.641303],[-70.688018,42.64134],[-70.688801,42.641306],[-70.68904,42.641316]]],[[[-70.73865,42.643063],[-70.738402,42.643243],[-70.738294,42.643298],[-70.73814,42.643481],[-70.738054,42.643581],[-70.73793,42.64366],[-70.73752,42.643851],[-70.737241,42.643954],[-70.737156,42.644009],[-70.73711,42.644095],[-70.737102,42.644294],[-70.737149,42.644356],[-70.73728,42.64444],[-70.737505,42.644522],[-70.737838,42.644575],[-70.738047,42.644581],[-70.738217,42.644547],[-70.738332,42.6445],[-70.738603,42.643983],[-70.738993,42.643349],[-70.739086,42.643198],[-70.739022,42.643134],[-70.738905,42.643078],[-70.738774,42.643035],[-70.73865,42.643063]]],[[[-70.688685,42.645198],[-70.688754,42.645238],[-70.688924,42.645271],[-70.68901,42.64532],[-70.68911,42.645359],[-70.689227,42.645352],[-70.689327,42.645306],[-70.689381,42.645238],[-70.689559,42.645199],[-70.689629,42.645117],[-70.689738,42.645079],[-70.689738,42.645142],[-70.689699,42.645188],[-70.689699,42.645282],[-70.689753,42.645313],[-70.690217,42.645302],[-70.69042,42.645137],[-70.690435,42.645105],[-70.690504,42.645045],[-70.690675,42.644993],[-70.690984,42.645016],[-70.691097,42.645036],[-70.691302,42.645074],[-70.691459,42.645093],[-70.691627,42.645114],[-70.69179,42.645116],[-70.692007,42.645046],[-70.692154,42.644823],[-70.692169,42.644706],[-70.692131,42.644571],[-70.692022,42.644492],[-70.691844,42.644436],[-70.691774,42.644392],[-70.691697,42.644316],[-70.691689,42.644199],[-70.691774,42.643937],[-70.691766,42.643748],[-70.691782,42.643577],[-70.691898,42.643575],[-70.691968,42.64361],[-70.69203,42.643623],[-70.692092,42.643622],[-70.692131,42.643581],[-70.692131,42.643247],[-70.692247,42.643043],[-70.692324,42.642704],[-70.69234,42.64265],[-70.692541,42.642305],[-70.692603,42.642214],[-70.69261,42.642133],[-70.692595,42.642092],[-70.692549,42.642075],[-70.692084,42.642235],[-70.691519,42.642401],[-70.691046,42.642484],[-70.690628,42.64254],[-70.690356,42.642556],[-70.690001,42.642576],[-70.688925,42.642574],[-70.688451,42.642559],[-70.688204,42.642513],[-70.688026,42.642452],[-70.687956,42.642444],[-70.687841,42.64241],[-70.687724,42.64234],[-70.687515,42.642289],[-70.687453,42.642258],[-70.687167,42.642168],[-70.687043,42.642152],[-70.68681,42.642146],[-70.686384,42.642094],[-70.686183,42.642079],[-70.685982,42.642077],[-70.685928,42.642101],[-70.685917,42.642158],[-70.685912,42.642182],[-70.685989,42.642347],[-70.686191,42.642637],[-70.686206,42.642745],[-70.686253,42.642798],[-70.68633,42.64286],[-70.686361,42.642873],[-70.686431,42.64294],[-70.6865,42.643042],[-70.686547,42.643136],[-70.686555,42.643339],[-70.686578,42.643415],[-70.686586,42.643541],[-70.686601,42.643604],[-70.686609,42.643986],[-70.686632,42.644049],[-70.686663,42.644238],[-70.686694,42.644282],[-70.686764,42.644308],[-70.686895,42.644288],[-70.687275,42.64417],[-70.68753,42.644162],[-70.687732,42.644118],[-70.68784,42.644045],[-70.687778,42.644284],[-70.687686,42.644286],[-70.687608,42.644336],[-70.687616,42.644408],[-70.687685,42.644479],[-70.68801,42.644659],[-70.688189,42.644728],[-70.688235,42.644782],[-70.688297,42.644893],[-70.688367,42.644969],[-70.688491,42.645017],[-70.688545,42.645056],[-70.688685,42.645198]]],[[[-70.683751,42.645892],[-70.683984,42.645934],[-70.684162,42.645936],[-70.684611,42.645889],[-70.684797,42.645913],[-70.684998,42.645906],[-70.685192,42.645907],[-70.68537,42.645792],[-70.685602,42.645667],[-70.685772,42.645529],[-70.685935,42.645338],[-70.686013,42.645193],[-70.686051,42.645057],[-70.686106,42.644926],[-70.686106,42.644741],[-70.686082,42.644692],[-70.686075,42.644552],[-70.686106,42.64443],[-70.686113,42.64416],[-70.686036,42.643819],[-70.685982,42.643734],[-70.685912,42.643659],[-70.685842,42.64357],[-70.685796,42.643404],[-70.685734,42.643328],[-70.685641,42.643294],[-70.685641,42.643204],[-70.685556,42.643061],[-70.685548,42.643016],[-70.685416,42.642905],[-70.685223,42.642768],[-70.685083,42.642716],[-70.684867,42.64267],[-70.684402,42.642636],[-70.684348,42.642637],[-70.684155,42.642676],[-70.683736,42.642822],[-70.683488,42.642956],[-70.683233,42.64318],[-70.683163,42.643204],[-70.682845,42.643443],[-70.68259,42.643784],[-70.682567,42.643834],[-70.682334,42.644162],[-70.682218,42.644294],[-70.682001,42.644603],[-70.681901,42.644839],[-70.681792,42.645025],[-70.681746,42.645143],[-70.681715,42.645301],[-70.68173,42.645481],[-70.681741,42.645498],[-70.681769,42.645543],[-70.681815,42.645583],[-70.682055,42.645634],[-70.682613,42.645684],[-70.68276,42.64574],[-70.682946,42.645805],[-70.683751,42.645892]]]]}}]}
