{"type":"FeatureCollection","name":"South Kingstown voting precincts (2022)","source":"RIGIS, Voting Precincts (2022), https://services2.arcgis.com/S8zZg9pg23JUEexQ/ArcGIS/rest/services/BND_Voting_Precincts_2022/FeatureServer/0","features":[{"type":"Feature","properties":{"ward":"3201","precinct":"3201","district":"3201","population_2020":1172},"geometry":{"type":"MultiPolygon","coordinates":[[[[-71.447014,41.488508],[-71.447058,41.488453],[-71.44672,41.489289],[-71.446658,41.489085],[-71.446725,41.488947],[-71.446719,41.48882],[-71.446733,41.488756],[-71.446762,41.488689],[-71.446797,41.488637],[-71.446865,41.48859],[-71.447014,41.488508]]],[[[-71.45251,41.500331],[-71.451558,41.498242],[-71.451578,41.497861],[-71.450897,41.497311],[-71.449808,41.497043],[-71.450164,41.496509],[-71.449657,41.495934],[-71.450114,41.494309],[-71.45013,41.492295],[-71.449261,41.492005],[-71.449334,41.491078],[-71.44823,41.490546],[-71.447423,41.490455],[-71.44694,41.489796],[-71.44697,41.489307],[-71.447687,41.487951],[-71.447603,41.487643],[-71.448432,41.486712],[-71.448287,41.486089],[-71.447568,41.485849],[-71.447669,41.484663],[-71.448073,41.48439],[-71.448421,41.483131],[-71.447704,41.482687],[-71.447855,41.48113],[-71.448581,41.480554],[-71.448289,41.480015],[-71.448624,41.47975],[-71.44869,41.47839],[-71.448482,41.477434],[-71.448745,41.47599],[-71.449087,41.475157],[-71.449162,41.474078],[-71.45032,41.472812],[-71.450413,41.471326],[-71.449688,41.470942],[-71.449153,41.469646],[-71.44913,41.46861],[-71.44977,41.468069],[-71.450312,41.466869],[-71.450688,41.465511],[-71.451559,41.465],[-71.452052,41.463704],[-71.452844,41.463045],[-71.452807,41.462263],[-71.453212,41.46192],[-71.453132,41.461063],[-71.452543,41.460427],[-71.452782,41.45983],[-71.452367,41.459522],[-71.452606,41.458819],[-71.451118,41.457893],[-71.451878,41.458055],[-71.452428,41.457604],[-71.452773,41.456292],[-71.453112,41.455724],[-71.452756,41.454286],[-71.452226,41.454092],[-71.453098,41.452915],[-71.454934,41.452698],[-71.455389,41.452177],[-71.455156,41.451601],[-71.455808,41.451466],[-71.45573,41.450892],[-71.456635,41.450787],[-71.457135,41.451575],[-71.457747,41.451558],[-71.457216,41.451106],[-71.458413,41.449564],[-71.459635,41.44946],[-71.460062,41.448807],[-71.460568,41.448862],[-71.461383,41.447734],[-71.461239,41.446805],[-71.463601,41.444952],[-71.463716,41.444402],[-71.46546,41.44322],[-71.46627,41.442935],[-71.466743,41.44227],[-71.466743,41.44227],[-71.467412,41.442179],[-71.467412,41.442179],[-71.467412,41.442179],[-71.467412,41.442179],[-71.46749,41.442153],[-71.467557,41.442113],[-71.468382,41.441734],[-71.468422,41.441741],[-71.468496,41.441741],[-71.468571,41.441647],[-71.468954,41.441471],[-71.469029,41.441446],[-71.469115,41.4414],[-71.469286,41.441319],[-71.469288,41.441319],[-71.469479,41.441302],[-71.469498,41.441303],[-71.469506,41.4413],[-71.471875,41.441094],[-71.473113,41.439736],[-71.474519,41.439053],[-71.474836,41.438899],[-71.475076,41.438885],[-71.475692,41.438653],[-71.476336,41.438371],[-71.477511,41.437854],[-71.47831,41.437528],[-71.482041,41.436005],[-71.482339,41.435883],[-71.482629,41.435765],[-71.482812,41.435688],[-71.483258,41.4355],[-71.483327,41.435429],[-71.483399,41.435516],[-71.483514,41.435643],[-71.483601,41.43571],[-71.48377,41.43584],[-71.484125,41.436139],[-71.484315,41.436283],[-71.484826,41.436684],[-71.484979,41.436814],[-71.485261,41.437065],[-71.485559,41.437352],[-71.485803,41.437615],[-71.485895,41.437725],[-71.486001,41.437851],[-71.486466,41.438469],[-71.486548,41.438602],[-71.486568,41.438634],[-71.48668,41.438816],[-71.48726,41.439721],[-71.487278,41.439747],[-71.48732,41.439811],[-71.487445,41.439995],[-71.487824,41.440556],[-71.488053,41.440903],[-71.488458,41.441521],[-71.487779,41.441609],[-71.487283,41.44167],[-71.4861,41.441815],[-71.48478,41.441967],[-71.483399,41.442131],[-71.482087,41.442295],[-71.480996,41.442421],[-71.480714,41.442456],[-71.48034,41.442486],[-71.480294,41.442494],[-71.480203,41.442494],[-71.480096,41.442486],[-71.480027,41.442475],[-71.479898,41.442444],[-71.479753,41.442395],[-71.479661,41.442356],[-71.479585,41.442322],[-71.479569,41.442318],[-71.479447,41.442265],[-71.479295,41.442475],[-71.479028,41.442818],[-71.478581,41.443344],[-71.478204,41.443768],[-71.477998,41.443978],[-71.477685,41.444294],[-71.477441,41.444523],[-71.477357,41.444607],[-71.476842,41.4451],[-71.476476,41.445452],[-71.475594,41.446298],[-71.475274,41.446606],[-71.474998,41.446876],[-71.474601,41.447264],[-71.473886,41.447964],[-71.473176,41.448635],[-71.472716,41.449088],[-71.472688,41.449116],[-71.472192,41.449612],[-71.471818,41.449986],[-71.471407,41.450364],[-71.471063,41.45068],[-71.470904,41.450839],[-71.470422,41.451321],[-71.469926,41.451867],[-71.469651,41.452286],[-71.46943,41.452706],[-71.469277,41.453114],[-71.469155,41.453659],[-71.46911,41.45409],[-71.469098,41.454268],[-71.469098,41.454495],[-71.469087,41.454772],[-71.469041,41.455075],[-71.468965,41.455349],[-71.46884,41.455702],[-71.468722,41.455979],[-71.468705,41.456015],[-71.46842,41.456677],[-71.467945,41.457747],[-71.46777,41.458152],[-71.467618,41.458495],[-71.467555,41.45862],[-71.467147,41.459398],[-71.467134,41.459423],[-71.466782,41.460052],[-71.46545,41.462646],[-71.465021,41.463516],[-71.464805,41.463915],[-71.464503,41.464365],[-71.46426,41.464777],[-71.464135,41.464988],[-71.46385,41.465621],[-71.463798,41.465738],[-71.463738,41.465882],[-71.463614,41.46622],[-71.463533,41.466432],[-71.463125,41.467388],[-71.463059,41.467557],[-71.463017,41.467648],[-71.462916,41.467891],[-71.462785,41.468148],[-71.462319,41.469048],[-71.462304,41.469075],[-71.462259,41.469152],[-71.462064,41.469496],[-71.461957,41.469685],[-71.461524,41.470451],[-71.461316,41.470908],[-71.461222,41.471205],[-71.461167,41.471425],[-71.461129,41.471715],[-71.461119,41.471875],[-71.461103,41.472149],[-71.461054,41.473044],[-71.461038,41.473385],[-71.461038,41.473442],[-71.461026,41.473569],[-71.460969,41.474198],[-71.460832,41.474911],[-71.460832,41.474938],[-71.460643,41.475832],[-71.460412,41.476929],[-71.460374,41.477105],[-71.45993,41.478764],[-71.459916,41.478817],[-71.459847,41.479069],[-71.459794,41.47929],[-71.45958,41.480076],[-71.459535,41.480225],[-71.459498,41.480359],[-71.459321,41.481011],[-71.459227,41.481357],[-71.459213,41.481409],[-71.459168,41.481575],[-71.459026,41.482143],[-71.458863,41.482804],[-71.45884,41.482922],[-71.458641,41.483825],[-71.458528,41.484341],[-71.458451,41.484688],[-71.458367,41.485108],[-71.458207,41.485821],[-71.458148,41.486073],[-71.457907,41.487184],[-71.457574,41.48853],[-71.45744,41.48906],[-71.457253,41.489887],[-71.456896,41.491276],[-71.456842,41.491509],[-71.45678,41.491745],[-71.456712,41.49202],[-71.456674,41.49223],[-71.456635,41.492431],[-71.456603,41.492631],[-71.456569,41.492902],[-71.456544,41.4931],[-71.45653,41.493377],[-71.456513,41.493729],[-71.456513,41.493996],[-71.456596,41.494744],[-71.456643,41.495007],[-71.456826,41.495839],[-71.457055,41.496563],[-71.457267,41.497049],[-71.457536,41.497666],[-71.457864,41.498444],[-71.458009,41.498799],[-71.458116,41.499077],[-71.457967,41.499066],[-71.453722,41.499765],[-71.453454,41.499882],[-71.45251,41.500331]]]]}},{"type":"Feature","properties":{"ward":"3202","precinct":"3202","district":"3202","population_2020":1215},"geometry":{"type":"MultiPolygon","coordinates":[[[[-71.487705,41.432157],[-71.487705,41.432157],[-71.48759,41.432477],[-71.487595,41.432352],[-71.487633,41.432241],[-71.487705,41.432157]]],[[[-71.497031,41.438755],[-71.496842,41.438747],[-71.496745,41.438749],[-71.496695,41.438746],[-71.49659,41.438747],[-71.496476,41.438758],[-71.496414,41.438768],[-71.496353,41.438774],[-71.496286,41.438783],[-71.495341,41.438887],[-71.495184,41.438901],[-71.49519,41.438941],[-71.495263,41.439385],[-71.495393,41.440129],[-71.4955,41.440792],[-71.495484,41.440796],[-71.494256,41.440922],[-71.493966,41.440956],[-71.492982,41.441052],[-71.491654,41.441193],[-71.491357,41.441224],[-71.490808,41.441277],[-71.489984,41.441361],[-71.489732,41.441388],[-71.488481,41.441521],[-71.488458,41.441521],[-71.488053,41.440903],[-71.487824,41.440556],[-71.487445,41.439995],[-71.48732,41.439811],[-71.487278,41.439747],[-71.48726,41.439721],[-71.48668,41.438816],[-71.486568,41.438634],[-71.486548,41.438602],[-71.486466,41.438469],[-71.486001,41.437851],[-71.485895,41.437725],[-71.485803,41.437615],[-71.485559,41.437352],[-71.485261,41.437065],[-71.484979,41.436814],[-71.484826,41.436684],[-71.484315,41.436283],[-71.484125,41.436139],[-71.48377,41.43584],[-71.483601,41.43571],[-71.483514,41.435643],[-71.483399,41.435516],[-71.483327,41.435429],[-71.483536,41.43537],[-71.483873,41.435174],[-71.483881,41.435092],[-71.483931,41.43498],[-71.483937,41.43487],[-71.483971,41.434748],[-71.48401,41.434639],[-71.484035,41.434521],[-71.484074,41.434394],[-71.484129,41.434283],[-71.484216,41.434177],[-71.484336,41.434109],[-71.484468,41.434043],[-71.484607,41.433989],[-71.485013,41.433791],[-71.485147,41.433733],[-71.485316,41.433709],[-71.485577,41.433715],[-71.485655,41.433749],[-71.485656,41.433749],[-71.485656,41.433749],[-71.485656,41.433749],[-71.485732,41.433637],[-71.48583,41.433551],[-71.485937,41.433468],[-71.486043,41.433361],[-71.486122,41.433252],[-71.486211,41.433196],[-71.486375,41.433171],[-71.486595,41.433179],[-71.486736,41.433192],[-71.486891,41.433228],[-71.487045,41.433271],[-71.48714,41.433293],[-71.487291,41.433315],[-71.487467,41.43328],[-71.487551,41.433181],[-71.487586,41.433051],[-71.487595,41.432813],[-71.487594,41.432699],[-71.487587,41.432588],[-71.48759,41.432477],[-71.487705,41.432157],[-71.487852,41.432155],[-71.488009,41.432163],[-71.488169,41.432161],[-71.48833,41.432133],[-71.488387,41.432115],[-71.489621,41.43204],[-71.489621,41.43204],[-71.488387,41.432115],[-71.488499,41.43208],[-71.488666,41.432043],[-71.488818,41.432042],[-71.488982,41.43203],[-71.489133,41.431999],[-71.489355,41.431882],[-71.489497,41.431887],[-71.489554,41.431919],[-71.489596,41.431994],[-71.489611,41.432021],[-71.489992,41.431722],[-71.491374,41.430253],[-71.491537,41.430077],[-71.491602,41.430008],[-71.491615,41.429988],[-71.491759,41.429773],[-71.491983,41.429745],[-71.49305,41.429611],[-71.493775,41.429516],[-71.493737,41.429573],[-71.493623,41.429726],[-71.493569,41.429795],[-71.493463,41.429947],[-71.493386,41.430046],[-71.493096,41.430439],[-71.49421,41.431027],[-71.495072,41.431446],[-71.495561,41.431687],[-71.496774,41.432312],[-71.497324,41.432591],[-71.49753,41.432696],[-71.497628,41.43274],[-71.497714,41.432813],[-71.5003,41.429782],[-71.500483,41.430026],[-71.500489,41.430038],[-71.50055,41.430137],[-71.500624,41.430242],[-71.500648,41.430272],[-71.500713,41.43035],[-71.500779,41.43042],[-71.501218,41.431004],[-71.501256,41.431194],[-71.501262,41.431257],[-71.501267,41.431406],[-71.501311,41.431655],[-71.501334,41.431924],[-71.501354,41.43208],[-71.501392,41.432236],[-71.501443,41.432392],[-71.50148,41.432505],[-71.501551,41.432762],[-71.501595,41.432885],[-71.501651,41.432993],[-71.501734,41.433122],[-71.501828,41.433227],[-71.50193,41.433325],[-71.502023,41.433427],[-71.502079,41.433517],[-71.502085,41.43357],[-71.502336,41.433818],[-71.502567,41.435],[-71.502566,41.435117],[-71.502431,41.435323],[-71.502338,41.435406],[-71.502208,41.435464],[-71.502004,41.435461],[-71.501728,41.435457],[-71.501572,41.435458],[-71.50147,41.435497],[-71.501416,41.43559],[-71.501392,41.43571],[-71.501389,41.435832],[-71.501394,41.435969],[-71.501409,41.436079],[-71.501436,41.436437],[-71.501433,41.436694],[-71.501404,41.437017],[-71.501756,41.43681],[-71.501855,41.436928],[-71.501916,41.437046],[-71.501967,41.437213],[-71.501977,41.437245],[-71.502107,41.438156],[-71.502252,41.438866],[-71.50232,41.439267],[-71.502336,41.439446],[-71.502328,41.439488],[-71.502325,41.439772],[-71.50232,41.44019],[-71.502297,41.440922],[-71.50229,41.441601],[-71.500699,41.441664],[-71.500424,41.441675],[-71.500443,41.441429],[-71.500453,41.441175],[-71.500449,41.441106],[-71.500428,41.441009],[-71.500377,41.440867],[-71.500286,41.44066],[-71.500245,41.440584],[-71.500166,41.440451],[-71.500117,41.440389],[-71.500057,41.440327],[-71.499692,41.440007],[-71.499511,41.439866],[-71.499419,41.439776],[-71.499046,41.439465],[-71.498675,41.439206],[-71.498519,41.439147],[-71.49821,41.439032],[-71.49805,41.438976],[-71.497873,41.43892],[-71.497609,41.438857],[-71.497521,41.438841],[-71.497338,41.438799],[-71.497174,41.43877],[-71.497031,41.438755]]]]}},{"type":"Feature","properties":{"ward":"3203","precinct":"3203","district":"3203","population_2020":2635},"geometry":{"type":"Polygon","coordinates":[[[-71.488458,41.441521],[-71.488656,41.441959],[-71.488687,41.442028],[-71.488816,41.442322],[-71.488946,41.442608],[-71.489327,41.443344],[-71.489595,41.443882],[-71.489663,41.44405],[-71.489739,41.444359],[-71.489762,41.444523],[-71.489808,41.444771],[-71.489859,41.445049],[-71.490083,41.446415],[-71.490327,41.447812],[-71.490335,41.447827],[-71.490396,41.448094],[-71.490464,41.448315],[-71.490502,41.448439],[-71.490536,41.448513],[-71.490564,41.448563],[-71.490655,41.448679],[-71.490734,41.448764],[-71.490818,41.448848],[-71.490945,41.44895],[-71.491162,41.44909],[-71.491632,41.449341],[-71.49253,41.449888],[-71.492639,41.449955],[-71.492707,41.450001],[-71.492913,41.450123],[-71.493081,41.450196],[-71.493226,41.450257],[-71.493478,41.450337],[-71.493765,41.450393],[-71.493783,41.450398],[-71.494172,41.450463],[-71.494546,41.450501],[-71.494874,41.450528],[-71.495116,41.450499],[-71.495155,41.450497],[-71.495675,41.450508],[-71.495668,41.450657],[-71.495645,41.450898],[-71.495645,41.451011],[-71.495645,41.451073],[-71.49566,41.451123],[-71.495675,41.451146],[-71.49569,41.451176],[-71.495759,41.451226],[-71.495791,41.451239],[-71.496095,41.451355],[-71.496232,41.451413],[-71.496362,41.451474],[-71.496476,41.45155],[-71.496532,41.451596],[-71.496583,41.451636],[-71.496621,41.451687],[-71.496652,41.451741],[-71.496664,41.451771],[-71.496705,41.451859],[-71.496742,41.451971],[-71.496725,41.452128],[-71.496716,41.45217],[-71.496678,41.452304],[-71.496614,41.452607],[-71.496583,41.452717],[-71.496568,41.45282],[-71.49656,41.452832],[-71.49653,41.453015],[-71.49653,41.453049],[-71.496514,41.453137],[-71.496514,41.453186],[-71.496507,41.453236],[-71.496507,41.453408],[-71.496499,41.453446],[-71.496499,41.453671],[-71.496541,41.454407],[-71.496553,41.454617],[-71.49656,41.455128],[-71.496568,41.455346],[-71.49656,41.456013],[-71.496553,41.456166],[-71.496553,41.456295],[-71.496537,41.456509],[-71.496514,41.456612],[-71.496499,41.456719],[-71.496476,41.456826],[-71.496392,41.457074],[-71.496079,41.457955],[-71.495645,41.458947],[-71.495454,41.459412],[-71.495416,41.459523],[-71.495393,41.459622],[-71.495378,41.459732],[-71.495332,41.460499],[-71.495324,41.460793],[-71.495301,41.461228],[-71.495286,41.461644],[-71.495278,41.461678],[-71.495275,41.461731],[-71.495263,41.462055],[-71.495237,41.462761],[-71.495225,41.463093],[-71.495217,41.463528],[-71.495194,41.463841],[-71.495172,41.464039],[-71.495156,41.464314],[-71.495034,41.464329],[-71.494554,41.464409],[-71.493653,41.46455],[-71.493424,41.464585],[-71.492471,41.464711],[-71.492112,41.464749],[-71.491738,41.464779],[-71.491204,41.464768],[-71.490922,41.464733],[-71.490776,41.46472],[-71.490541,41.464699],[-71.490342,41.464646],[-71.490121,41.46455],[-71.489862,41.464367],[-71.489579,41.464142],[-71.489091,41.463772],[-71.488969,41.4637],[-71.488801,41.463627],[-71.488641,41.463593],[-71.488442,41.463589],[-71.48803,41.463612],[-71.487313,41.463665],[-71.486955,41.4637],[-71.486778,41.463713],[-71.486716,41.463822],[-71.486539,41.464017],[-71.486374,41.464178],[-71.486147,41.464382],[-71.485986,41.46452],[-71.48507,41.465344],[-71.484948,41.465481],[-71.484872,41.465611],[-71.484834,41.465714],[-71.484773,41.466079],[-71.484468,41.467827],[-71.484251,41.468981],[-71.484246,41.46901],[-71.484094,41.469929],[-71.484017,41.470337],[-71.483781,41.471688],[-71.483705,41.472088],[-71.483384,41.474018],[-71.483209,41.474968],[-71.483193,41.475018],[-71.482949,41.476422],[-71.482659,41.478016],[-71.482575,41.478768],[-71.482545,41.479154],[-71.482507,41.479641],[-71.482385,41.480938],[-71.482339,41.481552],[-71.482286,41.48217],[-71.482186,41.483216],[-71.482186,41.483311],[-71.482179,41.483406],[-71.482179,41.483776],[-71.482186,41.483914],[-71.482232,41.484162],[-71.482301,41.484455],[-71.482354,41.484627],[-71.4824,41.484803],[-71.482699,41.485791],[-71.482804,41.486142],[-71.483094,41.487038],[-71.483148,41.487172],[-71.483193,41.487309],[-71.483262,41.487435],[-71.483338,41.48753],[-71.48343,41.487622],[-71.483529,41.487702],[-71.483659,41.487786],[-71.483941,41.487923],[-71.484223,41.488045],[-71.484551,41.488179],[-71.484835,41.48829],[-71.48533,41.488476],[-71.48581,41.488678],[-71.485856,41.488709],[-71.485887,41.488724],[-71.486085,41.488861],[-71.486589,41.489273],[-71.486939,41.489552],[-71.487672,41.490181],[-71.48808,41.490581],[-71.487826,41.490682],[-71.487977,41.490826],[-71.488053,41.490899],[-71.48829,41.491051],[-71.488778,41.491314],[-71.489175,41.491547],[-71.489457,41.491688],[-71.4899,41.491848],[-71.490068,41.491928],[-71.490167,41.492016],[-71.490251,41.492104],[-71.490319,41.492203],[-71.490388,41.492333],[-71.490472,41.492508],[-71.490632,41.492882],[-71.490708,41.493115],[-71.490754,41.493302],[-71.490777,41.493546],[-71.490762,41.493725],[-71.490747,41.49379],[-71.490716,41.493908],[-71.490579,41.494225],[-71.490474,41.494484],[-71.490388,41.494713],[-71.490365,41.494858],[-71.490373,41.495015],[-71.490411,41.495125],[-71.490525,41.495358],[-71.490686,41.495629],[-71.491189,41.496663],[-71.491334,41.496922],[-71.491386,41.497],[-71.491528,41.497134],[-71.491569,41.497163],[-71.491713,41.497199],[-71.491865,41.497227],[-71.489151,41.497343],[-71.488625,41.497373],[-71.487181,41.497413],[-71.482974,41.4976],[-71.478729,41.497885],[-71.478688,41.497893],[-71.476002,41.498003],[-71.47374,41.498126],[-71.470947,41.498361],[-71.469566,41.49838],[-71.466377,41.498572],[-71.458116,41.499077],[-71.458009,41.498799],[-71.457864,41.498444],[-71.457536,41.497666],[-71.457267,41.497049],[-71.457055,41.496563],[-71.456826,41.495839],[-71.456643,41.495007],[-71.456596,41.494744],[-71.456513,41.493996],[-71.456513,41.493729],[-71.45653,41.493377],[-71.456544,41.4931],[-71.456569,41.492902],[-71.456603,41.492631],[-71.456635,41.492431],[-71.456674,41.49223],[-71.456712,41.49202],[-71.45678,41.491745],[-71.456842,41.491509],[-71.456896,41.491276],[-71.457253,41.489887],[-71.45744,41.48906],[-71.457574,41.48853],[-71.457907,41.487184],[-71.458148,41.486073],[-71.458207,41.485821],[-71.458367,41.485108],[-71.458451,41.484688],[-71.458528,41.484341],[-71.458641,41.483825],[-71.45884,41.482922],[-71.458863,41.482804],[-71.459026,41.482143],[-71.459168,41.481575],[-71.459213,41.481409],[-71.459227,41.481357],[-71.459321,41.481011],[-71.459498,41.480359],[-71.459535,41.480225],[-71.45958,41.480076],[-71.459794,41.47929],[-71.459847,41.479069],[-71.459916,41.478817],[-71.45993,41.478764],[-71.460374,41.477105],[-71.460412,41.476929],[-71.460643,41.475832],[-71.460832,41.474938],[-71.460832,41.474911],[-71.460969,41.474198],[-71.461026,41.473569],[-71.461038,41.473442],[-71.461038,41.473385],[-71.461054,41.473044],[-71.461103,41.472149],[-71.461119,41.471875],[-71.461129,41.471715],[-71.461167,41.471425],[-71.461222,41.471205],[-71.461316,41.470908],[-71.461524,41.470451],[-71.461957,41.469685],[-71.462064,41.469496],[-71.462259,41.469152],[-71.462304,41.469075],[-71.462319,41.469048],[-71.462785,41.468148],[-71.462916,41.467891],[-71.463017,41.467648],[-71.463059,41.467557],[-71.463125,41.467388],[-71.463533,41.466432],[-71.463614,41.46622],[-71.463738,41.465882],[-71.463798,41.465738],[-71.46385,41.465621],[-71.464135,41.464988],[-71.46426,41.464777],[-71.464503,41.464365],[-71.464805,41.463915],[-71.465021,41.463516],[-71.46545,41.462646],[-71.466782,41.460052],[-71.467134,41.459423],[-71.467147,41.459398],[-71.467555,41.45862],[-71.467618,41.458495],[-71.46777,41.458152],[-71.467945,41.457747],[-71.46842,41.456677],[-71.468705,41.456015],[-71.468722,41.455979],[-71.46884,41.455702],[-71.468965,41.455349],[-71.469041,41.455075],[-71.469087,41.454772],[-71.469098,41.454495],[-71.469098,41.454268],[-71.46911,41.45409],[-71.469155,41.453659],[-71.469277,41.453114],[-71.46943,41.452706],[-71.469651,41.452286],[-71.469926,41.451867],[-71.470422,41.451321],[-71.470904,41.450839],[-71.471063,41.45068],[-71.471407,41.450364],[-71.471818,41.449986],[-71.472192,41.449612],[-71.472688,41.449116],[-71.472716,41.449088],[-71.473176,41.448635],[-71.473886,41.447964],[-71.474601,41.447264],[-71.474998,41.446876],[-71.475274,41.446606],[-71.475594,41.446298],[-71.476476,41.445452],[-71.476842,41.4451],[-71.477357,41.444607],[-71.477441,41.444523],[-71.477685,41.444294],[-71.477998,41.443978],[-71.478204,41.443768],[-71.478581,41.443344],[-71.479028,41.442818],[-71.479295,41.442475],[-71.479447,41.442265],[-71.479569,41.442318],[-71.479585,41.442322],[-71.479661,41.442356],[-71.479753,41.442395],[-71.479898,41.442444],[-71.480027,41.442475],[-71.480096,41.442486],[-71.480203,41.442494],[-71.480294,41.442494],[-71.48034,41.442486],[-71.480714,41.442456],[-71.480996,41.442421],[-71.482087,41.442295],[-71.483399,41.442131],[-71.48478,41.441967],[-71.4861,41.441815],[-71.487283,41.44167],[-71.487779,41.441609],[-71.488458,41.441521]],[[-71.484318,41.497421],[-71.469758,41.49832],[-71.484318,41.497421],[-71.490657,41.49712],[-71.484318,41.497421]]]}},{"type":"Feature","properties":{"ward":"3204","precinct":"3204","district":"3204","population_2020":3296},"geometry":{"type":"Polygon","coordinates":[[[-71.507887,41.500068],[-71.507323,41.499969],[-71.506811,41.499885],[-71.506399,41.499805],[-71.506048,41.499755],[-71.505728,41.499736],[-71.505356,41.499728],[-71.504957,41.499725],[-71.50437,41.499729],[-71.503836,41.499725],[-71.503439,41.499709],[-71.503226,41.499675],[-71.503001,41.499601],[-71.503225,41.499658],[-71.506054,41.499739],[-71.507879,41.500051],[-71.510236,41.500446],[-71.506054,41.499739],[-71.503225,41.499658],[-71.503,41.499601],[-71.502928,41.499576],[-71.502699,41.499488],[-71.502386,41.4994],[-71.502089,41.499328],[-71.501562,41.499229],[-71.501489,41.499214],[-71.501489,41.499214],[-71.500998,41.499111],[-71.500296,41.498931],[-71.499708,41.498767],[-71.499667,41.498757],[-71.499235,41.498653],[-71.499121,41.498622],[-71.498266,41.498412],[-71.497305,41.498164],[-71.496947,41.498088],[-71.496069,41.497924],[-71.495398,41.497814],[-71.493895,41.497581],[-71.492316,41.49731],[-71.491865,41.497227],[-71.491713,41.497199],[-71.491569,41.497163],[-71.491528,41.497134],[-71.491386,41.497],[-71.491334,41.496922],[-71.491189,41.496663],[-71.490686,41.495629],[-71.490525,41.495358],[-71.490411,41.495125],[-71.490373,41.495015],[-71.490365,41.494858],[-71.490388,41.494713],[-71.490474,41.494484],[-71.490579,41.494225],[-71.490716,41.493908],[-71.490747,41.49379],[-71.490762,41.493725],[-71.490777,41.493546],[-71.490754,41.493302],[-71.490708,41.493115],[-71.490632,41.492882],[-71.490472,41.492508],[-71.490388,41.492333],[-71.490319,41.492203],[-71.490251,41.492104],[-71.490167,41.492016],[-71.490068,41.491928],[-71.4899,41.491848],[-71.489457,41.491688],[-71.489175,41.491547],[-71.488778,41.491314],[-71.48829,41.491051],[-71.488053,41.490899],[-71.487977,41.490826],[-71.487826,41.490682],[-71.48808,41.490581],[-71.487672,41.490181],[-71.486939,41.489552],[-71.486589,41.489273],[-71.486085,41.488861],[-71.485887,41.488724],[-71.485856,41.488709],[-71.48581,41.488678],[-71.48533,41.488476],[-71.484835,41.48829],[-71.484551,41.488179],[-71.484223,41.488045],[-71.483941,41.487923],[-71.483659,41.487786],[-71.483529,41.487702],[-71.48343,41.487622],[-71.483338,41.48753],[-71.483262,41.487435],[-71.483193,41.487309],[-71.483148,41.487172],[-71.483094,41.487038],[-71.482804,41.486142],[-71.482699,41.485791],[-71.4824,41.484803],[-71.482354,41.484627],[-71.482301,41.484455],[-71.482232,41.484162],[-71.482186,41.483914],[-71.482179,41.483776],[-71.482179,41.483406],[-71.482186,41.483311],[-71.482186,41.483216],[-71.482286,41.48217],[-71.482339,41.481552],[-71.482385,41.480938],[-71.482507,41.479641],[-71.482545,41.479154],[-71.482575,41.478768],[-71.482659,41.478016],[-71.482949,41.476422],[-71.483193,41.475018],[-71.483209,41.474968],[-71.483384,41.474018],[-71.483705,41.472088],[-71.483781,41.471688],[-71.484017,41.470337],[-71.484094,41.469929],[-71.484246,41.46901],[-71.484251,41.468981],[-71.484468,41.467827],[-71.484773,41.466079],[-71.484834,41.465714],[-71.484872,41.465611],[-71.484948,41.465481],[-71.48507,41.465344],[-71.485986,41.46452],[-71.486147,41.464382],[-71.486374,41.464178],[-71.486539,41.464017],[-71.486716,41.463822],[-71.486778,41.463713],[-71.486955,41.4637],[-71.487313,41.463665],[-71.48803,41.463612],[-71.488442,41.463589],[-71.488641,41.463593],[-71.488801,41.463627],[-71.488969,41.4637],[-71.489091,41.463772],[-71.489579,41.464142],[-71.489862,41.464367],[-71.490121,41.46455],[-71.490342,41.464646],[-71.490541,41.464699],[-71.490776,41.46472],[-71.490922,41.464733],[-71.491204,41.464768],[-71.491738,41.464779],[-71.492112,41.464749],[-71.492471,41.464711],[-71.493424,41.464585],[-71.493653,41.46455],[-71.494554,41.464409],[-71.495034,41.464329],[-71.495156,41.464314],[-71.495584,41.46426],[-71.497392,41.464001],[-71.498216,41.463906],[-71.499169,41.463776],[-71.49926,41.463764],[-71.499909,41.463681],[-71.50068,41.463581],[-71.500817,41.463566],[-71.502015,41.463406],[-71.502618,41.463322],[-71.502953,41.463277],[-71.503943,41.463146],[-71.504571,41.463063],[-71.505227,41.462971],[-71.505837,41.462895],[-71.506295,41.462822],[-71.506668,41.462775],[-71.507325,41.462693],[-71.508058,41.462597],[-71.508454,41.462529],[-71.508733,41.462461],[-71.508988,41.462399],[-71.509423,41.462265],[-71.510308,41.462002],[-71.510484,41.461945],[-71.511674,41.461586],[-71.512322,41.46138],[-71.51294,41.461174],[-71.513886,41.460865],[-71.514947,41.460507],[-71.515021,41.460488],[-71.515588,41.460347],[-71.515679,41.46032],[-71.516015,41.460232],[-71.516503,41.460133],[-71.516778,41.460087],[-71.517144,41.460034],[-71.517434,41.459969],[-71.517762,41.459904],[-71.517968,41.459847],[-71.518083,41.459809],[-71.518319,41.459717],[-71.51848,41.459618],[-71.518983,41.459309],[-71.519548,41.458954],[-71.520024,41.458656],[-71.520142,41.458677],[-71.520279,41.458692],[-71.521284,41.458895],[-71.522541,41.459133],[-71.52404,41.459503],[-71.525161,41.459778],[-71.526157,41.460017],[-71.526347,41.460063],[-71.527154,41.460167],[-71.527297,41.460166],[-71.527238,41.460247],[-71.527078,41.460427],[-71.526948,41.460602],[-71.526879,41.460724],[-71.526866,41.46076],[-71.526849,41.460812],[-71.526834,41.460923],[-71.52678,41.461121],[-71.526727,41.461377],[-71.526712,41.46148],[-71.526696,41.461579],[-71.52665,41.46209],[-71.52665,41.462292],[-71.52665,41.462361],[-71.526643,41.46241],[-71.526628,41.462613],[-71.526612,41.463185],[-71.526582,41.463581],[-71.526559,41.463982],[-71.526521,41.46452],[-71.526513,41.464791],[-71.526506,41.464833],[-71.526475,41.465527],[-71.526475,41.465584],[-71.52646,41.465725],[-71.526457,41.465765],[-71.526444,41.466015],[-71.526399,41.466507],[-71.52638,41.466807],[-71.526322,41.467736],[-71.526298,41.467993],[-71.526293,41.468048],[-71.526275,41.468262],[-71.526245,41.468592],[-71.526231,41.468758],[-71.526193,41.469258],[-71.526155,41.469654],[-71.526132,41.469796],[-71.526038,41.470137],[-71.525892,41.470624],[-71.525802,41.470959],[-71.525742,41.471184],[-71.525676,41.471386],[-71.525392,41.472267],[-71.525338,41.472435],[-71.525094,41.47308],[-71.524934,41.473545],[-71.524797,41.474053],[-71.524751,41.474198],[-71.524568,41.474865],[-71.524491,41.475163],[-71.524423,41.47543],[-71.524278,41.476082],[-71.524171,41.476441],[-71.523881,41.477364],[-71.523797,41.477658],[-71.523461,41.478848],[-71.523271,41.479401],[-71.523126,41.479782],[-71.523065,41.479981],[-71.522599,41.479947],[-71.522439,41.480339],[-71.52232,41.480675],[-71.522286,41.48077],[-71.522122,41.481271],[-71.521989,41.481678],[-71.521783,41.482258],[-71.521648,41.482691],[-71.52163,41.48275],[-71.521615,41.482815],[-71.521401,41.483422],[-71.521306,41.483676],[-71.521287,41.483727],[-71.521203,41.483967],[-71.521119,41.484234],[-71.52105,41.484452],[-71.521005,41.48457],[-71.520623,41.485672],[-71.520567,41.485773],[-71.520471,41.486111],[-71.520394,41.486313],[-71.520242,41.48671],[-71.520219,41.486756],[-71.520072,41.487154],[-71.519906,41.487603],[-71.519662,41.488305],[-71.519425,41.488961],[-71.519245,41.48944],[-71.518945,41.490239],[-71.518708,41.490887],[-71.518357,41.491875],[-71.518336,41.491941],[-71.518243,41.492237],[-71.517602,41.494107],[-71.516961,41.495804],[-71.516061,41.498257],[-71.516031,41.498336],[-71.515753,41.499086],[-71.515597,41.499507],[-71.515237,41.500481],[-71.51521,41.500553],[-71.515008,41.50111],[-71.514897,41.501349],[-71.514336,41.501235],[-71.513496,41.501071],[-71.512802,41.500949],[-71.512329,41.500857],[-71.512131,41.50082],[-71.510115,41.500452],[-71.507887,41.500068]]]}},{"type":"Feature","properties":{"ward":"3205","precinct":"3205","district":"3205","population_2020":2916},"geometry":{"type":"Polygon","coordinates":[[[-71.488458,41.441521],[-71.488481,41.441521],[-71.489732,41.441388],[-71.489984,41.441361],[-71.490808,41.441277],[-71.491357,41.441224],[-71.491654,41.441193],[-71.492982,41.441052],[-71.493966,41.440956],[-71.494256,41.440922],[-71.495484,41.440796],[-71.4955,41.440792],[-71.495393,41.440129],[-71.495263,41.439385],[-71.49519,41.438941],[-71.495184,41.438901],[-71.495341,41.438887],[-71.496286,41.438783],[-71.496353,41.438774],[-71.496414,41.438768],[-71.496476,41.438758],[-71.49659,41.438747],[-71.496695,41.438746],[-71.496745,41.438749],[-71.496842,41.438747],[-71.497031,41.438755],[-71.497174,41.43877],[-71.497338,41.438799],[-71.497521,41.438841],[-71.497609,41.438857],[-71.497873,41.43892],[-71.49805,41.438976],[-71.49821,41.439032],[-71.498519,41.439147],[-71.498675,41.439206],[-71.499046,41.439465],[-71.499419,41.439776],[-71.499511,41.439866],[-71.499692,41.440007],[-71.500057,41.440327],[-71.500117,41.440389],[-71.500166,41.440451],[-71.500245,41.440584],[-71.500286,41.44066],[-71.500377,41.440867],[-71.500428,41.441009],[-71.500449,41.441106],[-71.500453,41.441175],[-71.500443,41.441429],[-71.500424,41.441675],[-71.50039,41.44181],[-71.50035,41.44189],[-71.499464,41.443665],[-71.499277,41.443991],[-71.498916,41.444641],[-71.498535,41.445378],[-71.499866,41.445255],[-71.501199,41.445088],[-71.501397,41.44505],[-71.501695,41.445023],[-71.5029,41.444893],[-71.502908,41.445042],[-71.503236,41.445065],[-71.503655,41.445076],[-71.503976,41.445126],[-71.504609,41.445248],[-71.505281,41.445397],[-71.505776,41.445507],[-71.507134,41.445771],[-71.506913,41.446823],[-71.506903,41.446885],[-71.50689,41.446965],[-71.50686,41.447293],[-71.50686,41.44738],[-71.506852,41.447491],[-71.506867,41.44777],[-71.506883,41.447956],[-71.506875,41.448151],[-71.506867,41.448601],[-71.506854,41.449],[-71.506845,41.449322],[-71.506837,41.449398],[-71.506776,41.449986],[-71.506715,41.450241],[-71.506677,41.450425],[-71.506555,41.45089],[-71.506494,41.451031],[-71.506265,41.451493],[-71.506257,41.451516],[-71.505982,41.452092],[-71.505822,41.452435],[-71.505715,41.452661],[-71.505659,41.45278],[-71.506376,41.452828],[-71.507156,41.452757],[-71.507885,41.452658],[-71.508716,41.452647],[-71.509065,41.452692],[-71.509477,41.452755],[-71.509622,41.452783],[-71.509765,41.452834],[-71.50988,41.452872],[-71.509974,41.452897],[-71.510159,41.452956],[-71.510169,41.452856],[-71.510218,41.452419],[-71.511013,41.452108],[-71.511621,41.45217],[-71.511901,41.451962],[-71.511733,41.451908],[-71.51167,41.451839],[-71.51152,41.451657],[-71.511472,41.451486],[-71.511443,41.451382],[-71.511535,41.451084],[-71.511703,41.450894],[-71.511827,41.450781],[-71.511947,41.450672],[-71.512237,41.450375],[-71.512466,41.4501],[-71.512542,41.44978],[-71.512694,41.449673],[-71.512908,41.449704],[-71.513061,41.449604],[-71.513106,41.449429],[-71.51317,41.449239],[-71.513259,41.449192],[-71.513349,41.449208],[-71.513829,41.448954],[-71.514235,41.448964],[-71.514512,41.449012],[-71.514629,41.449135],[-71.514777,41.449235],[-71.515045,41.449397],[-71.515199,41.4496],[-71.515196,41.449756],[-71.515449,41.449935],[-71.515548,41.449922],[-71.515698,41.449915],[-71.515939,41.449994],[-71.516143,41.45195],[-71.516816,41.452584],[-71.516941,41.452834],[-71.517006,41.455051],[-71.518209,41.454947],[-71.51842,41.455478],[-71.520207,41.455063],[-71.521987,41.45753],[-71.52134,41.457886],[-71.520656,41.458281],[-71.520272,41.458504],[-71.520117,41.458599],[-71.520024,41.458656],[-71.519548,41.458954],[-71.518983,41.459309],[-71.51848,41.459618],[-71.518319,41.459717],[-71.518083,41.459809],[-71.517968,41.459847],[-71.517762,41.459904],[-71.517434,41.459969],[-71.517144,41.460034],[-71.516778,41.460087],[-71.516503,41.460133],[-71.516015,41.460232],[-71.515679,41.46032],[-71.515588,41.460347],[-71.515021,41.460488],[-71.514947,41.460507],[-71.513886,41.460865],[-71.51294,41.461174],[-71.512322,41.46138],[-71.511674,41.461586],[-71.510484,41.461945],[-71.510308,41.462002],[-71.509423,41.462265],[-71.508988,41.462399],[-71.508733,41.462461],[-71.508454,41.462529],[-71.508058,41.462597],[-71.507325,41.462693],[-71.506668,41.462775],[-71.506295,41.462822],[-71.505837,41.462895],[-71.505227,41.462971],[-71.504571,41.463063],[-71.503943,41.463146],[-71.502953,41.463277],[-71.502618,41.463322],[-71.502015,41.463406],[-71.500817,41.463566],[-71.50068,41.463581],[-71.499909,41.463681],[-71.49926,41.463764],[-71.499169,41.463776],[-71.498216,41.463906],[-71.497392,41.464001],[-71.495584,41.46426],[-71.495156,41.464314],[-71.495172,41.464039],[-71.495194,41.463841],[-71.495217,41.463528],[-71.495225,41.463093],[-71.495237,41.462761],[-71.495263,41.462055],[-71.495275,41.461731],[-71.495278,41.461678],[-71.495286,41.461644],[-71.495301,41.461228],[-71.495324,41.460793],[-71.495332,41.460499],[-71.495378,41.459732],[-71.495393,41.459622],[-71.495416,41.459523],[-71.495454,41.459412],[-71.495645,41.458947],[-71.496079,41.457955],[-71.496392,41.457074],[-71.496476,41.456826],[-71.496499,41.456719],[-71.496514,41.456612],[-71.496537,41.456509],[-71.496553,41.456295],[-71.496553,41.456166],[-71.49656,41.456013],[-71.496568,41.455346],[-71.49656,41.455128],[-71.496553,41.454617],[-71.496541,41.454407],[-71.496499,41.453671],[-71.496499,41.453446],[-71.496507,41.453408],[-71.496507,41.453236],[-71.496514,41.453186],[-71.496514,41.453137],[-71.49653,41.453049],[-71.49653,41.453015],[-71.49656,41.452832],[-71.496568,41.45282],[-71.496583,41.452717],[-71.496614,41.452607],[-71.496678,41.452304],[-71.496716,41.45217],[-71.496725,41.452128],[-71.496742,41.451971],[-71.496705,41.451859],[-71.496664,41.451771],[-71.496652,41.451741],[-71.496621,41.451687],[-71.496583,41.451636],[-71.496532,41.451596],[-71.496476,41.45155],[-71.496362,41.451474],[-71.496232,41.451413],[-71.496095,41.451355],[-71.495791,41.451239],[-71.495759,41.451226],[-71.49569,41.451176],[-71.495675,41.451146],[-71.49566,41.451123],[-71.495645,41.451073],[-71.495645,41.451011],[-71.495645,41.450898],[-71.495668,41.450657],[-71.495675,41.450508],[-71.495155,41.450497],[-71.495116,41.450499],[-71.494874,41.450528],[-71.494546,41.450501],[-71.494172,41.450463],[-71.493783,41.450398],[-71.493765,41.450393],[-71.493478,41.450337],[-71.493226,41.450257],[-71.493081,41.450196],[-71.492913,41.450123],[-71.492707,41.450001],[-71.492639,41.449955],[-71.49253,41.449888],[-71.491632,41.449341],[-71.491162,41.44909],[-71.490945,41.44895],[-71.490818,41.448848],[-71.490734,41.448764],[-71.490655,41.448679],[-71.490564,41.448563],[-71.490536,41.448513],[-71.490502,41.448439],[-71.490464,41.448315],[-71.490396,41.448094],[-71.490335,41.447827],[-71.490327,41.447812],[-71.490083,41.446415],[-71.489859,41.445049],[-71.489808,41.444771],[-71.489762,41.444523],[-71.489739,41.444359],[-71.489663,41.44405],[-71.489595,41.443882],[-71.489327,41.443344],[-71.488946,41.442608],[-71.488816,41.442322],[-71.488687,41.442028],[-71.488656,41.441959],[-71.488458,41.441521]]]}},{"type":"Feature","properties":{"ward":"3206","precinct":"3206","district":"3206","population_2020":2276},"geometry":{"type":"MultiPolygon","coordinates":[[[[-71.517311,41.382146],[-71.517313,41.382144],[-71.517321,41.38216],[-71.517395,41.382257],[-71.517403,41.382269],[-71.517506,41.382429],[-71.517532,41.382481],[-71.517574,41.382587],[-71.517669,41.382762],[-71.517732,41.382889],[-71.517803,41.383063],[-71.517816,41.383117],[-71.517801,41.383155],[-71.5178,41.383155],[-71.517311,41.382146]]],[[[-71.518228,41.384604],[-71.518114,41.384426],[-71.518171,41.384484],[-71.518211,41.384536],[-71.518224,41.384594],[-71.518228,41.384604]]],[[[-71.518812,41.385521],[-71.518812,41.385521],[-71.518812,41.385521],[-71.518812,41.385521]]],[[[-71.518775,41.386012],[-71.519169,41.385837],[-71.519175,41.385892],[-71.51911,41.385936],[-71.519038,41.385971],[-71.51886,41.385994],[-71.518775,41.386012]]],[[[-71.517601,41.386531],[-71.518296,41.386223],[-71.518235,41.386297],[-71.518178,41.386352],[-71.518117,41.386391],[-71.518043,41.386419],[-71.517969,41.386435],[-71.5179,41.386415],[-71.517817,41.386436],[-71.517751,41.386475],[-71.517601,41.386531]]],[[[-71.517277,41.386914],[-71.517404,41.386763],[-71.517429,41.386796],[-71.517398,41.38685],[-71.517366,41.386891],[-71.517359,41.386901],[-71.517307,41.386922],[-71.517277,41.386914]]],[[[-71.517121,41.3871],[-71.517121,41.3871],[-71.517124,41.387101],[-71.517121,41.3871]]],[[[-71.517638,41.387285],[-71.517255,41.387148],[-71.517369,41.38718],[-71.517444,41.387197],[-71.51758,41.387244],[-71.517638,41.387285]]],[[[-71.517529,41.387466],[-71.51764,41.387287],[-71.517639,41.387354],[-71.517619,41.387406],[-71.517564,41.387455],[-71.517529,41.387466]]],[[[-71.516792,41.388659],[-71.517213,41.387978],[-71.517256,41.387994],[-71.517257,41.388018],[-71.517173,41.388128],[-71.517085,41.388229],[-71.517027,41.388313],[-71.516861,41.388551],[-71.51683,41.38861],[-71.516793,41.388659],[-71.516741,41.3887],[-71.516705,41.388703],[-71.516792,41.388659]]],[[[-71.516373,41.38887],[-71.516374,41.38887],[-71.516336,41.388944],[-71.516299,41.389055],[-71.516292,41.38909],[-71.51626,41.389237],[-71.516242,41.389294],[-71.51621,41.389351],[-71.516188,41.389411],[-71.516153,41.389536],[-71.51613,41.389594],[-71.516102,41.389647],[-71.516061,41.389698],[-71.516,41.389734],[-71.515945,41.389777],[-71.515902,41.389821],[-71.515839,41.389861],[-71.516373,41.38887]]],[[[-71.515375,41.389883],[-71.515839,41.389861],[-71.515839,41.389861],[-71.515774,41.389881],[-71.515688,41.389888],[-71.515451,41.389892],[-71.515375,41.389883]]],[[[-71.514961,41.389902],[-71.514962,41.389902],[-71.514961,41.389902],[-71.514961,41.389902]]],[[[-71.516644,41.390381],[-71.515714,41.390019],[-71.515713,41.390019],[-71.515714,41.390018],[-71.515756,41.390001],[-71.515839,41.389999],[-71.516011,41.390008],[-71.51619,41.390035],[-71.516259,41.390057],[-71.516405,41.390127],[-71.516469,41.390173],[-71.51657,41.390267],[-71.516645,41.39038],[-71.51665,41.390417],[-71.516637,41.390441],[-71.516653,41.390461],[-71.516618,41.390494],[-71.516619,41.390528],[-71.516596,41.390532],[-71.516644,41.390381]]],[[[-71.516366,41.391245],[-71.516587,41.390558],[-71.516613,41.390576],[-71.516633,41.390636],[-71.516711,41.390705],[-71.516666,41.39076],[-71.516696,41.390811],[-71.516677,41.390867],[-71.516654,41.390917],[-71.516574,41.391023],[-71.516537,41.39108],[-71.51649,41.391195],[-71.516463,41.391246],[-71.516437,41.391255],[-71.516366,41.391245]]],[[[-71.516318,41.391394],[-71.516351,41.391293],[-71.516409,41.391306],[-71.516418,41.391343],[-71.516369,41.391362],[-71.516318,41.391394]]],[[[-71.516407,41.392165],[-71.516359,41.391751],[-71.516407,41.391791],[-71.516433,41.391846],[-71.516408,41.391901],[-71.516404,41.391971],[-71.516407,41.392165]]],[[[-71.516389,41.392238],[-71.516406,41.392172],[-71.516394,41.39223],[-71.516389,41.392238]]],[[[-71.516116,41.393316],[-71.516206,41.392962],[-71.516209,41.39304],[-71.51619,41.393116],[-71.516156,41.393182],[-71.51614,41.393254],[-71.516117,41.393316],[-71.516115,41.393318],[-71.516116,41.393316]]],[[[-71.515648,41.394044],[-71.51585,41.39373],[-71.515846,41.393826],[-71.515836,41.39388],[-71.51581,41.393955],[-71.515771,41.394007],[-71.515703,41.394033],[-71.515648,41.394044]]],[[[-71.515621,41.394087],[-71.515621,41.394087],[-71.515682,41.394132],[-71.515755,41.394167],[-71.515807,41.394205],[-71.51585,41.394266],[-71.515904,41.394413],[-71.515913,41.394479],[-71.515935,41.394548],[-71.516009,41.39467],[-71.516022,41.394728],[-71.515999,41.394783],[-71.515972,41.39481],[-71.516021,41.394729],[-71.515621,41.394087]]],[[[-71.515746,41.395186],[-71.515746,41.395186],[-71.515746,41.395186],[-71.515746,41.395186]]],[[[-71.516016,41.395907],[-71.515888,41.395564],[-71.515905,41.395584],[-71.515961,41.395632],[-71.516027,41.395749],[-71.516046,41.395794],[-71.516016,41.395907]]],[[[-71.516343,41.396779],[-71.516137,41.396228],[-71.516266,41.396312],[-71.516337,41.396368],[-71.516372,41.39643],[-71.516381,41.396493],[-71.516384,41.396558],[-71.516379,41.396615],[-71.516348,41.396734],[-71.516344,41.396779],[-71.516342,41.39678],[-71.516343,41.396779]]],[[[-71.514494,41.396914],[-71.514494,41.396914],[-71.514494,41.396914],[-71.514494,41.396914]]],[[[-71.512673,41.396984],[-71.512677,41.396465],[-71.512975,41.396987],[-71.512673,41.396984]]],[[[-71.515066,41.397285],[-71.515156,41.397249],[-71.515121,41.397267],[-71.515066,41.397285]]],[[[-71.514775,41.397215],[-71.514726,41.397109],[-71.514976,41.397319],[-71.51489,41.397304],[-71.514822,41.397273],[-71.514775,41.397215]]],[[[-71.513587,41.397772],[-71.514222,41.397171],[-71.514238,41.397318],[-71.514224,41.397371],[-71.514172,41.397409],[-71.514088,41.397514],[-71.514034,41.39757],[-71.513973,41.397624],[-71.513898,41.397665],[-71.51381,41.397698],[-71.513669,41.397739],[-71.513588,41.397772],[-71.513588,41.397773],[-71.513587,41.397772]]],[[[-71.512698,41.397852],[-71.512958,41.397093],[-71.512966,41.397767],[-71.512698,41.397852]]],[[[-71.513857,41.398661],[-71.513775,41.39839],[-71.513785,41.398403],[-71.513845,41.398528],[-71.513856,41.39859],[-71.513858,41.398661],[-71.513857,41.398663],[-71.513857,41.398661]]],[[[-71.513797,41.399746],[-71.513801,41.399668],[-71.513804,41.399686],[-71.513797,41.399746]]],[[[-71.51316,41.400695],[-71.513796,41.39975],[-71.513776,41.399813],[-71.513727,41.399926],[-71.513688,41.400039],[-71.513662,41.400099],[-71.513592,41.400213],[-71.513556,41.400261],[-71.513444,41.400355],[-71.513401,41.400406],[-71.513363,41.400466],[-71.513206,41.400633],[-71.51316,41.400695],[-71.513159,41.400698],[-71.51316,41.400695]]],[[[-71.512764,41.4018],[-71.513094,41.400877],[-71.51309,41.400904],[-71.513088,41.40105],[-71.513076,41.401127],[-71.513026,41.401332],[-71.513,41.401406],[-71.512945,41.401532],[-71.512816,41.401733],[-71.512765,41.4018],[-71.51254,41.402041],[-71.512429,41.402172],[-71.512303,41.402368],[-71.512263,41.402419],[-71.512196,41.402471],[-71.512078,41.40254],[-71.512046,41.402571],[-71.512046,41.402572],[-71.512045,41.402571],[-71.512764,41.4018]]],[[[-71.512277,41.402862],[-71.512218,41.402788],[-71.512241,41.402802],[-71.512278,41.402861],[-71.512274,41.40293],[-71.512252,41.402988],[-71.512126,41.403176],[-71.511986,41.403362],[-71.511838,41.403526],[-71.511791,41.403567],[-71.51168,41.403648],[-71.511563,41.40375],[-71.511505,41.403795],[-71.512277,41.402862]]],[[[-71.51143,41.404387],[-71.511494,41.403868],[-71.511521,41.40393],[-71.511643,41.403997],[-71.511698,41.404044],[-71.511703,41.404099],[-71.511701,41.404219],[-71.511684,41.404286],[-71.511636,41.404315],[-71.511488,41.404335],[-71.511442,41.404372],[-71.51143,41.404387]]],[[[-71.512529,41.404552],[-71.512098,41.404412],[-71.512098,41.404412],[-71.512098,41.404411],[-71.512179,41.404389],[-71.512273,41.404391],[-71.512353,41.40442],[-71.512429,41.404458],[-71.512487,41.404507],[-71.512529,41.404552]]],[[[-71.512557,41.404794],[-71.51253,41.404552],[-71.51253,41.404552],[-71.512603,41.404568],[-71.512682,41.404571],[-71.51264,41.404592],[-71.512575,41.404617],[-71.512557,41.404657],[-71.512588,41.404724],[-71.512571,41.404782],[-71.512557,41.404794]]],[[[-71.507748,41.404298],[-71.508203,41.403941],[-71.508905,41.404205],[-71.509949,41.404092],[-71.50977,41.404558],[-71.508924,41.404911],[-71.507748,41.404298]]],[[[-71.512634,41.405492],[-71.512611,41.405284],[-71.512618,41.405306],[-71.512629,41.405364],[-71.512634,41.405492]]],[[[-71.512209,41.405939],[-71.512635,41.405497],[-71.51262,41.405565],[-71.512597,41.405641],[-71.512565,41.405715],[-71.512484,41.405822],[-71.512439,41.405872],[-71.512371,41.405906],[-71.512296,41.405916],[-71.512209,41.405939]]],[[[-71.509471,41.406762],[-71.509474,41.406758],[-71.509474,41.406759],[-71.509471,41.406762]]],[[[-71.510187,41.406857],[-71.510186,41.406857],[-71.510187,41.406857],[-71.510187,41.406858],[-71.510187,41.406857]]],[[[-71.512365,41.406883],[-71.512242,41.406141],[-71.512304,41.406196],[-71.512312,41.406269],[-71.51231,41.406328],[-71.512321,41.406394],[-71.512384,41.406516],[-71.512469,41.406644],[-71.512479,41.406705],[-71.512451,41.406764],[-71.512366,41.406883],[-71.512307,41.406932],[-71.512239,41.406967],[-71.512162,41.406985],[-71.512365,41.406883]]],[[[-71.511664,41.407234],[-71.511704,41.407214],[-71.511683,41.407237],[-71.511664,41.407234]]],[[[-71.509113,41.407403],[-71.509386,41.406915],[-71.509353,41.407],[-71.509283,41.407133],[-71.509252,41.407205],[-71.509217,41.407264],[-71.509169,41.407316],[-71.50913,41.40738],[-71.509113,41.407403]]],[[[-71.50594,41.406912],[-71.507147,41.406381],[-71.507586,41.406715],[-71.506364,41.407527],[-71.50594,41.406912]]],[[[-71.510353,41.407889],[-71.511284,41.407424],[-71.511259,41.407441],[-71.511184,41.407481],[-71.511111,41.407527],[-71.511059,41.407586],[-71.511007,41.407701],[-71.51097,41.40775],[-71.510947,41.407812],[-71.510932,41.40787],[-71.510892,41.407921],[-71.510826,41.407957],[-71.510677,41.408002],[-71.510605,41.408011],[-71.510456,41.408012],[-71.510404,41.407974],[-71.510367,41.407925],[-71.510353,41.407889],[-71.510353,41.407889]]],[[[-71.50872,41.408107],[-71.50872,41.408106],[-71.50872,41.408106],[-71.50872,41.408109],[-71.50872,41.408107]]],[[[-71.508839,41.408659],[-71.508744,41.408221],[-71.508791,41.408301],[-71.50887,41.40841],[-71.5089,41.408467],[-71.508918,41.408526],[-71.508901,41.408584],[-71.508864,41.408636],[-71.508839,41.408659]]],[[[-71.50891,41.408988],[-71.50891,41.408986],[-71.508911,41.408987],[-71.508872,41.409114],[-71.508834,41.409176],[-71.508789,41.409232],[-71.508743,41.40928],[-71.508727,41.409338],[-71.508671,41.409383],[-71.50891,41.408988]]],[[[-71.508525,41.409625],[-71.508618,41.40947],[-71.508639,41.409489],[-71.508556,41.409594],[-71.508525,41.409625]]],[[[-71.508352,41.40991],[-71.508354,41.409907],[-71.508353,41.409909],[-71.508256,41.409941],[-71.508123,41.410016],[-71.507954,41.410024],[-71.507804,41.410007],[-71.507659,41.409944],[-71.508352,41.40991]]],[[[-71.506869,41.410406],[-71.506703,41.410364],[-71.506289,41.410155],[-71.506288,41.410155],[-71.506289,41.410155],[-71.507202,41.410406],[-71.507499,41.410105],[-71.507498,41.410154],[-71.50746,41.410259],[-71.507353,41.41034],[-71.507203,41.410406],[-71.507035,41.410423],[-71.506869,41.410406]]],[[[-71.506858,41.410821],[-71.506323,41.410531],[-71.506518,41.410589],[-71.506655,41.410654],[-71.506777,41.410738],[-71.506858,41.41082],[-71.506863,41.410948],[-71.506839,41.41105],[-71.506745,41.411147],[-71.506526,41.411319],[-71.506858,41.410821]]],[[[-71.506422,41.411476],[-71.506422,41.411475],[-71.506423,41.411475],[-71.506422,41.411476]]],[[[-71.511182,41.412116],[-71.511181,41.412109],[-71.511182,41.412109],[-71.511182,41.412116]]],[[[-71.508284,41.412137],[-71.506942,41.411307],[-71.506518,41.411444],[-71.506611,41.411372],[-71.506762,41.411317],[-71.506942,41.411306],[-71.507068,41.411343],[-71.507198,41.411409],[-71.507302,41.411504],[-71.507451,41.411577],[-71.507583,41.411634],[-71.507718,41.411712],[-71.507855,41.411779],[-71.50797,41.411854],[-71.508261,41.412114],[-71.508284,41.412137]]],[[[-71.508614,41.412342],[-71.508612,41.412341],[-71.508615,41.412341],[-71.508617,41.412342],[-71.508614,41.412342]]],[[[-71.510827,41.412111],[-71.510985,41.412082],[-71.511134,41.412085],[-71.511166,41.412101],[-71.511181,41.412109],[-71.509881,41.412381],[-71.50988,41.412381],[-71.509881,41.41238],[-71.509989,41.412302],[-71.510085,41.412203],[-71.510182,41.412137],[-71.510363,41.412126],[-71.510679,41.412124],[-71.510827,41.412111]]],[[[-71.511267,41.412699],[-71.511247,41.412562],[-71.511251,41.41257],[-71.511267,41.412683],[-71.511267,41.412699]]],[[[-71.511298,41.412911],[-71.511297,41.412909],[-71.511298,41.41291],[-71.511298,41.412911],[-71.511298,41.412911]]],[[[-71.511821,41.413263],[-71.511557,41.413086],[-71.511713,41.413097],[-71.511782,41.413151],[-71.511822,41.413263],[-71.511822,41.413264],[-71.511821,41.413263]]],[[[-71.510716,41.413434],[-71.510945,41.413343],[-71.51104,41.413487],[-71.510716,41.413434]]],[[[-71.512329,41.414309],[-71.512242,41.414131],[-71.512294,41.414169],[-71.512322,41.414261],[-71.512329,41.414309]]],[[[-71.504968,41.418568],[-71.504943,41.417882],[-71.505861,41.418613],[-71.506546,41.418734],[-71.505428,41.419074],[-71.504968,41.418568]]],[[[-71.503116,41.420325],[-71.503999,41.420065],[-71.503934,41.420797],[-71.503116,41.420325]]],[[[-71.503085,41.421162],[-71.503253,41.421059],[-71.50313,41.421355],[-71.503085,41.421162]]],[[[-71.500489,41.430038],[-71.500483,41.430026],[-71.500779,41.43042],[-71.500713,41.43035],[-71.500648,41.430272],[-71.500624,41.430242],[-71.50055,41.430137],[-71.500489,41.430038]]],[[[-71.493096,41.430439],[-71.493386,41.430046],[-71.493463,41.429947],[-71.493569,41.429795],[-71.493623,41.429726],[-71.493737,41.429573],[-71.493775,41.429516],[-71.49305,41.429611],[-71.491983,41.429745],[-71.491759,41.429773],[-71.4919,41.429559],[-71.492001,41.429408],[-71.492204,41.429063],[-71.492217,41.429039],[-71.492449,41.429291],[-71.493279,41.429242],[-71.493325,41.428389],[-71.493989,41.428467],[-71.49536,41.428122],[-71.49576,41.427739],[-71.497332,41.427159],[-71.497568,41.426898],[-71.497253,41.425999],[-71.497984,41.425808],[-71.498319,41.426748],[-71.498517,41.428174],[-71.498832,41.428827],[-71.497761,41.429154],[-71.498133,41.429787],[-71.499373,41.430181],[-71.499825,41.42915],[-71.5003,41.429782],[-71.497714,41.432813],[-71.497628,41.43274],[-71.49753,41.432696],[-71.497324,41.432591],[-71.496774,41.432312],[-71.495561,41.431687],[-71.495072,41.431446],[-71.49421,41.431027],[-71.493096,41.430439]]],[[[-71.519494,41.446865],[-71.519166,41.446862],[-71.518731,41.446877],[-71.517808,41.446926],[-71.517335,41.446938],[-71.516709,41.446942],[-71.516549,41.446938],[-71.515954,41.446965],[-71.515405,41.446976],[-71.515107,41.446965],[-71.514271,41.446863],[-71.514184,41.446846],[-71.514054,41.446835],[-71.513948,41.446831],[-71.513886,41.44682],[-71.513764,41.446789],[-71.513589,41.446728],[-71.51349,41.446671],[-71.513307,41.446526],[-71.512658,41.446083],[-71.512582,41.446041],[-71.512467,41.445965],[-71.512361,41.445908],[-71.5123,41.445885],[-71.512231,41.445866],[-71.512109,41.445843],[-71.512002,41.445832],[-71.511849,41.445832],[-71.511561,41.445847],[-71.510705,41.445881],[-71.510499,41.445877],[-71.509484,41.445912],[-71.509003,41.445924],[-71.50863,41.445935],[-71.508439,41.445931],[-71.508172,41.445923],[-71.507875,41.445889],[-71.507134,41.445771],[-71.505776,41.445507],[-71.505281,41.445397],[-71.504609,41.445248],[-71.503976,41.445126],[-71.503655,41.445076],[-71.503236,41.445065],[-71.502908,41.445042],[-71.5029,41.444893],[-71.501695,41.445023],[-71.501397,41.44505],[-71.501199,41.445088],[-71.499866,41.445255],[-71.498535,41.445378],[-71.498916,41.444641],[-71.499277,41.443991],[-71.499464,41.443665],[-71.50035,41.44189],[-71.50039,41.44181],[-71.500424,41.441675],[-71.500699,41.441664],[-71.50229,41.441601],[-71.502297,41.440922],[-71.50232,41.44019],[-71.502325,41.439772],[-71.502328,41.439488],[-71.502336,41.439446],[-71.50232,41.439267],[-71.502252,41.438866],[-71.502107,41.438156],[-71.501977,41.437245],[-71.501967,41.437213],[-71.501916,41.437046],[-71.501855,41.436928],[-71.501756,41.43681],[-71.501404,41.437017],[-71.501433,41.436694],[-71.501436,41.436437],[-71.501409,41.436079],[-71.501394,41.435969],[-71.501389,41.435832],[-71.501392,41.43571],[-71.501416,41.43559],[-71.50147,41.435497],[-71.501572,41.435458],[-71.501728,41.435457],[-71.502004,41.435461],[-71.502208,41.435464],[-71.502338,41.435406],[-71.502431,41.435323],[-71.502566,41.435117],[-71.502567,41.435],[-71.502336,41.433818],[-71.502085,41.43357],[-71.502079,41.433517],[-71.502023,41.433427],[-71.50193,41.433325],[-71.501828,41.433227],[-71.501734,41.433122],[-71.501651,41.432993],[-71.501595,41.432885],[-71.501551,41.432762],[-71.50148,41.432505],[-71.501443,41.432392],[-71.501392,41.432236],[-71.501354,41.43208],[-71.501334,41.431924],[-71.501311,41.431655],[-71.501267,41.431406],[-71.501262,41.431257],[-71.501256,41.431194],[-71.501595,41.432885],[-71.502212,41.43331],[-71.501688,41.431986],[-71.501686,41.431307],[-71.500597,41.429311],[-71.499787,41.4287],[-71.49913,41.428693],[-71.498944,41.428114],[-71.50013,41.427786],[-71.500293,41.427415],[-71.499353,41.427556],[-71.499276,41.426348],[-71.500096,41.426409],[-71.499285,41.425259],[-71.498226,41.424731],[-71.497774,41.424166],[-71.497996,41.422598],[-71.497659,41.421934],[-71.498327,41.421776],[-71.498984,41.42083],[-71.498831,41.420228],[-71.497956,41.419779],[-71.497603,41.418146],[-71.498111,41.418518],[-71.500161,41.41887],[-71.499809,41.419921],[-71.500258,41.421013],[-71.501387,41.421515],[-71.501462,41.422079],[-71.503026,41.422461],[-71.503925,41.42215],[-71.503892,41.420872],[-71.504791,41.420805],[-71.504675,41.421566],[-71.50556,41.42208],[-71.506339,41.422086],[-71.506649,41.421298],[-71.505323,41.420589],[-71.505966,41.420401],[-71.507954,41.421157],[-71.509288,41.421108],[-71.509373,41.421967],[-71.509924,41.422036],[-71.511435,41.423105],[-71.512218,41.422679],[-71.512299,41.422263],[-71.511552,41.422277],[-71.510425,41.421436],[-71.50985,41.421808],[-71.509219,41.420276],[-71.509795,41.419543],[-71.50956,41.41883],[-71.508416,41.418826],[-71.507349,41.418399],[-71.507114,41.417704],[-71.507299,41.416933],[-71.508478,41.415985],[-71.508047,41.415354],[-71.507212,41.414984],[-71.508076,41.414242],[-71.510354,41.414926],[-71.512004,41.414985],[-71.512388,41.414443],[-71.512389,41.414443],[-71.512631,41.414445],[-71.512731,41.414412],[-71.512844,41.414328],[-71.512948,41.414293],[-71.513151,41.414326],[-71.513194,41.414278],[-71.513239,41.414165],[-71.51329,41.414132],[-71.51335,41.414145],[-71.513379,41.414209],[-71.513337,41.414285],[-71.513324,41.414398],[-71.513365,41.414526],[-71.513467,41.414579],[-71.513562,41.414573],[-71.513645,41.414512],[-71.513711,41.414406],[-71.51379,41.414311],[-71.51387,41.414293],[-71.514033,41.414379],[-71.514178,41.414396],[-71.514225,41.414439],[-71.514158,41.4145],[-71.514146,41.414609],[-71.514185,41.414717],[-71.514255,41.414763],[-71.514397,41.414771],[-71.514564,41.41479],[-71.514701,41.414842],[-71.514787,41.41493],[-71.514865,41.415047],[-71.514951,41.415134],[-71.515046,41.415251],[-71.515143,41.415338],[-71.515125,41.415351],[-71.515026,41.4154],[-71.514874,41.415438],[-71.514829,41.415454],[-71.514742,41.41555],[-71.514724,41.41567],[-71.514753,41.415904],[-71.514709,41.416031],[-71.514751,41.416088],[-71.514863,41.416157],[-71.514882,41.416278],[-71.51486,41.416401],[-71.514786,41.416515],[-71.514723,41.416632],[-71.514617,41.416714],[-71.514595,41.416769],[-71.514624,41.416834],[-71.514633,41.41695],[-71.514531,41.417179],[-71.514519,41.417293],[-71.514554,41.417392],[-71.514714,41.417498],[-71.514726,41.417596],[-71.51477,41.417659],[-71.514874,41.417738],[-71.514945,41.41784],[-71.514967,41.417959],[-71.514964,41.418072],[-71.51495,41.418186],[-71.514949,41.418318],[-71.515006,41.418425],[-71.515117,41.418478],[-71.515283,41.418531],[-71.515415,41.41855],[-71.515559,41.418494],[-71.515712,41.418541],[-71.515851,41.418627],[-71.515927,41.418736],[-71.515981,41.418852],[-71.516086,41.418947],[-71.516163,41.419039],[-71.516166,41.419163],[-71.516148,41.419277],[-71.516136,41.419397],[-71.516113,41.419508],[-71.516079,41.419615],[-71.516058,41.419736],[-71.516045,41.419854],[-71.51606,41.419997],[-71.516125,41.420066],[-71.516214,41.420086],[-71.516375,41.420083],[-71.516534,41.420072],[-71.516685,41.420023],[-71.516712,41.419962],[-71.516779,41.419909],[-71.516909,41.41985],[-71.517009,41.419824],[-71.51711,41.419893],[-71.517248,41.419969],[-71.517401,41.419986],[-71.517545,41.41995],[-71.517678,41.419908],[-71.517772,41.41991],[-71.517842,41.420022],[-71.517927,41.420015],[-71.518015,41.420074],[-71.518017,41.420192],[-71.518035,41.420279],[-71.518104,41.420335],[-71.518198,41.420327],[-71.518242,41.420288],[-71.518212,41.420162],[-71.518211,41.420043],[-71.518245,41.419926],[-71.518325,41.419869],[-71.518386,41.419837],[-71.518405,41.419615],[-71.51844,41.41952],[-71.518553,41.419517],[-71.518625,41.419552],[-71.51874,41.419622],[-71.518791,41.419737],[-71.518804,41.419857],[-71.518751,41.41997],[-71.518683,41.420082],[-71.518631,41.420141],[-71.518632,41.420276],[-71.51867,41.420396],[-71.51866,41.42045],[-71.518654,41.420482],[-71.51852,41.420552],[-71.51842,41.420581],[-71.518131,41.420532],[-71.518089,41.420571],[-71.518122,41.420619],[-71.518246,41.420684],[-71.51839,41.420717],[-71.518489,41.420787],[-71.51851,41.420879],[-71.518496,41.420953],[-71.518412,41.421045],[-71.518423,41.421165],[-71.518502,41.421262],[-71.518599,41.421335],[-71.518615,41.421388],[-71.518542,41.421498],[-71.518702,41.421535],[-71.518754,41.421562],[-71.518881,41.421638],[-71.518994,41.421714],[-71.519009,41.421789],[-71.518979,41.421848],[-71.518857,41.421856],[-71.518812,41.421888],[-71.518785,41.421966],[-71.518785,41.422083],[-71.518806,41.42221],[-71.51885,41.422331],[-71.518923,41.422372],[-71.51898,41.422417],[-71.519048,41.422551],[-71.519257,41.422686],[-71.519573,41.422784],[-71.519636,41.422944],[-71.5197,41.423062],[-71.519846,41.4233],[-71.519896,41.423389],[-71.51996,41.42349],[-71.51997,41.423611],[-71.519927,41.423726],[-71.519887,41.423853],[-71.519806,41.423952],[-71.519726,41.424006],[-71.519616,41.424069],[-71.519605,41.424143],[-71.519568,41.424187],[-71.519521,41.424241],[-71.51944,41.424244],[-71.519379,41.424293],[-71.519371,41.424522],[-71.519295,41.424606],[-71.519179,41.424697],[-71.519119,41.424816],[-71.519123,41.424943],[-71.519236,41.424979],[-71.519324,41.425065],[-71.519334,41.425153],[-71.519324,41.425509],[-71.519256,41.425747],[-71.519246,41.425866],[-71.519275,41.425981],[-71.519349,41.426075],[-71.519445,41.426185],[-71.519463,41.426311],[-71.519492,41.426424],[-71.519581,41.426527],[-71.51971,41.426579],[-71.51996,41.426642],[-71.520005,41.426653],[-71.520194,41.426727],[-71.520247,41.426767],[-71.520381,41.42684],[-71.520511,41.426891],[-71.520533,41.42696],[-71.520545,41.426999],[-71.520555,41.427031],[-71.520043,41.427136],[-71.519853,41.427166],[-71.519677,41.427189],[-71.519609,41.427194],[-71.51909,41.427231],[-71.518777,41.427231],[-71.518826,41.427439],[-71.51879,41.42751],[-71.518896,41.427545],[-71.518987,41.427582],[-71.519056,41.427638],[-71.519144,41.427721],[-71.519199,41.427819],[-71.519158,41.427887],[-71.518601,41.428769],[-71.517401,41.430639],[-71.517327,41.430745],[-71.517245,41.430872],[-71.5169,41.431408],[-71.516603,41.431839],[-71.516404,41.432152],[-71.516222,41.432458],[-71.516035,41.432709],[-71.515956,41.432803],[-71.515877,41.432884],[-71.516252,41.433049],[-71.516557,41.43319],[-71.516763,41.433342],[-71.5169,41.433529],[-71.517053,41.433842],[-71.517282,41.434365],[-71.517556,41.434929],[-71.518045,41.436001],[-71.518113,41.436131],[-71.518357,41.436669],[-71.5188,41.437619],[-71.51893,41.437867],[-71.519074,41.438168],[-71.519212,41.438477],[-71.519235,41.438527],[-71.519441,41.438904],[-71.51954,41.439068],[-71.519784,41.439381],[-71.52012,41.439698],[-71.520349,41.4399],[-71.520616,41.440125],[-71.520814,41.440285],[-71.52105,41.440514],[-71.521112,41.440602],[-71.521194,41.440792],[-71.521272,41.440972],[-71.52134,41.441132],[-71.521653,41.441769],[-71.521905,41.442231],[-71.522236,41.442881],[-71.522309,41.443024],[-71.522462,41.443306],[-71.522599,41.443596],[-71.523027,41.444409],[-71.523973,41.446316],[-71.524148,41.44664],[-71.523126,41.446797],[-71.522492,41.446888],[-71.522332,41.446915],[-71.52134,41.447041],[-71.521096,41.447041],[-71.520936,41.447029],[-71.519761,41.446885],[-71.519494,41.446865]]]]}},{"type":"Feature","properties":{"ward":"3207","precinct":"3207","district":"3207","population_2020":8516},"geometry":{"type":"MultiPolygon","coordinates":[[[[-71.598513,41.465628],[-71.598382,41.465279],[-71.598405,41.465305],[-71.598441,41.465379],[-71.598484,41.465483],[-71.598514,41.465628],[-71.598521,41.465641],[-71.598513,41.465628]]],[[[-71.600786,41.468544],[-71.600861,41.468565],[-71.600932,41.468604],[-71.600991,41.468655],[-71.601075,41.468693],[-71.601162,41.468703],[-71.601261,41.4687],[-71.601361,41.46871],[-71.601455,41.468728],[-71.601498,41.468776],[-71.601484,41.468846],[-71.601417,41.468896],[-71.601385,41.468956],[-71.601416,41.46899],[-71.600786,41.468544]]],[[[-71.601582,41.469107],[-71.601482,41.469037],[-71.601513,41.469053],[-71.601578,41.469101],[-71.601582,41.469107]]],[[[-71.602385,41.471099],[-71.602386,41.471098],[-71.602386,41.471098],[-71.602388,41.471101],[-71.602385,41.471099]]],[[[-71.60301,41.471762],[-71.602696,41.471429],[-71.602773,41.471463],[-71.602847,41.471446],[-71.602913,41.47141],[-71.603004,41.471404],[-71.603072,41.471424],[-71.603146,41.47146],[-71.603212,41.471528],[-71.603171,41.471594],[-71.603048,41.4717],[-71.60301,41.471762]]],[[[-71.603428,41.472205],[-71.603108,41.471865],[-71.603116,41.471869],[-71.603209,41.471903],[-71.603275,41.471953],[-71.603378,41.472067],[-71.603419,41.472139],[-71.603428,41.472205]]],[[[-71.60556,41.47425],[-71.605558,41.474245],[-71.605561,41.474249],[-71.60556,41.47425],[-71.60556,41.47425]]],[[[-71.605047,41.476542],[-71.605055,41.476541],[-71.605048,41.476542],[-71.605047,41.476543],[-71.605047,41.476542]]],[[[-71.604706,41.476883],[-71.604875,41.476714],[-71.604827,41.476819],[-71.604804,41.476853],[-71.604727,41.476878],[-71.604706,41.476883]]],[[[-71.603945,41.477641],[-71.604279,41.477307],[-71.604276,41.477315],[-71.604277,41.477375],[-71.604231,41.47741],[-71.604167,41.477441],[-71.604201,41.477492],[-71.604202,41.477559],[-71.604172,41.477632],[-71.60411,41.477683],[-71.604019,41.477678],[-71.603945,41.477641]]],[[[-71.601791,41.481327],[-71.601191,41.480776],[-71.601235,41.48081],[-71.601358,41.480894],[-71.601422,41.480933],[-71.601495,41.480941],[-71.601558,41.480899],[-71.601635,41.48086],[-71.601706,41.480857],[-71.60175,41.480895],[-71.601773,41.480947],[-71.601778,41.48102],[-71.601773,41.481079],[-71.601813,41.481126],[-71.601876,41.481172],[-71.601875,41.481238],[-71.601835,41.481287],[-71.601791,41.481327]]],[[[-71.602599,41.483422],[-71.6026,41.483422],[-71.602693,41.483434],[-71.60276,41.483464],[-71.602809,41.483523],[-71.602797,41.483586],[-71.602625,41.483721],[-71.6026,41.483735],[-71.602599,41.483422]]],[[[-71.6026,41.484169],[-71.6026,41.483869],[-71.602652,41.483921],[-71.602686,41.483971],[-71.602653,41.484058],[-71.602621,41.484118],[-71.6026,41.484169]]],[[[-71.608729,41.487626],[-71.608845,41.487687],[-71.608915,41.487745],[-71.608729,41.487626]]],[[[-71.608014,41.489485],[-71.608015,41.489485],[-71.608014,41.489486],[-71.608014,41.489485]]],[[[-71.607991,41.490077],[-71.608009,41.48962],[-71.608027,41.48968],[-71.608056,41.489752],[-71.608067,41.489829],[-71.608069,41.489908],[-71.608059,41.489981],[-71.607991,41.490077]]],[[[-71.60769,41.493812],[-71.60772,41.493744],[-71.607718,41.493749],[-71.607691,41.493812],[-71.607691,41.493813],[-71.60769,41.493812]]],[[[-71.608114,41.495359],[-71.607793,41.49482],[-71.607881,41.494909],[-71.607946,41.49494],[-71.608035,41.494947],[-71.608109,41.494982],[-71.608158,41.495044],[-71.608173,41.495113],[-71.608155,41.495177],[-71.608127,41.495237],[-71.608114,41.495299],[-71.608114,41.495359]]],[[[-71.598513,41.465628],[-71.598521,41.465642],[-71.598551,41.465694],[-71.598553,41.465696],[-71.598553,41.465696],[-71.598607,41.465736],[-71.598747,41.465793],[-71.598799,41.465845],[-71.598804,41.465907],[-71.598783,41.465969],[-71.598776,41.466048],[-71.5988,41.466116],[-71.598869,41.466167],[-71.59894,41.466207],[-71.599009,41.466264],[-71.59906,41.466336],[-71.599099,41.466411],[-71.59913,41.466488],[-71.599169,41.466683],[-71.599175,41.466763],[-71.599225,41.466816],[-71.599404,41.466861],[-71.59949,41.466894],[-71.59962,41.466986],[-71.599709,41.467079],[-71.599746,41.46713],[-71.599792,41.467177],[-71.599852,41.467208],[-71.599985,41.467255],[-71.600043,41.467287],[-71.600109,41.467351],[-71.600145,41.467403],[-71.60023,41.467605],[-71.600229,41.467677],[-71.600181,41.46774],[-71.60017,41.467809],[-71.60019,41.467875],[-71.600231,41.467936],[-71.600227,41.468007],[-71.600195,41.468069],[-71.600194,41.468072],[-71.600207,41.468131],[-71.600209,41.468137],[-71.600208,41.468132],[-71.600209,41.468136],[-71.600264,41.468197],[-71.600329,41.468229],[-71.600443,41.46825],[-71.600519,41.468267],[-71.60057,41.468283],[-71.60063,41.468334],[-71.600628,41.468395],[-71.600635,41.468438],[-71.600638,41.468451],[-71.60069,41.468502],[-71.600769,41.468539],[-71.600786,41.468544],[-71.600786,41.468544],[-71.601416,41.46899],[-71.601436,41.46901],[-71.601482,41.469036],[-71.601582,41.469107],[-71.601626,41.46916],[-71.60169,41.469217],[-71.601795,41.469301],[-71.601852,41.469361],[-71.601907,41.469411],[-71.601991,41.469408],[-71.602047,41.469435],[-71.602085,41.469507],[-71.602102,41.46958],[-71.602116,41.469841],[-71.602146,41.469903],[-71.602198,41.46996],[-71.60223,41.470024],[-71.602203,41.470082],[-71.602151,41.470132],[-71.602132,41.470188],[-71.602162,41.470237],[-71.602232,41.470291],[-71.602296,41.470354],[-71.602316,41.470421],[-71.602271,41.470489],[-71.602138,41.470549],[-71.60209,41.470615],[-71.602101,41.470677],[-71.602164,41.47071],[-71.602358,41.470725],[-71.602433,41.470738],[-71.602504,41.470766],[-71.602544,41.470811],[-71.602564,41.470868],[-71.60255,41.470945],[-71.60248,41.470997],[-71.602408,41.471034],[-71.602395,41.471041],[-71.602386,41.471098],[-71.602385,41.471099],[-71.602388,41.471101],[-71.602463,41.471206],[-71.602562,41.471315],[-71.602624,41.471373],[-71.602685,41.471423],[-71.602696,41.471429],[-71.60301,41.471762],[-71.603002,41.471775],[-71.603054,41.471836],[-71.603107,41.471865],[-71.603428,41.472205],[-71.603429,41.472209],[-71.60342,41.472345],[-71.603459,41.472417],[-71.603515,41.47247],[-71.603573,41.472517],[-71.603673,41.472545],[-71.603735,41.472531],[-71.603735,41.47253],[-71.603793,41.472477],[-71.603901,41.472367],[-71.603983,41.472323],[-71.604084,41.472328],[-71.604146,41.472355],[-71.604211,41.472391],[-71.604269,41.472442],[-71.604418,41.472655],[-71.604497,41.472793],[-71.604543,41.472853],[-71.604602,41.472893],[-71.604675,41.47292],[-71.604749,41.472941],[-71.60482,41.47297],[-71.604965,41.473043],[-71.60502,41.47308],[-71.605055,41.47315],[-71.605069,41.473345],[-71.605096,41.473545],[-71.60511,41.473609],[-71.605137,41.473663],[-71.605208,41.473713],[-71.605268,41.473749],[-71.60537,41.473843],[-71.605408,41.473918],[-71.605408,41.473919],[-71.605394,41.474],[-71.605409,41.474071],[-71.605522,41.474181],[-71.605558,41.474245],[-71.60556,41.47425],[-71.60556,41.47425],[-71.605506,41.474307],[-71.605436,41.47434],[-71.605352,41.47436],[-71.605255,41.474374],[-71.605172,41.474394],[-71.60511,41.474431],[-71.605065,41.474484],[-71.604997,41.474594],[-71.604986,41.474654],[-71.605028,41.474681],[-71.605274,41.474733],[-71.605416,41.474775],[-71.605417,41.474775],[-71.605443,41.474831],[-71.605448,41.475022],[-71.605471,41.475168],[-71.605509,41.475301],[-71.605545,41.475362],[-71.605603,41.475415],[-71.605637,41.475464],[-71.605681,41.475515],[-71.605734,41.475565],[-71.605846,41.475636],[-71.605899,41.475677],[-71.605934,41.475725],[-71.605943,41.475782],[-71.605942,41.475847],[-71.605898,41.47592],[-71.605745,41.475983],[-71.605711,41.47605],[-71.605697,41.476104],[-71.605632,41.476243],[-71.605618,41.476296],[-71.605603,41.476415],[-71.605589,41.476473],[-71.605544,41.476496],[-71.605469,41.476499],[-71.605284,41.476521],[-71.605158,41.476528],[-71.605588,41.476474],[-71.605158,41.476528],[-71.605136,41.476529],[-71.605057,41.476541],[-71.605047,41.476542],[-71.605047,41.476543],[-71.604983,41.476567],[-71.604923,41.476611],[-71.604878,41.476708],[-71.604875,41.476714],[-71.604705,41.476883],[-71.604645,41.476895],[-71.604546,41.476905],[-71.604463,41.476909],[-71.604364,41.476922],[-71.604339,41.476967],[-71.604407,41.47708],[-71.604403,41.477151],[-71.60436,41.477202],[-71.604304,41.477252],[-71.604279,41.477307],[-71.603945,41.477641],[-71.603945,41.47764],[-71.603915,41.477579],[-71.603911,41.477504],[-71.603888,41.477438],[-71.603809,41.477391],[-71.60372,41.477379],[-71.603619,41.477384],[-71.603545,41.477377],[-71.603458,41.477388],[-71.603381,41.47743],[-71.603265,41.477508],[-71.603202,41.477539],[-71.603112,41.477551],[-71.603034,41.477529],[-71.602945,41.477495],[-71.602861,41.477485],[-71.6025,41.477469],[-71.602415,41.47747],[-71.602241,41.477483],[-71.602141,41.477484],[-71.602059,41.47749],[-71.601985,41.477489],[-71.601907,41.477483],[-71.601821,41.477486],[-71.601747,41.477508],[-71.601684,41.477544],[-71.601633,41.477583],[-71.601556,41.47763],[-71.601486,41.477654],[-71.601412,41.477666],[-71.601319,41.477699],[-71.60124,41.477747],[-71.601183,41.477794],[-71.601147,41.47791],[-71.60111,41.477962],[-71.601054,41.478081],[-71.601011,41.478138],[-71.600913,41.478222],[-71.600781,41.478296],[-71.600707,41.478352],[-71.600722,41.478407],[-71.600809,41.478449],[-71.600905,41.478469],[-71.600986,41.478502],[-71.60098,41.478549],[-71.600907,41.478584],[-71.600832,41.478605],[-71.600747,41.47862],[-71.600672,41.478639],[-71.600639,41.47867],[-71.600651,41.478735],[-71.600724,41.478785],[-71.600906,41.47885],[-71.600981,41.478898],[-71.601028,41.47894],[-71.601083,41.479003],[-71.601116,41.479073],[-71.601132,41.479145],[-71.601125,41.479207],[-71.601083,41.479256],[-71.601019,41.479291],[-71.600939,41.479314],[-71.600855,41.479317],[-71.600758,41.479307],[-71.600674,41.479324],[-71.600671,41.479374],[-71.600723,41.479427],[-71.600804,41.479459],[-71.600892,41.479467],[-71.601051,41.479461],[-71.601133,41.479478],[-71.601184,41.479517],[-71.601254,41.479562],[-71.601406,41.47962],[-71.601475,41.479678],[-71.601488,41.479748],[-71.601451,41.479815],[-71.601366,41.479856],[-71.601287,41.47987],[-71.601121,41.47988],[-71.600942,41.479866],[-71.600841,41.479875],[-71.600789,41.47991],[-71.6008,41.479964],[-71.600856,41.480026],[-71.600922,41.480061],[-71.601011,41.480083],[-71.601096,41.480092],[-71.601247,41.480101],[-71.601331,41.48011],[-71.60142,41.480153],[-71.601439,41.480228],[-71.601393,41.480291],[-71.601324,41.480319],[-71.601245,41.480338],[-71.601163,41.480351],[-71.600879,41.480376],[-71.60079,41.480406],[-71.60079,41.480406],[-71.60078,41.480474],[-71.600814,41.48055],[-71.600858,41.480598],[-71.600919,41.480636],[-71.600991,41.480667],[-71.601065,41.480692],[-71.60113,41.480726],[-71.601191,41.480776],[-71.601791,41.481327],[-71.601769,41.481348],[-71.60179,41.481411],[-71.601852,41.481475],[-71.601905,41.481512],[-71.602044,41.481586],[-71.602183,41.481683],[-71.602303,41.48178],[-71.602346,41.481831],[-71.602383,41.481889],[-71.602435,41.48195],[-71.602503,41.481985],[-71.602575,41.482004],[-71.602641,41.482058],[-71.602666,41.48213],[-71.602636,41.482187],[-71.602572,41.482234],[-71.602442,41.48229],[-71.602378,41.482326],[-71.602328,41.482367],[-71.602279,41.482434],[-71.602261,41.482503],[-71.602263,41.482577],[-71.602278,41.482654],[-71.602332,41.482696],[-71.602389,41.482731],[-71.602429,41.482797],[-71.60243,41.482864],[-71.602425,41.482918],[-71.602376,41.482971],[-71.602322,41.483011],[-71.60209,41.483135],[-71.602027,41.483185],[-71.601989,41.483243],[-71.601969,41.483303],[-71.601966,41.48337],[-71.602007,41.483393],[-71.602079,41.483408],[-71.602176,41.483417],[-71.602387,41.483427],[-71.602599,41.483422],[-71.6026,41.483735],[-71.602561,41.483756],[-71.602551,41.483803],[-71.602589,41.483857],[-71.6026,41.483869],[-71.6026,41.484169],[-71.602598,41.484175],[-71.602592,41.484233],[-71.602601,41.484313],[-71.602601,41.484313],[-71.602655,41.48438],[-71.602755,41.484476],[-71.60282,41.484523],[-71.602827,41.484547],[-71.602885,41.484595],[-71.602953,41.484636],[-71.603041,41.484678],[-71.603138,41.484717],[-71.603319,41.484777],[-71.603581,41.484846],[-71.603657,41.484877],[-71.603722,41.484915],[-71.603779,41.484959],[-71.604003,41.485172],[-71.604051,41.485226],[-71.604094,41.485289],[-71.60413,41.485358],[-71.604193,41.485501],[-71.604238,41.485583],[-71.604301,41.485664],[-71.604369,41.485734],[-71.604506,41.485858],[-71.60456,41.485912],[-71.604586,41.485965],[-71.60457,41.486015],[-71.604569,41.486016],[-71.604569,41.486016],[-71.604569,41.486016],[-71.60451,41.486059],[-71.604437,41.486094],[-71.604264,41.486165],[-71.604232,41.486215],[-71.604214,41.486277],[-71.604223,41.486336],[-71.604242,41.486397],[-71.604274,41.486459],[-71.604319,41.486519],[-71.604373,41.486572],[-71.604494,41.486668],[-71.604962,41.486976],[-71.605046,41.487036],[-71.605086,41.48707],[-71.605272,41.487223],[-71.605337,41.487271],[-71.605409,41.487312],[-71.605409,41.487312],[-71.605413,41.487314],[-71.605778,41.487473],[-71.605877,41.487501],[-71.605982,41.487514],[-71.606088,41.487516],[-71.606265,41.487512],[-71.606347,41.487501],[-71.606664,41.487433],[-71.60691,41.487405],[-71.607322,41.487329],[-71.607414,41.48732],[-71.607997,41.487311],[-71.608168,41.487322],[-71.608257,41.487338],[-71.608333,41.487369],[-71.608413,41.487412],[-71.608494,41.487463],[-71.608635,41.487569],[-71.608705,41.487612],[-71.608729,41.487626],[-71.608915,41.487746],[-71.608922,41.487808],[-71.608872,41.487875],[-71.608831,41.487945],[-71.608823,41.488006],[-71.608827,41.488129],[-71.608813,41.488184],[-71.608769,41.488232],[-71.60863,41.488326],[-71.608609,41.48838],[-71.608612,41.488444],[-71.60865,41.488513],[-71.608677,41.488584],[-71.60868,41.488657],[-71.60865,41.488725],[-71.608606,41.48877],[-71.608553,41.488813],[-71.608487,41.488875],[-71.608394,41.488986],[-71.608362,41.489039],[-71.608357,41.489173],[-71.608321,41.489234],[-71.608259,41.489294],[-71.608206,41.489336],[-71.608066,41.489428],[-71.608017,41.489482],[-71.608339,41.489097],[-71.608016,41.489483],[-71.608015,41.489484],[-71.608015,41.489485],[-71.608014,41.489485],[-71.608014,41.489486],[-71.608004,41.489545],[-71.608007,41.489611],[-71.608009,41.48962],[-71.607991,41.490077],[-71.607967,41.49011],[-71.607937,41.490176],[-71.607933,41.490243],[-71.607939,41.490302],[-71.60798,41.490347],[-71.608049,41.490373],[-71.608138,41.49038],[-71.608225,41.490367],[-71.608316,41.490344],[-71.608393,41.490349],[-71.60843,41.490388],[-71.608442,41.490448],[-71.608445,41.490518],[-71.608412,41.490675],[-71.608373,41.490817],[-71.608368,41.490882],[-71.608371,41.490943],[-71.608388,41.490999],[-71.608438,41.49112],[-71.608454,41.491187],[-71.608459,41.491309],[-71.608445,41.491363],[-71.608409,41.491418],[-71.608385,41.491483],[-71.608381,41.49155],[-71.608385,41.491617],[-71.608435,41.491742],[-71.608448,41.491811],[-71.608425,41.491876],[-71.608364,41.491929],[-71.608289,41.491975],[-71.608223,41.492026],[-71.608182,41.492078],[-71.608176,41.492154],[-71.608203,41.492217],[-71.608255,41.49226],[-71.608323,41.492298],[-71.6084,41.49235],[-71.60844,41.492396],[-71.608474,41.49245],[-71.60859,41.492672],[-71.608624,41.492752],[-71.608641,41.492821],[-71.608646,41.492882],[-71.608618,41.492952],[-71.608542,41.492988],[-71.608367,41.493014],[-71.608137,41.493092],[-71.608064,41.493126],[-71.608003,41.493165],[-71.607959,41.49321],[-71.607923,41.493267],[-71.607923,41.493267],[-71.607923,41.493267],[-71.607923,41.493267],[-71.607921,41.493272],[-71.607774,41.493577],[-71.60772,41.493744],[-71.60769,41.493813],[-71.60769,41.493813],[-71.607626,41.493874],[-71.607559,41.493896],[-71.607511,41.493863],[-71.607471,41.493799],[-71.60741,41.493738],[-71.607327,41.493719],[-71.607252,41.493755],[-71.607204,41.493824],[-71.607196,41.493881],[-71.607198,41.493948],[-71.607202,41.494093],[-71.607217,41.494169],[-71.607248,41.494233],[-71.607283,41.494289],[-71.607337,41.49435],[-71.607401,41.494365],[-71.607447,41.494307],[-71.60745,41.494177],[-71.607502,41.494107],[-71.60758,41.494098],[-71.607658,41.494198],[-71.607703,41.494248],[-71.607787,41.494286],[-71.607885,41.494258],[-71.607971,41.494219],[-71.608058,41.494214],[-71.60814,41.494224],[-71.608167,41.494259],[-71.60817,41.49442],[-71.608148,41.494475],[-71.608099,41.494522],[-71.608029,41.494555],[-71.607952,41.494579],[-71.608166,41.49426],[-71.608166,41.49426],[-71.607952,41.494579],[-71.607875,41.494603],[-71.607809,41.494637],[-71.607769,41.494709],[-71.60777,41.494764],[-71.607792,41.494818],[-71.607793,41.49482],[-71.608114,41.495359],[-71.608114,41.495359],[-71.608163,41.495427],[-71.60823,41.495457],[-71.60833,41.495466],[-71.608414,41.495426],[-71.608467,41.495371],[-71.608473,41.495308],[-71.608505,41.495256],[-71.608582,41.495236],[-71.608656,41.495235],[-71.60874,41.495243],[-71.608821,41.495274],[-71.608882,41.495321],[-71.608931,41.495374],[-71.608967,41.495441],[-71.609028,41.495589],[-71.609048,41.495655],[-71.609036,41.495728],[-71.60899,41.495799],[-71.608926,41.495865],[-71.608851,41.495918],[-71.608772,41.495958],[-71.608691,41.49598],[-71.608609,41.495994],[-71.608534,41.496019],[-71.608469,41.496061],[-71.608417,41.496112],[-71.608383,41.496167],[-71.608378,41.496222],[-71.608422,41.496266],[-71.608441,41.496285],[-71.608534,41.496305],[-71.608585,41.496276],[-71.608633,41.496227],[-71.608718,41.496181],[-71.608809,41.496201],[-71.608855,41.496248],[-71.608892,41.496306],[-71.608925,41.496375],[-71.608974,41.496522],[-71.608998,41.496665],[-71.60899,41.496721],[-71.608972,41.496741],[-71.608889,41.496818],[-71.608819,41.496877],[-71.608769,41.496934],[-71.608746,41.49699],[-71.608761,41.497039],[-71.608816,41.497079],[-71.608879,41.497118],[-71.608941,41.497167],[-71.609003,41.49723],[-71.609076,41.49729],[-71.609155,41.497343],[-71.60924,41.497391],[-71.609314,41.497445],[-71.60937,41.497508],[-71.609415,41.497586],[-71.609504,41.497782],[-71.609536,41.497876],[-71.609544,41.497957],[-71.609518,41.498031],[-71.609469,41.498095],[-71.609417,41.498151],[-71.609377,41.498209],[-71.60936,41.49829],[-71.609414,41.4984],[-71.609421,41.498463],[-71.609388,41.498516],[-71.609305,41.498537],[-71.609304,41.498537],[-71.609305,41.498537],[-71.609304,41.498537],[-71.609206,41.498516],[-71.609116,41.49848],[-71.609032,41.498466],[-71.608947,41.498485],[-71.608775,41.49855],[-71.608722,41.4986],[-71.608608,41.498937],[-71.608595,41.499024],[-71.608657,41.499074],[-71.608736,41.499091],[-71.608913,41.499119],[-71.608993,41.499162],[-71.609026,41.499215],[-71.609027,41.499271],[-71.608966,41.499315],[-71.608888,41.499338],[-71.608716,41.499379],[-71.608641,41.499402],[-71.60858,41.499433],[-71.60854,41.499493],[-71.608554,41.499567],[-71.608589,41.499618],[-71.608618,41.499688],[-71.608578,41.499739],[-71.608501,41.499766],[-71.608405,41.499777],[-71.608305,41.499762],[-71.608235,41.499747],[-71.608129,41.499737],[-71.608057,41.499787],[-71.608024,41.499863],[-71.608037,41.499937],[-71.608109,41.499991],[-71.608171,41.50002],[-71.608227,41.500059],[-71.60826,41.500132],[-71.608227,41.500177],[-71.608159,41.500222],[-71.608093,41.500269],[-71.608078,41.500281],[-71.608017,41.500342],[-71.607974,41.500418],[-71.607638,41.500683],[-71.607602,41.500712],[-71.607487,41.500936],[-71.607591,41.501081],[-71.607671,41.501194],[-71.607711,41.501478],[-71.60784,41.501667],[-71.607776,41.50202],[-71.607616,41.502045],[-71.607428,41.502074],[-71.607457,41.50226],[-71.607517,41.502393],[-71.607725,41.502488],[-71.607795,41.502538],[-71.608008,41.502547],[-71.608098,41.502559],[-71.608189,41.502581],[-71.608257,41.502602],[-71.608323,41.502631],[-71.608382,41.502664],[-71.608458,41.502716],[-71.608513,41.502782],[-71.608545,41.502856],[-71.608556,41.502932],[-71.608559,41.50307],[-71.608542,41.503446],[-71.608526,41.503508],[-71.608636,41.504013],[-71.608628,41.504063],[-71.608632,41.504125],[-71.608635,41.50416],[-71.607949,41.502931],[-71.608635,41.50416],[-71.608636,41.504162],[-71.608651,41.504273],[-71.608682,41.504357],[-71.608689,41.504395],[-71.608773,41.504559],[-71.609333,41.506665],[-71.609773,41.508994],[-71.609908,41.509708],[-71.609924,41.509737],[-71.610042,41.510366],[-71.61005,41.510403],[-71.610221,41.511237],[-71.610707,41.513628],[-71.611685,41.518429],[-71.611712,41.518458],[-71.611748,41.518627],[-71.612296,41.521482],[-71.61243,41.522156],[-71.612485,41.522433],[-71.612761,41.523731],[-71.613043,41.525129],[-71.61263,41.524845],[-71.611928,41.524708],[-71.611306,41.524587],[-71.610927,41.524511],[-71.60514,41.523129],[-71.605083,41.523124],[-71.605077,41.523116],[-71.604212,41.522928],[-71.603377,41.522714],[-71.598277,41.52144],[-71.597724,41.521313],[-71.597276,41.521138],[-71.594253,41.52036],[-71.592395,41.5199],[-71.590511,41.519296],[-71.586983,41.518221],[-71.579989,41.516472],[-71.578658,41.51614],[-71.576749,41.515662],[-71.576386,41.515573],[-71.57131,41.514306],[-71.56994,41.51396],[-71.569123,41.513746],[-71.560059,41.511367],[-71.558923,41.511074],[-71.558244,41.510893],[-71.557965,41.510817],[-71.5571,41.51059],[-71.557021,41.51057],[-71.545035,41.507489],[-71.535955,41.505155],[-71.533655,41.504545],[-71.530529,41.50376],[-71.530462,41.503755],[-71.530331,41.503746],[-71.530087,41.503729],[-71.529794,41.503696],[-71.529635,41.503684],[-71.529443,41.503682],[-71.528172,41.50344],[-71.52779,41.503367],[-71.52768,41.503315],[-71.527215,41.503209],[-71.527138,41.503188],[-71.526849,41.503143],[-71.526414,41.503127],[-71.525956,41.503078],[-71.525414,41.502975],[-71.524094,41.502765],[-71.523255,41.502651],[-71.522507,41.502555],[-71.522062,41.502502],[-71.521338,41.502415],[-71.520239,41.502251],[-71.519507,41.502129],[-71.519485,41.502125],[-71.518813,41.501988],[-71.518583,41.501953],[-71.518012,41.501866],[-71.517798,41.501839],[-71.517409,41.501809],[-71.517319,41.501799],[-71.516902,41.501736],[-71.517318,41.501799],[-71.516898,41.501748],[-71.51631,41.501641],[-71.515976,41.501586],[-71.515801,41.501559],[-71.515351,41.501471],[-71.514897,41.501349],[-71.515008,41.50111],[-71.51521,41.500553],[-71.515237,41.500481],[-71.515597,41.499507],[-71.515753,41.499086],[-71.516031,41.498336],[-71.516061,41.498257],[-71.516961,41.495804],[-71.517602,41.494107],[-71.518243,41.492237],[-71.518336,41.491941],[-71.518357,41.491875],[-71.518708,41.490887],[-71.518945,41.490239],[-71.519245,41.48944],[-71.519425,41.488961],[-71.519662,41.488305],[-71.519906,41.487603],[-71.520072,41.487154],[-71.520219,41.486756],[-71.520242,41.48671],[-71.520394,41.486313],[-71.520471,41.486111],[-71.520567,41.485773],[-71.520623,41.485672],[-71.521005,41.48457],[-71.52105,41.484452],[-71.521119,41.484234],[-71.521203,41.483967],[-71.521287,41.483727],[-71.521306,41.483676],[-71.521401,41.483422],[-71.521615,41.482815],[-71.52163,41.48275],[-71.521648,41.482691],[-71.521783,41.482258],[-71.521989,41.481678],[-71.522122,41.481271],[-71.522286,41.48077],[-71.52232,41.480675],[-71.522439,41.480339],[-71.522599,41.479947],[-71.523065,41.479981],[-71.523614,41.480046],[-71.524255,41.480149],[-71.524973,41.480271],[-71.525521,41.480336],[-71.526208,41.480433],[-71.526437,41.480465],[-71.527154,41.480584],[-71.52823,41.480763],[-71.528924,41.480862],[-71.529359,41.480919],[-71.53,41.481007],[-71.531137,41.481175],[-71.531546,41.481242],[-71.531709,41.48127],[-71.532403,41.4814],[-71.532823,41.48148],[-71.533547,41.48161],[-71.534189,41.481739],[-71.53569,41.482055],[-71.536061,41.482125],[-71.536402,41.48218],[-71.536474,41.482192],[-71.536708,41.482222],[-71.536847,41.482248],[-71.536958,41.482263],[-71.537748,41.482359],[-71.539884,41.482659],[-71.540338,41.48272],[-71.540572,41.482744],[-71.540756,41.482758],[-71.54113,41.482778],[-71.541528,41.482787],[-71.542207,41.482767],[-71.542359,41.48276],[-71.542795,41.482758],[-71.54313,41.482746],[-71.543479,41.482732],[-71.543759,41.482697],[-71.543946,41.482664],[-71.544204,41.482606],[-71.544478,41.482535],[-71.544749,41.482452],[-71.544945,41.482375],[-71.545147,41.482281],[-71.545503,41.482113],[-71.545764,41.48201],[-71.546015,41.481917],[-71.546257,41.481841],[-71.546539,41.48178],[-71.546858,41.481727],[-71.547158,41.481701],[-71.547333,41.481694],[-71.547697,41.481689],[-71.54809,41.481696],[-71.54844,41.481694],[-71.5486,41.481705],[-71.548753,41.48172],[-71.548898,41.481739],[-71.549172,41.481797],[-71.549493,41.481881],[-71.549645,41.481934],[-71.549813,41.482006],[-71.550096,41.482144],[-71.550118,41.482155],[-71.551084,41.482632],[-71.551461,41.482819],[-71.551533,41.482854],[-71.551658,41.482914],[-71.551698,41.482933],[-71.551896,41.483025],[-71.552095,41.483105],[-71.552287,41.483174],[-71.552517,41.483234],[-71.553043,41.483341],[-71.55456,41.483583],[-71.555558,41.483735],[-71.556382,41.483864],[-71.557969,41.48415],[-71.558496,41.484242],[-71.558754,41.484315],[-71.559007,41.484372],[-71.559503,41.484509],[-71.559762,41.484593],[-71.559908,41.48464],[-71.562497,41.483064],[-71.567585,41.479963],[-71.567698,41.479893],[-71.569343,41.478892],[-71.570948,41.477924],[-71.573869,41.476132],[-71.574675,41.475639],[-71.576682,41.474401],[-71.578245,41.473451],[-71.580432,41.472114],[-71.586359,41.468509],[-71.588487,41.467192],[-71.592464,41.464774],[-71.594184,41.463722],[-71.596953,41.462025],[-71.596994,41.462053],[-71.597038,41.462081],[-71.597153,41.462133],[-71.597237,41.462129],[-71.597309,41.462117],[-71.597379,41.462128],[-71.597418,41.462177],[-71.597486,41.462281],[-71.597491,41.462396],[-71.597518,41.462534],[-71.597552,41.4626],[-71.597643,41.46273],[-71.597712,41.462752],[-71.597798,41.462767],[-71.597844,41.462812],[-71.597833,41.462882],[-71.5978,41.462933],[-71.597745,41.462972],[-71.597669,41.462992],[-71.597592,41.463006],[-71.597526,41.463049],[-71.597521,41.463107],[-71.597574,41.463146],[-71.597632,41.463179],[-71.597659,41.463245],[-71.59769,41.463301],[-71.597758,41.463329],[-71.597841,41.463307],[-71.597914,41.463298],[-71.597947,41.463328],[-71.597947,41.463395],[-71.597938,41.463454],[-71.597935,41.463521],[-71.597922,41.463598],[-71.597861,41.463642],[-71.597788,41.463652],[-71.597697,41.463644],[-71.597619,41.463642],[-71.597547,41.463661],[-71.597538,41.463711],[-71.597578,41.463765],[-71.597641,41.463812],[-71.597674,41.463864],[-71.597662,41.464044],[-71.59764,41.464106],[-71.597605,41.464159],[-71.597594,41.464225],[-71.597659,41.464271],[-71.597743,41.464302],[-71.597837,41.464301],[-71.597911,41.46426],[-71.597992,41.46424],[-71.59801,41.464277],[-71.598007,41.464337],[-71.597988,41.464394],[-71.597888,41.464518],[-71.597889,41.464589],[-71.597944,41.464643],[-71.598034,41.464656],[-71.598123,41.464656],[-71.598198,41.464671],[-71.598213,41.464726],[-71.598222,41.464849],[-71.598222,41.464854],[-71.598233,41.464927],[-71.598274,41.465121],[-71.598297,41.46518],[-71.598382,41.465279],[-71.598513,41.465628]]],[[[-71.600673,41.479324],[-71.600673,41.479324],[-71.601082,41.479004],[-71.601082,41.479004],[-71.600673,41.479324]]]]}},{"type":"Feature","properties":{"ward":"3208","precinct":"3208","district":"3208","population_2020":3266},"geometry":{"type":"MultiPolygon","coordinates":[[[[-71.597235,41.448266],[-71.597262,41.447984],[-71.597276,41.448048],[-71.597273,41.448174],[-71.597255,41.44823],[-71.597235,41.448266]]],[[[-71.598052,41.448632],[-71.597822,41.448585],[-71.597825,41.448583],[-71.597917,41.448559],[-71.597993,41.448578],[-71.598052,41.448631],[-71.598052,41.448632],[-71.598052,41.448632]]],[[[-71.601543,41.450195],[-71.601501,41.450224],[-71.601519,41.450205],[-71.601543,41.450195]]],[[[-71.606593,41.451142],[-71.606301,41.451212],[-71.606372,41.451179],[-71.606457,41.451073],[-71.606501,41.451027],[-71.606549,41.450986],[-71.606606,41.450982],[-71.606652,41.451017],[-71.606646,41.451074],[-71.606608,41.451127],[-71.606593,41.451142]]],[[[-71.608913,41.452236],[-71.608215,41.451873],[-71.608281,41.451871],[-71.608364,41.451854],[-71.608434,41.451878],[-71.608494,41.451932],[-71.608546,41.452001],[-71.60861,41.452066],[-71.608672,41.452105],[-71.608822,41.452181],[-71.608913,41.452235],[-71.608913,41.452236]]],[[[-71.606607,41.453338],[-71.606652,41.453396],[-71.606643,41.453434],[-71.606578,41.453488],[-71.6065,41.453531],[-71.606415,41.453555],[-71.606607,41.453338]]],[[[-71.605183,41.453764],[-71.605182,41.453764],[-71.605182,41.453764],[-71.605183,41.453764]]],[[[-71.60491,41.454229],[-71.605076,41.453945],[-71.605034,41.454046],[-71.604942,41.454191],[-71.60491,41.454229]]],[[[-71.602995,41.455719],[-71.602995,41.455719],[-71.603325,41.455569],[-71.603246,41.455651],[-71.603159,41.455689],[-71.603066,41.455718],[-71.602995,41.455719],[-71.602995,41.455719]]],[[[-71.602246,41.456212],[-71.602462,41.456413],[-71.602369,41.456406],[-71.602295,41.456378],[-71.602261,41.456332],[-71.602256,41.456259],[-71.602246,41.456212]]],[[[-71.599312,41.457643],[-71.599216,41.457738],[-71.599153,41.457786],[-71.599076,41.457826],[-71.598991,41.457862],[-71.598919,41.4579],[-71.598848,41.457953],[-71.598778,41.457984],[-71.598717,41.457997],[-71.599312,41.457643]]],[[[-71.598629,41.45805],[-71.59863,41.458049],[-71.598629,41.45805],[-71.598628,41.458101],[-71.598657,41.458155],[-71.598648,41.458225],[-71.598627,41.458278],[-71.598587,41.458351],[-71.59854,41.458403],[-71.598629,41.45805]]],[[[-71.597235,41.448266],[-71.597218,41.448298],[-71.597193,41.448359],[-71.59719,41.448425],[-71.597218,41.44846],[-71.597218,41.448461],[-71.597217,41.44846],[-71.597218,41.448461],[-71.597296,41.448482],[-71.597369,41.448498],[-71.597501,41.448587],[-71.597583,41.448626],[-71.597684,41.448626],[-71.597754,41.448608],[-71.597822,41.448585],[-71.598052,41.448632],[-71.598052,41.448632],[-71.59804,41.448703],[-71.597937,41.448878],[-71.597933,41.448933],[-71.597952,41.449008],[-71.598018,41.449058],[-71.598071,41.449072],[-71.59812,41.449084],[-71.598194,41.449096],[-71.598263,41.449114],[-71.598392,41.449167],[-71.598468,41.449213],[-71.598475,41.449271],[-71.598435,41.449335],[-71.598369,41.449393],[-71.598305,41.449423],[-71.598229,41.449439],[-71.598132,41.449452],[-71.598089,41.449489],[-71.598105,41.44955],[-71.598172,41.449604],[-71.598243,41.449628],[-71.598325,41.449649],[-71.598404,41.449659],[-71.598475,41.449645],[-71.598535,41.449614],[-71.598591,41.449577],[-71.598681,41.449549],[-71.59877,41.449537],[-71.598858,41.449516],[-71.598947,41.449506],[-71.599026,41.449527],[-71.599146,41.449635],[-71.599211,41.449684],[-71.599304,41.449712],[-71.5994,41.449704],[-71.599469,41.449687],[-71.599549,41.4497],[-71.599576,41.449736],[-71.599518,41.449849],[-71.59952,41.449917],[-71.599567,41.44996],[-71.599661,41.449991],[-71.599734,41.449999],[-71.599837,41.449996],[-71.599932,41.449971],[-71.600019,41.449935],[-71.6001,41.449912],[-71.600177,41.449923],[-71.600219,41.449969],[-71.600202,41.450035],[-71.600158,41.450096],[-71.600174,41.450161],[-71.60024,41.45019],[-71.600337,41.450187],[-71.60048,41.45014],[-71.600634,41.450101],[-71.600702,41.450078],[-71.60076,41.450028],[-71.600724,41.449968],[-71.60066,41.449912],[-71.600638,41.449849],[-71.600652,41.449772],[-71.600718,41.449712],[-71.600808,41.449691],[-71.600908,41.449702],[-71.60098,41.449743],[-71.601039,41.449813],[-71.601073,41.449868],[-71.601096,41.449926],[-71.601129,41.450042],[-71.601149,41.450094],[-71.601192,41.450166],[-71.601284,41.450286],[-71.601347,41.450328],[-71.601348,41.450328],[-71.601347,41.450329],[-71.601348,41.450328],[-71.601426,41.450301],[-71.601501,41.450224],[-71.601543,41.450195],[-71.601605,41.450169],[-71.601694,41.450157],[-71.60176,41.450116],[-71.601806,41.450066],[-71.601937,41.449896],[-71.601987,41.449848],[-71.602046,41.449806],[-71.602114,41.449771],[-71.602271,41.44971],[-71.60242,41.449667],[-71.602589,41.449642],[-71.602612,41.44962],[-71.602583,41.449569],[-71.602558,41.449511],[-71.602573,41.449447],[-71.602635,41.449385],[-71.602697,41.449355],[-71.6028,41.44934],[-71.602893,41.449361],[-71.602982,41.4494],[-71.603046,41.449435],[-71.603107,41.449477],[-71.603158,41.449528],[-71.603188,41.449585],[-71.603204,41.449646],[-71.603237,41.449719],[-71.603304,41.44976],[-71.603382,41.449758],[-71.60346,41.449731],[-71.603539,41.449696],[-71.603607,41.449649],[-71.603668,41.449626],[-71.603743,41.449639],[-71.603792,41.449675],[-71.603785,41.449733],[-71.603702,41.449865],[-71.603685,41.449931],[-71.603695,41.449988],[-71.60375,41.45001],[-71.603833,41.449993],[-71.603931,41.449981],[-71.60412,41.44997],[-71.604182,41.449951],[-71.604201,41.449905],[-71.604187,41.449844],[-71.604199,41.449784],[-71.60428,41.449749],[-71.604358,41.44977],[-71.604419,41.449821],[-71.60442,41.449877],[-71.604367,41.449932],[-71.604299,41.449982],[-71.604252,41.450032],[-71.604253,41.45008],[-71.604311,41.450123],[-71.604405,41.450144],[-71.604602,41.450114],[-71.604692,41.450138],[-71.604749,41.450175],[-71.604749,41.450178],[-71.604758,41.450326],[-71.60477,41.450397],[-71.604802,41.45046],[-71.604839,41.450519],[-71.604841,41.450519],[-71.605275,41.45052],[-71.604842,41.450519],[-71.604888,41.450515],[-71.604947,41.450484],[-71.605018,41.450438],[-71.605103,41.450403],[-71.605183,41.450381],[-71.605258,41.450378],[-71.605316,41.450411],[-71.605338,41.45047],[-71.605342,41.450591],[-71.605375,41.450625],[-71.605445,41.450613],[-71.605567,41.450539],[-71.605647,41.45052],[-71.605674,41.450563],[-71.605666,41.450629],[-71.605619,41.450692],[-71.605565,41.450749],[-71.605532,41.450809],[-71.605534,41.450868],[-71.605587,41.450926],[-71.605658,41.450928],[-71.605737,41.450892],[-71.605806,41.450841],[-71.605876,41.450807],[-71.605955,41.45081],[-71.606024,41.450843],[-71.606056,41.450898],[-71.606042,41.451024],[-71.606048,41.451079],[-71.606099,41.451122],[-71.606233,41.451189],[-71.606299,41.451212],[-71.6063,41.451212],[-71.606593,41.451142],[-71.606563,41.451173],[-71.606548,41.451225],[-71.606593,41.451278],[-71.606681,41.451276],[-71.606795,41.451214],[-71.606875,41.451243],[-71.606937,41.451261],[-71.606991,41.451235],[-71.607023,41.451173],[-71.607041,41.451104],[-71.60708,41.451046],[-71.607137,41.451013],[-71.607218,41.451022],[-71.607299,41.451068],[-71.607343,41.451122],[-71.607345,41.451192],[-71.607361,41.451236],[-71.607445,41.451232],[-71.607502,41.451197],[-71.607577,41.451166],[-71.60764,41.451214],[-71.607674,41.451276],[-71.607693,41.451343],[-71.607726,41.451404],[-71.607795,41.451417],[-71.607866,41.45137],[-71.607961,41.451251],[-71.608027,41.451202],[-71.608116,41.451206],[-71.608201,41.451249],[-71.608239,41.451312],[-71.608213,41.451384],[-71.608098,41.451496],[-71.608091,41.451549],[-71.608171,41.451655],[-71.608163,41.451718],[-71.608136,41.451777],[-71.608139,41.451833],[-71.608138,41.451833],[-71.608138,41.451833],[-71.608139,41.451833],[-71.608139,41.451833],[-71.608192,41.451873],[-71.608215,41.451873],[-71.608913,41.452236],[-71.608874,41.452265],[-71.608868,41.45228],[-71.608621,41.452412],[-71.608553,41.452465],[-71.608499,41.452526],[-71.608453,41.452588],[-71.608403,41.452642],[-71.608326,41.452674],[-71.608229,41.452679],[-71.608142,41.452695],[-71.608078,41.45273],[-71.608012,41.452773],[-71.607949,41.452804],[-71.607818,41.452859],[-71.607731,41.452891],[-71.607654,41.452901],[-71.607575,41.452872],[-71.607545,41.452815],[-71.607537,41.452671],[-71.607524,41.452612],[-71.607484,41.452562],[-71.607419,41.452537],[-71.607326,41.452523],[-71.607264,41.45255],[-71.607222,41.452602],[-71.607161,41.452625],[-71.607098,41.45267],[-71.60707,41.452727],[-71.607122,41.452773],[-71.607147,41.452838],[-71.607129,41.452885],[-71.607084,41.452931],[-71.607038,41.452987],[-71.606992,41.453053],[-71.606912,41.453185],[-71.606851,41.453223],[-71.606791,41.453219],[-71.606749,41.45316],[-71.606726,41.453106],[-71.606675,41.453054],[-71.606623,41.45306],[-71.606583,41.453106],[-71.606548,41.453166],[-71.606529,41.45323],[-71.606548,41.453286],[-71.606607,41.453337],[-71.606607,41.453338],[-71.606415,41.453555],[-71.606415,41.453555],[-71.606311,41.453552],[-71.606239,41.453537],[-71.606138,41.453523],[-71.606053,41.453537],[-71.605872,41.453586],[-71.605804,41.453619],[-71.605756,41.453679],[-71.605706,41.453729],[-71.60563,41.453733],[-71.605546,41.453693],[-71.605485,41.453658],[-71.605415,41.453637],[-71.605319,41.453654],[-71.605248,41.453704],[-71.605183,41.453763],[-71.605183,41.453764],[-71.605182,41.453764],[-71.605182,41.453764],[-71.605143,41.453812],[-71.60511,41.453865],[-71.605076,41.453945],[-71.60491,41.454229],[-71.604835,41.454318],[-71.604789,41.454384],[-71.604742,41.454514],[-71.604741,41.454517],[-71.60473,41.454645],[-71.604693,41.454706],[-71.604636,41.45477],[-71.604589,41.45484],[-71.604522,41.45498],[-71.604482,41.455033],[-71.604416,41.455074],[-71.604049,41.455265],[-71.603883,41.455336],[-71.603755,41.455374],[-71.604415,41.455075],[-71.603755,41.455374],[-71.603714,41.455386],[-71.603631,41.455415],[-71.603571,41.45545],[-71.603478,41.455458],[-71.603411,41.455491],[-71.603359,41.455534],[-71.603325,41.455569],[-71.602995,41.455719],[-71.602995,41.455719],[-71.602888,41.455628],[-71.602814,41.455607],[-71.602734,41.455624],[-71.602683,41.455673],[-71.602658,41.455728],[-71.602669,41.455805],[-71.602719,41.455857],[-71.602766,41.455921],[-71.602785,41.455988],[-71.602783,41.456053],[-71.602761,41.456122],[-71.602719,41.4562],[-71.602666,41.45627],[-71.602606,41.456324],[-71.602548,41.456368],[-71.602463,41.456413],[-71.602462,41.456413],[-71.602246,41.456212],[-71.602243,41.456198],[-71.60221,41.456138],[-71.60215,41.456077],[-71.602107,41.456082],[-71.601763,41.456313],[-71.601671,41.456305],[-71.601618,41.456253],[-71.601564,41.456211],[-71.601482,41.456195],[-71.601416,41.456226],[-71.601365,41.456274],[-71.601308,41.456268],[-71.601258,41.456261],[-71.6012,41.456293],[-71.6012,41.456293],[-71.601199,41.456293],[-71.601179,41.456365],[-71.601205,41.456416],[-71.601198,41.456523],[-71.601104,41.456576],[-71.600987,41.456576],[-71.600934,41.456617],[-71.600881,41.456682],[-71.60085,41.456747],[-71.600869,41.456799],[-71.600895,41.45685],[-71.600882,41.456922],[-71.600807,41.456973],[-71.600707,41.456987],[-71.600535,41.456983],[-71.600442,41.456997],[-71.600364,41.45702],[-71.600295,41.45705],[-71.600149,41.457144],[-71.600077,41.457205],[-71.600016,41.457271],[-71.599957,41.457325],[-71.599912,41.457374],[-71.599829,41.457499],[-71.599763,41.457556],[-71.599695,41.45759],[-71.599598,41.457601],[-71.599445,41.457562],[-71.599365,41.45759],[-71.599312,41.457643],[-71.598717,41.457997],[-71.598689,41.458003],[-71.59863,41.458049],[-71.598629,41.45805],[-71.59854,41.458403],[-71.598454,41.458498],[-71.598417,41.458619],[-71.598394,41.458836],[-71.598385,41.459019],[-71.598385,41.45902],[-71.598385,41.459023],[-71.598385,41.459023],[-71.598391,41.459085],[-71.598406,41.459126],[-71.598406,41.459126],[-71.598417,41.459155],[-71.598488,41.459274],[-71.598511,41.459336],[-71.5985,41.459405],[-71.598469,41.45944],[-71.598453,41.459459],[-71.598403,41.459506],[-71.598389,41.459568],[-71.598529,41.459644],[-71.598556,41.459696],[-71.598569,41.459752],[-71.598549,41.459828],[-71.598501,41.459875],[-71.598436,41.459922],[-71.598291,41.460005],[-71.598213,41.460037],[-71.59814,41.460056],[-71.59811,41.460088],[-71.598079,41.460201],[-71.598028,41.460269],[-71.59798,41.460319],[-71.597998,41.460383],[-71.597999,41.460441],[-71.597977,41.460499],[-71.59793,41.460544],[-71.597807,41.460615],[-71.597738,41.46065],[-71.597584,41.46071],[-71.59751,41.460747],[-71.59744,41.460792],[-71.597315,41.460885],[-71.597314,41.460886],[-71.597253,41.46094],[-71.597191,41.461006],[-71.596985,41.461266],[-71.596942,41.461336],[-71.596918,41.461397],[-71.596893,41.461534],[-71.596874,41.461603],[-71.596821,41.461739],[-71.596815,41.461806],[-71.596814,41.461807],[-71.596814,41.461808],[-71.596815,41.461806],[-71.596815,41.461807],[-71.596836,41.461867],[-71.596871,41.461922],[-71.596898,41.461988],[-71.596953,41.462025],[-71.594184,41.463722],[-71.592464,41.464774],[-71.588487,41.467192],[-71.586359,41.468509],[-71.580432,41.472114],[-71.578245,41.473451],[-71.576682,41.474401],[-71.574675,41.475639],[-71.573869,41.476132],[-71.570948,41.477924],[-71.569343,41.478892],[-71.567698,41.479893],[-71.567585,41.479963],[-71.562497,41.483064],[-71.559908,41.48464],[-71.559762,41.484593],[-71.559503,41.484509],[-71.559007,41.484372],[-71.558754,41.484315],[-71.558496,41.484242],[-71.557969,41.48415],[-71.556382,41.483864],[-71.555558,41.483735],[-71.55456,41.483583],[-71.553043,41.483341],[-71.552517,41.483234],[-71.552287,41.483174],[-71.552095,41.483105],[-71.551896,41.483025],[-71.551698,41.482933],[-71.551658,41.482914],[-71.551533,41.482854],[-71.551461,41.482819],[-71.551084,41.482632],[-71.550118,41.482155],[-71.550096,41.482144],[-71.549813,41.482006],[-71.549645,41.481934],[-71.549493,41.481881],[-71.549172,41.481797],[-71.548898,41.481739],[-71.548753,41.48172],[-71.5486,41.481705],[-71.54844,41.481694],[-71.54809,41.481696],[-71.547697,41.481689],[-71.547333,41.481694],[-71.547158,41.481701],[-71.546858,41.481727],[-71.546539,41.48178],[-71.546257,41.481841],[-71.546015,41.481917],[-71.545764,41.48201],[-71.545503,41.482113],[-71.545147,41.482281],[-71.544945,41.482375],[-71.544749,41.482452],[-71.544478,41.482535],[-71.544204,41.482606],[-71.543946,41.482664],[-71.543759,41.482697],[-71.543479,41.482732],[-71.54313,41.482746],[-71.542795,41.482758],[-71.542359,41.48276],[-71.542207,41.482767],[-71.541528,41.482787],[-71.54113,41.482778],[-71.540756,41.482758],[-71.540572,41.482744],[-71.540338,41.48272],[-71.539884,41.482659],[-71.537748,41.482359],[-71.536958,41.482263],[-71.536847,41.482248],[-71.536708,41.482222],[-71.536474,41.482192],[-71.536402,41.48218],[-71.536061,41.482125],[-71.53569,41.482055],[-71.534189,41.481739],[-71.533547,41.48161],[-71.532823,41.48148],[-71.532403,41.4814],[-71.531709,41.48127],[-71.531546,41.481242],[-71.531137,41.481175],[-71.53,41.481007],[-71.529359,41.480919],[-71.528924,41.480862],[-71.52823,41.480763],[-71.527154,41.480584],[-71.526437,41.480465],[-71.526208,41.480433],[-71.525521,41.480336],[-71.524973,41.480271],[-71.524255,41.480149],[-71.523614,41.480046],[-71.523065,41.479981],[-71.523126,41.479782],[-71.523271,41.479401],[-71.523461,41.478848],[-71.523797,41.477658],[-71.523881,41.477364],[-71.524171,41.476441],[-71.524278,41.476082],[-71.524423,41.47543],[-71.524491,41.475163],[-71.524568,41.474865],[-71.524751,41.474198],[-71.524797,41.474053],[-71.524934,41.473545],[-71.525094,41.47308],[-71.525338,41.472435],[-71.525392,41.472267],[-71.525676,41.471386],[-71.525742,41.471184],[-71.525802,41.470959],[-71.525892,41.470624],[-71.526038,41.470137],[-71.526132,41.469796],[-71.526155,41.469654],[-71.526193,41.469258],[-71.526231,41.468758],[-71.526245,41.468592],[-71.526275,41.468262],[-71.526293,41.468048],[-71.526298,41.467993],[-71.526322,41.467736],[-71.52638,41.466807],[-71.526399,41.466507],[-71.526444,41.466015],[-71.526457,41.465765],[-71.52646,41.465725],[-71.526475,41.465584],[-71.526475,41.465527],[-71.526506,41.464833],[-71.526513,41.464791],[-71.526521,41.46452],[-71.526559,41.463982],[-71.526582,41.463581],[-71.526612,41.463185],[-71.526628,41.462613],[-71.526643,41.46241],[-71.52665,41.462361],[-71.52665,41.462292],[-71.52665,41.46209],[-71.526696,41.461579],[-71.526712,41.46148],[-71.526727,41.461377],[-71.52678,41.461121],[-71.526834,41.460923],[-71.526849,41.460812],[-71.526866,41.46076],[-71.526879,41.460724],[-71.526948,41.460602],[-71.527078,41.460427],[-71.527238,41.460247],[-71.527297,41.460166],[-71.527154,41.460167],[-71.526347,41.460063],[-71.526157,41.460017],[-71.525161,41.459778],[-71.52404,41.459503],[-71.522541,41.459133],[-71.521284,41.458895],[-71.520279,41.458692],[-71.520142,41.458677],[-71.520024,41.458656],[-71.520117,41.458599],[-71.520272,41.458504],[-71.520656,41.458281],[-71.52134,41.457886],[-71.521987,41.45753],[-71.520207,41.455063],[-71.51842,41.455478],[-71.518209,41.454947],[-71.517006,41.455051],[-71.516941,41.452834],[-71.516816,41.452584],[-71.516143,41.45195],[-71.515939,41.449994],[-71.515698,41.449915],[-71.515548,41.449922],[-71.515449,41.449935],[-71.515196,41.449756],[-71.515199,41.4496],[-71.515045,41.449397],[-71.514777,41.449235],[-71.514629,41.449135],[-71.514512,41.449012],[-71.514235,41.448964],[-71.513829,41.448954],[-71.513349,41.449208],[-71.513259,41.449192],[-71.51317,41.449239],[-71.513106,41.449429],[-71.513061,41.449604],[-71.512908,41.449704],[-71.512694,41.449673],[-71.512542,41.44978],[-71.512466,41.4501],[-71.512237,41.450375],[-71.511947,41.450672],[-71.511827,41.450781],[-71.511703,41.450894],[-71.511535,41.451084],[-71.511443,41.451382],[-71.511472,41.451486],[-71.51152,41.451657],[-71.51167,41.451839],[-71.511733,41.451908],[-71.511901,41.451962],[-71.511621,41.45217],[-71.511013,41.452108],[-71.510218,41.452419],[-71.510169,41.452856],[-71.510159,41.452956],[-71.509974,41.452897],[-71.50988,41.452872],[-71.509765,41.452834],[-71.509622,41.452783],[-71.509477,41.452755],[-71.509065,41.452692],[-71.508716,41.452647],[-71.507885,41.452658],[-71.507156,41.452757],[-71.506376,41.452828],[-71.505659,41.45278],[-71.505715,41.452661],[-71.505822,41.452435],[-71.505982,41.452092],[-71.506257,41.451516],[-71.506265,41.451493],[-71.506494,41.451031],[-71.506555,41.45089],[-71.506677,41.450425],[-71.506715,41.450241],[-71.506776,41.449986],[-71.506837,41.449398],[-71.506845,41.449322],[-71.506854,41.449],[-71.506867,41.448601],[-71.506875,41.448151],[-71.506883,41.447956],[-71.506867,41.44777],[-71.506852,41.447491],[-71.50686,41.44738],[-71.50686,41.447293],[-71.50689,41.446965],[-71.506903,41.446885],[-71.506913,41.446823],[-71.507134,41.445771],[-71.507875,41.445889],[-71.508172,41.445923],[-71.508439,41.445931],[-71.50863,41.445935],[-71.509003,41.445924],[-71.509484,41.445912],[-71.510499,41.445877],[-71.510705,41.445881],[-71.511561,41.445847],[-71.511849,41.445832],[-71.512002,41.445832],[-71.512109,41.445843],[-71.512231,41.445866],[-71.5123,41.445885],[-71.512361,41.445908],[-71.512467,41.445965],[-71.512582,41.446041],[-71.512658,41.446083],[-71.513307,41.446526],[-71.51349,41.446671],[-71.513589,41.446728],[-71.513764,41.446789],[-71.513886,41.44682],[-71.513948,41.446831],[-71.514054,41.446835],[-71.514184,41.446846],[-71.514271,41.446863],[-71.515107,41.446965],[-71.515405,41.446976],[-71.515954,41.446965],[-71.516549,41.446938],[-71.516709,41.446942],[-71.517335,41.446938],[-71.517808,41.446926],[-71.518731,41.446877],[-71.519166,41.446862],[-71.519494,41.446865],[-71.519761,41.446885],[-71.520936,41.447029],[-71.521096,41.447041],[-71.52134,41.447041],[-71.522332,41.446915],[-71.522492,41.446888],[-71.523126,41.446797],[-71.524148,41.44664],[-71.524195,41.44671],[-71.524728,41.44751],[-71.525323,41.448346],[-71.52546,41.448532],[-71.525788,41.449025],[-71.52629,41.449771],[-71.526588,41.450212],[-71.527031,41.450862],[-71.527337,41.45131],[-71.527673,41.451908],[-71.527693,41.451946],[-71.527787,41.452118],[-71.527833,41.452214],[-71.527925,41.452492],[-71.52794,41.452572],[-71.527947,41.452603],[-71.527947,41.452668],[-71.527955,41.452736],[-71.528077,41.453312],[-71.528129,41.453586],[-71.528192,41.454033],[-71.528257,41.453954],[-71.528353,41.453896],[-71.528477,41.453854],[-71.528619,41.453831],[-71.528688,41.45382],[-71.531391,41.453625],[-71.53161,41.45361],[-71.533082,41.453427],[-71.533402,41.453366],[-71.533586,41.453316],[-71.533837,41.453225],[-71.533914,41.453198],[-71.534272,41.453091],[-71.534539,41.453045],[-71.534791,41.453015],[-71.534875,41.452996],[-71.53505,41.452965],[-71.535264,41.452954],[-71.535516,41.452954],[-71.535905,41.452961],[-71.53615,41.452951],[-71.536744,41.452927],[-71.537057,41.452904],[-71.537454,41.452862],[-71.537576,41.452843],[-71.537774,41.452797],[-71.537865,41.452781],[-71.537963,41.452758],[-71.538034,41.45274],[-71.538331,41.452629],[-71.538484,41.452561],[-71.538804,41.452427],[-71.538957,41.452355],[-71.539117,41.452286],[-71.539392,41.452156],[-71.539545,41.45208],[-71.539643,41.452031],[-71.540109,41.451775],[-71.540948,41.451226],[-71.54242,41.450302],[-71.542909,41.44999],[-71.543634,41.44954],[-71.545419,41.448479],[-71.545602,41.44838],[-71.545846,41.448273],[-71.545945,41.448243],[-71.546266,41.448166],[-71.546548,41.448151],[-71.546838,41.448094],[-71.547143,41.448056],[-71.547323,41.448024],[-71.547387,41.448014],[-71.547479,41.447991],[-71.54757,41.447976],[-71.547639,41.44796],[-71.547784,41.447941],[-71.547868,41.447941],[-71.54802,41.447956],[-71.548226,41.447983],[-71.548417,41.448021],[-71.548608,41.448075],[-71.548883,41.44814],[-71.549081,41.448151],[-71.5496,41.448155],[-71.54979,41.448151],[-71.549981,41.44814],[-71.550164,41.44812],[-71.550378,41.448086],[-71.550592,41.448037],[-71.55079,41.447995],[-71.551026,41.447945],[-71.551255,41.447903],[-71.551477,41.447846],[-71.55166,41.447789],[-71.552026,41.447659],[-71.552232,41.44759],[-71.552445,41.44751],[-71.552552,41.447464],[-71.552857,41.447346],[-71.55294,41.447308],[-71.553041,41.447262],[-71.553124,41.44722],[-71.553201,41.447174],[-71.553285,41.447117],[-71.553437,41.446999],[-71.55446,41.446347],[-71.555436,41.445877],[-71.555962,41.445757],[-71.557327,41.445613],[-71.558241,41.445629],[-71.559185,41.445628],[-71.559207,41.44557],[-71.559273,41.445432],[-71.559318,41.445384],[-71.55933,41.445316],[-71.559371,41.445268],[-71.559444,41.445226],[-71.559502,41.445169],[-71.559557,41.445104],[-71.559625,41.445046],[-71.559684,41.444977],[-71.559732,41.444932],[-71.560019,41.44469],[-71.56007,41.44464],[-71.560114,41.444574],[-71.560195,41.44452],[-71.560309,41.444433],[-71.560442,41.444314],[-71.560554,41.444193],[-71.560594,41.444123],[-71.560661,41.443979],[-71.560688,41.443898],[-71.560693,41.443877],[-71.560718,41.443771],[-71.560735,41.443547],[-71.560766,41.443497],[-71.560815,41.443444],[-71.560885,41.443397],[-71.560968,41.443368],[-71.561046,41.443351],[-71.561121,41.443328],[-71.561207,41.443313],[-71.561282,41.443315],[-71.561357,41.443312],[-71.56143,41.44319],[-71.561487,41.443148],[-71.561567,41.443119],[-71.561736,41.443078],[-71.56181,41.443039],[-71.561837,41.443],[-71.561792,41.442955],[-71.561621,41.442942],[-71.561489,41.442885],[-71.561333,41.442832],[-71.561262,41.442784],[-71.561219,41.442735],[-71.561057,41.442496],[-71.561028,41.442426],[-71.561021,41.442358],[-71.56103,41.442084],[-71.561045,41.441957],[-71.561055,41.441803],[-71.561064,41.441734],[-71.561119,41.441517],[-71.561146,41.441445],[-71.561212,41.441324],[-71.561337,41.441048],[-71.56139,41.440987],[-71.56143,41.440929],[-71.561479,41.440737],[-71.561502,41.440671],[-71.561537,41.440605],[-71.561584,41.440538],[-71.561712,41.440393],[-71.56184,41.44031],[-71.561914,41.440269],[-71.56201,41.44024],[-71.562102,41.440236],[-71.562189,41.440258],[-71.562265,41.440257],[-71.562372,41.440248],[-71.562522,41.440228],[-71.562623,41.440223],[-71.562825,41.440241],[-71.562914,41.440258],[-71.562983,41.440287],[-71.563072,41.440308],[-71.563159,41.440297],[-71.563236,41.440305],[-71.563312,41.440321],[-71.5634,41.440348],[-71.563614,41.440427],[-71.563764,41.440501],[-71.563892,41.440558],[-71.563967,41.440599],[-71.564022,41.440611],[-71.564099,41.440568],[-71.564153,41.440526],[-71.564224,41.440501],[-71.56432,41.440481],[-71.564393,41.440454],[-71.564735,41.440286],[-71.564788,41.440248],[-71.564832,41.440181],[-71.564851,41.440103],[-71.564861,41.440034],[-71.564861,41.439974],[-71.565011,41.439906],[-71.565084,41.439868],[-71.565221,41.439784],[-71.565342,41.439699],[-71.565527,41.439537],[-71.565675,41.43944],[-71.56572,41.439393],[-71.565726,41.439335],[-71.565666,41.439302],[-71.565576,41.439271],[-71.565514,41.439243],[-71.565199,41.439067],[-71.565086,41.438982],[-71.564955,41.43891],[-71.564896,41.438864],[-71.564831,41.438829],[-71.564755,41.438812],[-71.564695,41.438777],[-71.564627,41.438756],[-71.564551,41.438741],[-71.564475,41.438704],[-71.56441,41.438645],[-71.564356,41.438586],[-71.564233,41.438474],[-71.564118,41.43838],[-71.563822,41.438065],[-71.563689,41.43795],[-71.563621,41.437897],[-71.563474,41.437753],[-71.563406,41.437659],[-71.563402,41.437597],[-71.563389,41.437535],[-71.563371,41.437482],[-71.56332,41.437425],[-71.563262,41.437373],[-71.563238,41.437249],[-71.563239,41.437046],[-71.563248,41.436989],[-71.56327,41.436914],[-71.563275,41.436843],[-71.563246,41.436732],[-71.563237,41.436675],[-71.563235,41.436542],[-71.563243,41.436475],[-71.563294,41.436294],[-71.563305,41.436235],[-71.563311,41.436094],[-71.563344,41.435803],[-71.563346,41.435667],[-71.56334,41.435598],[-71.563327,41.435522],[-71.563284,41.435341],[-71.563244,41.434997],[-71.563243,41.43485],[-71.563248,41.434765],[-71.563285,41.434483],[-71.563286,41.434401],[-71.563276,41.43419],[-71.56328,41.434127],[-71.563301,41.434059],[-71.563305,41.43399],[-71.563292,41.433924],[-71.563291,41.433851],[-71.563309,41.433771],[-71.563354,41.433647],[-71.563386,41.433591],[-71.563402,41.433537],[-71.563438,41.433482],[-71.563468,41.433426],[-71.563488,41.43336],[-71.563512,41.433302],[-71.563609,41.433199],[-71.563661,41.433137],[-71.563678,41.433079],[-71.563643,41.432936],[-71.563642,41.432869],[-71.563656,41.432821],[-71.563802,41.432742],[-71.563877,41.432689],[-71.563919,41.432631],[-71.563936,41.432566],[-71.563973,41.432506],[-71.563958,41.432446],[-71.563958,41.432382],[-71.563986,41.432325],[-71.56407,41.432197],[-71.564123,41.432146],[-71.564192,41.432101],[-71.564255,41.432048],[-71.56429,41.431977],[-71.56427,41.431848],[-71.56427,41.431789],[-71.564297,41.43173],[-71.564347,41.431679],[-71.564405,41.431633],[-71.564448,41.431586],[-71.564465,41.43153],[-71.564474,41.43147],[-71.564502,41.431405],[-71.564555,41.431348],[-71.56463,41.431307],[-71.564799,41.431257],[-71.564856,41.431217],[-71.56496,41.431052],[-71.564963,41.430991],[-71.564952,41.43093],[-71.564929,41.430863],[-71.564925,41.430793],[-71.564946,41.430732],[-71.565001,41.430674],[-71.565055,41.430636],[-71.565186,41.43058],[-71.565312,41.430495],[-71.565394,41.430487],[-71.565482,41.430499],[-71.565559,41.430496],[-71.565708,41.430443],[-71.565864,41.430397],[-71.565911,41.430369],[-71.565915,41.430242],[-71.565943,41.430186],[-71.565988,41.43012],[-71.566051,41.430066],[-71.566135,41.43005],[-71.566218,41.43005],[-71.566278,41.430064],[-71.566323,41.430096],[-71.566412,41.43009],[-71.566489,41.430044],[-71.566753,41.42982],[-71.566836,41.42977],[-71.566931,41.429731],[-71.567077,41.429681],[-71.567144,41.429652],[-71.567291,41.429563],[-71.567368,41.429523],[-71.567439,41.429504],[-71.567515,41.429514],[-71.567608,41.429543],[-71.567682,41.429547],[-71.56776,41.42954],[-71.567862,41.429524],[-71.567961,41.429503],[-71.56806,41.429495],[-71.568154,41.429494],[-71.568226,41.429507],[-71.568292,41.429549],[-71.568379,41.429594],[-71.568468,41.429622],[-71.568566,41.429628],[-71.568592,41.429626],[-71.568648,41.42962],[-71.568734,41.42964],[-71.568808,41.429637],[-71.568878,41.429604],[-71.568903,41.429543],[-71.568937,41.429494],[-71.568998,41.429453],[-71.569057,41.42942],[-71.569128,41.429368],[-71.569207,41.429318],[-71.569294,41.429283],[-71.569368,41.429276],[-71.569443,41.429308],[-71.569498,41.429298],[-71.569621,41.429206],[-71.569699,41.429159],[-71.569786,41.429118],[-71.56985,41.429093],[-71.569949,41.429062],[-71.570045,41.429027],[-71.570123,41.428978],[-71.570181,41.428933],[-71.57024,41.428894],[-71.570311,41.428856],[-71.570528,41.428757],[-71.570598,41.42871],[-71.570645,41.428667],[-71.570714,41.428638],[-71.570888,41.42863],[-71.570962,41.428617],[-71.571304,41.428532],[-71.571375,41.428502],[-71.571453,41.42851],[-71.571539,41.428531],[-71.571804,41.428529],[-71.571896,41.428519],[-71.571974,41.428499],[-71.572049,41.428504],[-71.572114,41.428519],[-71.572184,41.428506],[-71.572259,41.428483],[-71.572345,41.428481],[-71.572438,41.428499],[-71.572607,41.428544],[-71.572744,41.428592],[-71.572816,41.428608],[-71.57291,41.428612],[-71.573173,41.42861],[-71.573264,41.42862],[-71.573327,41.428651],[-71.573382,41.428695],[-71.573463,41.428685],[-71.573529,41.428641],[-71.573612,41.428608],[-71.573693,41.428594],[-71.573888,41.428589],[-71.573969,41.428574],[-71.574046,41.42857],[-71.574127,41.428585],[-71.574197,41.428621],[-71.574268,41.42861],[-71.574342,41.428584],[-71.574437,41.428568],[-71.574683,41.428559],[-71.575041,41.428555],[-71.575146,41.428558],[-71.575218,41.428571],[-71.575295,41.428576],[-71.575469,41.428575],[-71.575546,41.428552],[-71.575605,41.428519],[-71.575673,41.4285],[-71.575766,41.428499],[-71.575857,41.428507],[-71.575937,41.428519],[-71.576095,41.428555],[-71.576163,41.428574],[-71.576229,41.428601],[-71.576294,41.42864],[-71.57637,41.428679],[-71.576453,41.428708],[-71.576629,41.42875],[-71.576724,41.428781],[-71.576822,41.428803],[-71.576925,41.428808],[-71.577086,41.428824],[-71.577333,41.428824],[-71.577408,41.428831],[-71.577578,41.428856],[-71.577659,41.428877],[-71.577785,41.428933],[-71.577852,41.428956],[-71.578063,41.429004],[-71.578144,41.429026],[-71.578217,41.429062],[-71.578291,41.429106],[-71.578664,41.42924],[-71.578849,41.429289],[-71.57925,41.429408],[-71.579456,41.429473],[-71.579726,41.429576],[-71.579969,41.429646],[-71.580037,41.429673],[-71.580109,41.429693],[-71.580154,41.429719],[-71.58024,41.429772],[-71.580311,41.429793],[-71.580383,41.429802],[-71.58046,41.429799],[-71.580687,41.429741],[-71.580785,41.429724],[-71.580875,41.429722],[-71.581065,41.429727],[-71.581159,41.429766],[-71.581289,41.429848],[-71.5814,41.429948],[-71.581473,41.430003],[-71.581543,41.430036],[-71.581732,41.430088],[-71.58212,41.430216],[-71.582344,41.430276],[-71.582443,41.430311],[-71.582617,41.43038],[-71.582872,41.430499],[-71.583034,41.430592],[-71.583095,41.430636],[-71.583212,41.430731],[-71.583241,41.430783],[-71.583245,41.43091],[-71.583326,41.430952],[-71.583418,41.430974],[-71.583514,41.430979],[-71.583714,41.430981],[-71.583774,41.430999],[-71.583827,41.43104],[-71.583992,41.431128],[-71.584129,41.431196],[-71.584206,41.431239],[-71.584531,41.43144],[-71.58479,41.431574],[-71.584846,41.431609],[-71.584896,41.431648],[-71.585028,41.431771],[-71.585149,41.431868],[-71.585194,41.431913],[-71.585217,41.431966],[-71.585262,41.432013],[-71.585281,41.432056],[-71.585315,41.432108],[-71.585404,41.432154],[-71.585542,41.432214],[-71.585696,41.432306],[-71.585987,41.432403],[-71.58608,41.43242],[-71.586172,41.43242],[-71.586262,41.432437],[-71.586349,41.432471],[-71.586529,41.432522],[-71.586616,41.432556],[-71.586754,41.432593],[-71.586825,41.432622],[-71.586864,41.432675],[-71.586886,41.43274],[-71.586966,41.432783],[-71.587038,41.43281],[-71.587113,41.432847],[-71.587164,41.432891],[-71.587229,41.432934],[-71.58739,41.433013],[-71.587475,41.433061],[-71.587678,41.43322],[-71.587777,41.433313],[-71.587831,41.433351],[-71.588054,41.433481],[-71.588185,41.433563],[-71.588252,41.433611],[-71.588296,41.433656],[-71.588339,41.433711],[-71.588367,41.433761],[-71.588369,41.433817],[-71.588399,41.433883],[-71.588466,41.433935],[-71.58858,41.434004],[-71.588657,41.434057],[-71.588724,41.43411],[-71.588782,41.434163],[-71.588885,41.434272],[-71.588945,41.434327],[-71.589012,41.434374],[-71.589155,41.43445],[-71.589224,41.434494],[-71.589293,41.434548],[-71.589621,41.434748],[-71.589851,41.434911],[-71.589924,41.43497],[-71.590021,41.435057],[-71.590077,41.435095],[-71.590154,41.435139],[-71.590203,41.435183],[-71.590264,41.435292],[-71.590319,41.435347],[-71.590529,41.43549],[-71.590591,41.435538],[-71.590644,41.435587],[-71.59073,41.435683],[-71.590875,41.435816],[-71.590929,41.43586],[-71.591039,41.435939],[-71.591087,41.435993],[-71.591113,41.436044],[-71.591149,41.436095],[-71.591238,41.436189],[-71.591325,41.436291],[-71.591352,41.436397],[-71.591433,41.436506],[-71.591467,41.436566],[-71.591503,41.436689],[-71.591572,41.436885],[-71.591604,41.43696],[-71.591645,41.43703],[-71.591745,41.437242],[-71.591847,41.437415],[-71.591866,41.43747],[-71.591879,41.437528],[-71.591944,41.437703],[-71.591999,41.437825],[-71.592018,41.437901],[-71.592065,41.43802],[-71.592107,41.438159],[-71.592198,41.438361],[-71.592278,41.438486],[-71.592322,41.43854],[-71.592373,41.438588],[-71.59245,41.438629],[-71.59248,41.438638],[-71.59248,41.438699],[-71.59253,41.438749],[-71.592543,41.438788],[-71.592541,41.438855],[-71.592577,41.438909],[-71.592616,41.438983],[-71.59269,41.439099],[-71.592718,41.439167],[-71.59273,41.439223],[-71.592792,41.439272],[-71.592839,41.439333],[-71.592833,41.439405],[-71.592838,41.439472],[-71.592825,41.439547],[-71.592798,41.439613],[-71.592771,41.439738],[-71.592732,41.439805],[-71.592667,41.439858],[-71.592584,41.439871],[-71.592413,41.439866],[-71.592314,41.439885],[-71.592221,41.43991],[-71.592152,41.439939],[-71.592094,41.439983],[-71.592099,41.440039],[-71.592054,41.440089],[-71.59199,41.440088],[-71.591976,41.440136],[-71.592007,41.440206],[-71.592029,41.44027],[-71.591999,41.44033],[-71.591908,41.440415],[-71.591845,41.440444],[-71.591811,41.440497],[-71.591796,41.440559],[-71.591753,41.440571],[-71.591676,41.440568],[-71.591582,41.440577],[-71.591517,41.440595],[-71.591522,41.440645],[-71.591606,41.44067],[-71.591635,41.440705],[-71.591602,41.440766],[-71.591568,41.440816],[-71.591541,41.440869],[-71.59151,41.440879],[-71.591425,41.44087],[-71.591362,41.440901],[-71.591317,41.440944],[-71.591344,41.440998],[-71.591315,41.441061],[-71.591341,41.441118],[-71.591328,41.441177],[-71.591305,41.441242],[-71.591294,41.441308],[-71.591262,41.441363],[-71.591261,41.441432],[-71.591238,41.441495],[-71.59119,41.441533],[-71.591215,41.441566],[-71.59126,41.441611],[-71.591278,41.44167],[-71.591258,41.44173],[-71.591214,41.441793],[-71.591092,41.441909],[-71.59106,41.441943],[-71.591043,41.441961],[-71.591015,41.44202],[-71.591004,41.442075],[-71.591013,41.442135],[-71.591149,41.442223],[-71.59122,41.442261],[-71.591256,41.442306],[-71.591235,41.44233],[-71.591269,41.442368],[-71.591342,41.442402],[-71.591412,41.442443],[-71.591489,41.442495],[-71.591549,41.442555],[-71.591586,41.442628],[-71.5916,41.442682],[-71.591609,41.442762],[-71.591638,41.442816],[-71.591804,41.443012],[-71.591898,41.443145],[-71.591927,41.443222],[-71.59194,41.443289],[-71.591945,41.443361],[-71.591961,41.443428],[-71.59199,41.443486],[-71.592005,41.443539],[-71.592007,41.443649],[-71.592025,41.443723],[-71.59203,41.443797],[-71.592008,41.443866],[-71.592004,41.44392],[-71.592034,41.443984],[-71.592106,41.444042],[-71.592167,41.444074],[-71.592236,41.444102],[-71.59231,41.444121],[-71.592382,41.444128],[-71.592476,41.444122],[-71.592646,41.444082],[-71.592718,41.444048],[-71.592789,41.444033],[-71.592855,41.444044],[-71.592899,41.444097],[-71.592937,41.444167],[-71.592961,41.444229],[-71.593003,41.444268],[-71.593081,41.44428],[-71.593172,41.444279],[-71.593252,41.444291],[-71.593265,41.444315],[-71.59321,41.444365],[-71.593135,41.444415],[-71.593094,41.444467],[-71.593114,41.444524],[-71.593169,41.444585],[-71.593241,41.444643],[-71.593325,41.444681],[-71.593412,41.444686],[-71.593488,41.444649],[-71.59356,41.444594],[-71.593642,41.444549],[-71.593722,41.444545],[-71.593792,41.444595],[-71.593842,41.444639],[-71.593885,41.44469],[-71.593898,41.44475],[-71.593882,41.444884],[-71.593839,41.445061],[-71.593837,41.445118],[-71.593842,41.445191],[-71.593882,41.445247],[-71.59395,41.445301],[-71.593987,41.445355],[-71.593959,41.445409],[-71.593913,41.445464],[-71.593909,41.445533],[-71.593938,41.445594],[-71.594024,41.445636],[-71.594097,41.445655],[-71.594171,41.445666],[-71.594263,41.445686],[-71.594329,41.44574],[-71.594376,41.445805],[-71.594427,41.445865],[-71.59451,41.445916],[-71.594717,41.446016],[-71.59492,41.446121],[-71.594995,41.446156],[-71.595142,41.446233],[-71.595217,41.446278],[-71.595233,41.446296],[-71.595268,41.446334],[-71.595306,41.446404],[-71.595371,41.446458],[-71.595466,41.446495],[-71.595559,41.446503],[-71.59572,41.446457],[-71.595791,41.446488],[-71.595814,41.446558],[-71.595812,41.446631],[-71.595842,41.446682],[-71.59592,41.446723],[-71.596013,41.446744],[-71.596107,41.446745],[-71.59618,41.446757],[-71.596221,41.446807],[-71.596238,41.446889],[-71.596234,41.447061],[-71.596211,41.447136],[-71.596175,41.447203],[-71.596113,41.447249],[-71.596054,41.44728],[-71.596043,41.447355],[-71.596071,41.447419],[-71.596129,41.447481],[-71.596203,41.447525],[-71.596288,41.447528],[-71.596367,41.447495],[-71.596438,41.447487],[-71.596516,41.447524],[-71.596579,41.447587],[-71.59659,41.447649],[-71.596568,41.447704],[-71.596566,41.44776],[-71.596583,41.44781],[-71.596647,41.447852],[-71.596733,41.447884],[-71.596905,41.447932],[-71.596983,41.447926],[-71.597091,41.447838],[-71.597152,41.447857],[-71.597216,41.447914],[-71.597262,41.447983],[-71.597262,41.447984],[-71.597235,41.448266]]]]}},{"type":"Feature","properties":{"ward":"3209","precinct":"3209","district":"3209","population_2020":2978},"geometry":{"type":"MultiPolygon","coordinates":[[[[-71.535295,41.377347],[-71.535268,41.377297],[-71.535424,41.377322],[-71.535366,41.377318],[-71.535295,41.377347]]],[[[-71.528132,41.38089],[-71.528184,41.380666],[-71.528209,41.380729],[-71.528205,41.380794],[-71.528179,41.38085],[-71.528132,41.38089]]],[[[-71.524099,41.380269],[-71.523785,41.37988],[-71.523676,41.380639],[-71.523334,41.379885],[-71.523848,41.379451],[-71.525371,41.380774],[-71.524392,41.381009],[-71.524648,41.380476],[-71.524099,41.380269]]],[[[-71.5178,41.383156],[-71.5178,41.383155],[-71.517801,41.383155],[-71.517816,41.383117],[-71.517803,41.383063],[-71.517732,41.382889],[-71.517669,41.382762],[-71.517574,41.382587],[-71.517532,41.382481],[-71.517506,41.382429],[-71.517403,41.382269],[-71.517395,41.382257],[-71.517321,41.38216],[-71.517313,41.382144],[-71.517633,41.381752],[-71.518616,41.380923],[-71.519507,41.382406],[-71.519598,41.383952],[-71.520163,41.384659],[-71.519821,41.385144],[-71.518812,41.385521],[-71.518812,41.385521],[-71.518228,41.384604],[-71.518224,41.384594],[-71.518211,41.384536],[-71.518171,41.384484],[-71.518114,41.384426],[-71.517577,41.383583],[-71.5178,41.383156]]],[[[-71.527262,41.385957],[-71.527225,41.385948],[-71.527149,41.385961],[-71.527066,41.38597],[-71.526888,41.385962],[-71.526887,41.385957],[-71.526807,41.385948],[-71.52673,41.385944],[-71.526642,41.38593],[-71.526467,41.385918],[-71.526447,41.385942],[-71.525741,41.385911],[-71.525119,41.385686],[-71.525427,41.384832],[-71.524719,41.38458],[-71.524775,41.384202],[-71.523605,41.384562],[-71.523276,41.384373],[-71.523553,41.38375],[-71.522302,41.383535],[-71.520644,41.384011],[-71.520107,41.383354],[-71.52086,41.383595],[-71.520996,41.382641],[-71.521982,41.381836],[-71.521874,41.380878],[-71.520973,41.380829],[-71.521059,41.380052],[-71.521581,41.379983],[-71.522903,41.380323],[-71.522236,41.379405],[-71.521195,41.379088],[-71.521461,41.379876],[-71.520685,41.379737],[-71.519601,41.379864],[-71.520141,41.379043],[-71.520178,41.37902],[-71.520208,41.378989],[-71.520262,41.378957],[-71.520309,41.378938],[-71.520398,41.378872],[-71.520435,41.378845],[-71.520489,41.378795],[-71.520539,41.378737],[-71.520612,41.378625],[-71.520738,41.378475],[-71.52074,41.37844],[-71.521592,41.377537],[-71.522692,41.376833],[-71.523918,41.376899],[-71.523986,41.376912],[-71.524133,41.376919],[-71.524227,41.376929],[-71.524452,41.376945],[-71.524528,41.376947],[-71.524603,41.376959],[-71.524676,41.376951],[-71.524915,41.376957],[-71.524994,41.376962],[-71.525176,41.376983],[-71.52526,41.376984],[-71.525335,41.37698],[-71.525423,41.376994],[-71.525525,41.376985],[-71.52566,41.376992],[-71.525662,41.376992],[-71.525662,41.376992],[-71.529501,41.376839],[-71.529528,41.37684],[-71.52955,41.376837],[-71.529765,41.376829],[-71.529792,41.376824],[-71.529838,41.376815],[-71.529843,41.376814],[-71.529959,41.376792],[-71.529987,41.37679],[-71.530058,41.37678],[-71.530136,41.37676],[-71.530398,41.376724],[-71.530815,41.376683],[-71.530903,41.376666],[-71.531059,41.376622],[-71.531154,41.376619],[-71.531238,41.376604],[-71.531309,41.376581],[-71.531395,41.376566],[-71.531547,41.376501],[-71.531622,41.376497],[-71.531769,41.376449],[-71.531849,41.376435],[-71.531903,41.376423],[-71.532012,41.376402],[-71.532013,41.376401],[-71.532163,41.37636],[-71.532304,41.376307],[-71.532465,41.376259],[-71.53264,41.376201],[-71.532934,41.376702],[-71.53355,41.376948],[-71.533423,41.377486],[-71.533345,41.377511],[-71.53328,41.377546],[-71.533208,41.377524],[-71.533142,41.377487],[-71.533091,41.377443],[-71.533032,41.377464],[-71.532948,41.37746],[-71.532937,41.377484],[-71.532955,41.37754],[-71.533,41.377593],[-71.533072,41.377622],[-71.53311,41.377668],[-71.533168,41.37778],[-71.53322,41.377813],[-71.533293,41.377835],[-71.533327,41.377893],[-71.532958,41.377988],[-71.532915,41.377968],[-71.532848,41.377947],[-71.532764,41.37796],[-71.532622,41.377999],[-71.532559,41.378035],[-71.532486,41.378069],[-71.532357,41.378144],[-71.531982,41.378241],[-71.531976,41.37824],[-71.531716,41.378211],[-71.531659,41.37822],[-71.531598,41.378256],[-71.531606,41.378281],[-71.531644,41.378328],[-71.531643,41.378328],[-71.531644,41.378329],[-71.531786,41.378375],[-71.531961,41.3784],[-71.531965,41.3784],[-71.532608,41.378543],[-71.532608,41.378543],[-71.532609,41.378543],[-71.532699,41.378541],[-71.532771,41.378512],[-71.53279,41.378479],[-71.532779,41.378462],[-71.532865,41.378421],[-71.532871,41.378424],[-71.532887,41.378411],[-71.533029,41.378343],[-71.533081,41.37837],[-71.533152,41.37836],[-71.533232,41.378335],[-71.533296,41.378305],[-71.533426,41.378222],[-71.53347,41.378172],[-71.533538,41.378121],[-71.533618,41.378119],[-71.53368,41.378092],[-71.533741,41.378075],[-71.533808,41.378044],[-71.533885,41.377944],[-71.533902,41.377926],[-71.534524,41.377629],[-71.534546,41.377634],[-71.534615,41.377608],[-71.534668,41.37756],[-71.534736,41.377528],[-71.534813,41.377501],[-71.534908,41.377475],[-71.534947,41.37744],[-71.534941,41.37743],[-71.53523,41.377292],[-71.535232,41.377291],[-71.535239,41.377306],[-71.535239,41.377364],[-71.535213,41.377351],[-71.535163,41.377357],[-71.535135,41.377392],[-71.535152,41.37745],[-71.535197,41.377495],[-71.535257,41.377499],[-71.535333,41.37747],[-71.535427,41.377473],[-71.535519,41.37749],[-71.535511,41.377435],[-71.535473,41.377374],[-71.535426,41.377323],[-71.535763,41.377378],[-71.535739,41.377409],[-71.535741,41.377446],[-71.535791,41.377556],[-71.535775,41.377589],[-71.535782,41.377633],[-71.53581,41.377687],[-71.535815,41.377748],[-71.535857,41.377795],[-71.535894,41.377854],[-71.535916,41.377859],[-71.535935,41.377921],[-71.535497,41.378172],[-71.535497,41.378172],[-71.535489,41.378169],[-71.535268,41.378025],[-71.535268,41.377934],[-71.535177,41.377911],[-71.535135,41.377918],[-71.535082,41.377889],[-71.53505,41.377831],[-71.534973,41.377803],[-71.534891,41.37778],[-71.53489,41.377779],[-71.53425,41.377891],[-71.534182,41.377891],[-71.534116,41.377915],[-71.534115,41.377915],[-71.533888,41.378116],[-71.533863,41.378122],[-71.533859,41.378142],[-71.533815,41.378181],[-71.533799,41.37819],[-71.533674,41.378285],[-71.533653,41.378324],[-71.533407,41.378541],[-71.533366,41.37856],[-71.533293,41.378598],[-71.533244,41.378648],[-71.533165,41.378672],[-71.533101,41.37877],[-71.53301,41.378893],[-71.532615,41.378852],[-71.532568,41.378814],[-71.532521,41.378813],[-71.532531,41.37877],[-71.532499,41.37872],[-71.532451,41.378691],[-71.532399,41.378703],[-71.532279,41.378787],[-71.532281,41.378818],[-71.531536,41.37874],[-71.531284,41.378536],[-71.531269,41.378514],[-71.53122,41.37847],[-71.531034,41.378333],[-71.530964,41.378305],[-71.530881,41.378303],[-71.530815,41.378278],[-71.530757,41.378237],[-71.530692,41.378213],[-71.530603,41.378206],[-71.530526,41.378194],[-71.530438,41.378195],[-71.530422,41.37825],[-71.530371,41.378296],[-71.530352,41.378352],[-71.530352,41.378352],[-71.530352,41.378353],[-71.530369,41.378407],[-71.530402,41.378461],[-71.530408,41.37847],[-71.530705,41.37909],[-71.530705,41.37909],[-71.530418,41.379079],[-71.530409,41.379074],[-71.530263,41.378982],[-71.530183,41.378943],[-71.530096,41.378921],[-71.53002,41.378919],[-71.529957,41.3789],[-71.529928,41.37885],[-71.529975,41.378732],[-71.529974,41.378674],[-71.529963,41.378614],[-71.529912,41.378571],[-71.529842,41.37853],[-71.529768,41.378522],[-71.529709,41.378563],[-71.52966,41.37857],[-71.529507,41.378504],[-71.529459,41.378503],[-71.529484,41.378539],[-71.529608,41.378623],[-71.529573,41.378681],[-71.529562,41.378746],[-71.529599,41.378799],[-71.529633,41.378863],[-71.529682,41.378916],[-71.52969,41.378972],[-71.529623,41.379006],[-71.529638,41.379051],[-71.529638,41.379052],[-71.529637,41.379052],[-71.529651,41.37906],[-71.529694,41.379088],[-71.529751,41.379138],[-71.529818,41.379185],[-71.52986,41.379232],[-71.529935,41.379249],[-71.529948,41.379249],[-71.530818,41.379804],[-71.530814,41.379804],[-71.530244,41.379803],[-71.530237,41.3798],[-71.530222,41.379803],[-71.530149,41.379803],[-71.530141,41.37977],[-71.53015,41.379716],[-71.530085,41.379713],[-71.530025,41.379755],[-71.53002,41.379803],[-71.529836,41.379803],[-71.529836,41.379802],[-71.529836,41.379803],[-71.529078,41.38034],[-71.529058,41.380321],[-71.529008,41.380329],[-71.528952,41.380375],[-71.528949,41.380431],[-71.528731,41.380585],[-71.528731,41.380585],[-71.528697,41.380639],[-71.528706,41.380652],[-71.528606,41.380912],[-71.528573,41.380971],[-71.528571,41.381004],[-71.528505,41.381178],[-71.528472,41.38119],[-71.528447,41.38124],[-71.528435,41.381361],[-71.528434,41.381362],[-71.528435,41.381363],[-71.528452,41.381417],[-71.528486,41.381476],[-71.528502,41.381487],[-71.528814,41.382062],[-71.528814,41.382062],[-71.528293,41.38178],[-71.528293,41.381779],[-71.528291,41.381777],[-71.528073,41.381143],[-71.528094,41.381054],[-71.528101,41.381033],[-71.528143,41.381023],[-71.528295,41.380877],[-71.52829,41.380851],[-71.528306,41.380803],[-71.528342,41.380748],[-71.528323,41.380691],[-71.528229,41.380557],[-71.528216,41.380531],[-71.528305,41.380147],[-71.528307,41.380142],[-71.528329,41.380117],[-71.528362,41.38008],[-71.528429,41.380038],[-71.528459,41.379977],[-71.528459,41.379972],[-71.528843,41.379543],[-71.528889,41.379436],[-71.528993,41.379231],[-71.529078,41.379018],[-71.529158,41.378873],[-71.529245,41.378754],[-71.52926,41.378696],[-71.529238,41.378631],[-71.529175,41.378586],[-71.529009,41.378526],[-71.52894,41.378506],[-71.528857,41.378527],[-71.528785,41.378525],[-71.528711,41.37851],[-71.5287,41.378508],[-71.528555,41.378463],[-71.528504,41.378462],[-71.528504,41.378462],[-71.528504,41.378463],[-71.528465,41.378513],[-71.52845,41.378579],[-71.528463,41.378639],[-71.528507,41.37869],[-71.528562,41.378737],[-71.528621,41.378773],[-71.528835,41.379343],[-71.528176,41.379917],[-71.528135,41.379914],[-71.527935,41.379941],[-71.527844,41.379957],[-71.527768,41.379982],[-71.527696,41.380014],[-71.527543,41.380051],[-71.527458,41.380059],[-71.527359,41.380058],[-71.52726,41.380048],[-71.527167,41.380026],[-71.527081,41.379995],[-71.526905,41.379961],[-71.52681,41.37995],[-71.526726,41.379948],[-71.526638,41.379963],[-71.526569,41.379981],[-71.526477,41.379998],[-71.526456,41.380028],[-71.526469,41.380093],[-71.526532,41.380101],[-71.526578,41.38009],[-71.52666,41.380086],[-71.526744,41.380075],[-71.526911,41.380078],[-71.527005,41.380088],[-71.527259,41.380138],[-71.527439,41.380162],[-71.527527,41.380156],[-71.527628,41.380136],[-71.527895,41.380054],[-71.528062,41.380016],[-71.528061,41.380938],[-71.528002,41.38098],[-71.527963,41.381031],[-71.527937,41.381089],[-71.527934,41.381152],[-71.527939,41.381221],[-71.527956,41.38129],[-71.527982,41.381349],[-71.527986,41.381401],[-71.528059,41.381552],[-71.528059,41.381553],[-71.527823,41.38148],[-71.527815,41.38147],[-71.527775,41.381412],[-71.527698,41.381403],[-71.52761,41.381415],[-71.527609,41.381415],[-71.527609,41.381416],[-71.527596,41.381456],[-71.527602,41.381516],[-71.527612,41.381552],[-71.527617,41.38172],[-71.527599,41.381729],[-71.527591,41.381775],[-71.527619,41.381811],[-71.527626,41.382051],[-71.527626,41.382051],[-71.527646,41.382108],[-71.527709,41.382138],[-71.527804,41.382144],[-71.527877,41.382137],[-71.527907,41.382101],[-71.527932,41.38204],[-71.527931,41.381988],[-71.527905,41.381935],[-71.527919,41.381894],[-71.527906,41.381863],[-71.527938,41.381748],[-71.527937,41.381724],[-71.528035,41.381621],[-71.528069,41.381656],[-71.528086,41.381694],[-71.528162,41.381814],[-71.528302,41.381976],[-71.528349,41.382039],[-71.528418,41.38216],[-71.528481,41.382182],[-71.528557,41.382182],[-71.528582,41.382185],[-71.528642,41.382247],[-71.528643,41.382249],[-71.528644,41.38225],[-71.52882,41.382432],[-71.528792,41.38252],[-71.528776,41.382544],[-71.528745,41.382551],[-71.528609,41.382496],[-71.528555,41.382496],[-71.528644,41.382557],[-71.528691,41.382604],[-71.528728,41.382663],[-71.528738,41.382687],[-71.528616,41.383061],[-71.528615,41.38306],[-71.528557,41.383023],[-71.52855,41.383023],[-71.528136,41.38278],[-71.528136,41.382779],[-71.528114,41.382723],[-71.528005,41.382616],[-71.527934,41.382584],[-71.527765,41.38255],[-71.52772,41.382537],[-71.527255,41.382265],[-71.527208,41.382166],[-71.527151,41.382122],[-71.527075,41.382086],[-71.526901,41.38202],[-71.526827,41.381996],[-71.526769,41.38196],[-71.526711,41.381914],[-71.526638,41.381903],[-71.526638,41.381903],[-71.526236,41.3819],[-71.526162,41.381909],[-71.526047,41.381986],[-71.526021,41.382037],[-71.52602,41.382096],[-71.526007,41.382152],[-71.525999,41.382221],[-71.525981,41.382279],[-71.525976,41.382322],[-71.526015,41.382322],[-71.526042,41.382267],[-71.526088,41.382149],[-71.526121,41.382095],[-71.526178,41.382058],[-71.526248,41.382026],[-71.526333,41.382009],[-71.526499,41.382009],[-71.526585,41.382024],[-71.526653,41.382044],[-71.526799,41.382136],[-71.526882,41.38216],[-71.526958,41.382189],[-71.527027,41.382229],[-71.527085,41.382271],[-71.527107,41.382325],[-71.527117,41.382384],[-71.527158,41.382439],[-71.527185,41.382493],[-71.527249,41.382532],[-71.527313,41.382561],[-71.527378,41.382585],[-71.527447,41.382603],[-71.527514,41.382634],[-71.527657,41.382719],[-71.527727,41.382757],[-71.527729,41.382759],[-71.527659,41.382876],[-71.527577,41.3829],[-71.527505,41.382897],[-71.52743,41.38288],[-71.527341,41.382885],[-71.527343,41.382915],[-71.527381,41.382971],[-71.527378,41.383017],[-71.527412,41.383129],[-71.527468,41.383151],[-71.527481,41.383174],[-71.527431,41.383256],[-71.527375,41.383273],[-71.527346,41.383399],[-71.527308,41.383461],[-71.527305,41.383462],[-71.527238,41.383474],[-71.527159,41.383454],[-71.527095,41.383419],[-71.526984,41.383326],[-71.526913,41.383296],[-71.526833,41.383319],[-71.526766,41.383349],[-71.526709,41.383384],[-71.526587,41.383407],[-71.52655,41.383456],[-71.52653,41.383519],[-71.526529,41.383548],[-71.526552,41.383601],[-71.526585,41.383651],[-71.526584,41.383651],[-71.526585,41.383651],[-71.526585,41.383651],[-71.526648,41.383686],[-71.52665,41.383687],[-71.52704,41.383901],[-71.527184,41.383982],[-71.527196,41.383987],[-71.527308,41.384048],[-71.52731,41.384049],[-71.527259,41.384228],[-71.527198,41.384243],[-71.527173,41.384266],[-71.527156,41.38433],[-71.527078,41.384511],[-71.527073,41.384581],[-71.527082,41.384639],[-71.527126,41.384701],[-71.527126,41.384702],[-71.527296,41.384852],[-71.527319,41.3849],[-71.527368,41.384935],[-71.527409,41.384952],[-71.527625,41.385142],[-71.527676,41.385205],[-71.527729,41.385254],[-71.527792,41.38529],[-71.527794,41.385292],[-71.527795,41.385299],[-71.527799,41.38535],[-71.527756,41.385395],[-71.527634,41.385437],[-71.527575,41.38548],[-71.527535,41.385525],[-71.527535,41.385585],[-71.527582,41.3857],[-71.527641,41.385805],[-71.527691,41.385845],[-71.527774,41.385856],[-71.52784,41.385901],[-71.527883,41.385921],[-71.527895,41.386006],[-71.527895,41.386006],[-71.527894,41.386007],[-71.527324,41.385981],[-71.527295,41.385966],[-71.527262,41.385957]]],[[[-71.525794,41.381947],[-71.524865,41.381781],[-71.524254,41.381227],[-71.524824,41.381248],[-71.525916,41.380544],[-71.526224,41.379342],[-71.525807,41.379225],[-71.52549,41.378495],[-71.524642,41.378012],[-71.524742,41.378612],[-71.525305,41.378976],[-71.524917,41.379812],[-71.523099,41.378221],[-71.523681,41.37935],[-71.523203,41.379791],[-71.523633,41.381042],[-71.524961,41.382304],[-71.525794,41.381947]]],[[[-71.525347,41.381113],[-71.525011,41.381287],[-71.525769,41.38181],[-71.525917,41.381288],[-71.525347,41.381113]]],[[[-71.528077,41.453312],[-71.527955,41.452736],[-71.527947,41.452668],[-71.527947,41.452603],[-71.52794,41.452572],[-71.527925,41.452492],[-71.527833,41.452214],[-71.527787,41.452118],[-71.527693,41.451946],[-71.527673,41.451908],[-71.527337,41.45131],[-71.527031,41.450862],[-71.526588,41.450212],[-71.52629,41.449771],[-71.525788,41.449025],[-71.52546,41.448532],[-71.525323,41.448346],[-71.524728,41.44751],[-71.524195,41.44671],[-71.524148,41.44664],[-71.523973,41.446316],[-71.523027,41.444409],[-71.522599,41.443596],[-71.522462,41.443306],[-71.522309,41.443024],[-71.522236,41.442881],[-71.521905,41.442231],[-71.521653,41.441769],[-71.52134,41.441132],[-71.521272,41.440972],[-71.521194,41.440792],[-71.521112,41.440602],[-71.52105,41.440514],[-71.520814,41.440285],[-71.520616,41.440125],[-71.520349,41.4399],[-71.52012,41.439698],[-71.519784,41.439381],[-71.51954,41.439068],[-71.519441,41.438904],[-71.519235,41.438527],[-71.519212,41.438477],[-71.519074,41.438168],[-71.51893,41.437867],[-71.5188,41.437619],[-71.518357,41.436669],[-71.518113,41.436131],[-71.518045,41.436001],[-71.517556,41.434929],[-71.517282,41.434365],[-71.517053,41.433842],[-71.5169,41.433529],[-71.516763,41.433342],[-71.516557,41.43319],[-71.516252,41.433049],[-71.515877,41.432884],[-71.515956,41.432803],[-71.516035,41.432709],[-71.516222,41.432458],[-71.516404,41.432152],[-71.516603,41.431839],[-71.5169,41.431408],[-71.517245,41.430872],[-71.517327,41.430745],[-71.517401,41.430639],[-71.518601,41.428769],[-71.519158,41.427887],[-71.519199,41.427819],[-71.519144,41.427721],[-71.519056,41.427638],[-71.518987,41.427582],[-71.518896,41.427545],[-71.51879,41.42751],[-71.518826,41.427439],[-71.518777,41.427231],[-71.51909,41.427231],[-71.519609,41.427194],[-71.519677,41.427189],[-71.519853,41.427166],[-71.520043,41.427136],[-71.520555,41.427031],[-71.520545,41.426999],[-71.520533,41.42696],[-71.520511,41.426891],[-71.520381,41.42684],[-71.520247,41.426767],[-71.520194,41.426727],[-71.520005,41.426653],[-71.51996,41.426642],[-71.51971,41.426579],[-71.519581,41.426527],[-71.519492,41.426424],[-71.519463,41.426311],[-71.519445,41.426185],[-71.519349,41.426075],[-71.519275,41.425981],[-71.519246,41.425866],[-71.519256,41.425747],[-71.519324,41.425509],[-71.519334,41.425153],[-71.519324,41.425065],[-71.519236,41.424979],[-71.519123,41.424943],[-71.519119,41.424816],[-71.519179,41.424697],[-71.519295,41.424606],[-71.519371,41.424522],[-71.519379,41.424293],[-71.51944,41.424244],[-71.519521,41.424241],[-71.519568,41.424187],[-71.519605,41.424143],[-71.519616,41.424069],[-71.519726,41.424006],[-71.519806,41.423952],[-71.519887,41.423853],[-71.519927,41.423726],[-71.51997,41.423611],[-71.51996,41.42349],[-71.519896,41.423389],[-71.519846,41.4233],[-71.5197,41.423062],[-71.519636,41.422944],[-71.519573,41.422784],[-71.519257,41.422686],[-71.519048,41.422551],[-71.51898,41.422417],[-71.518923,41.422372],[-71.51885,41.422331],[-71.518806,41.42221],[-71.518785,41.422083],[-71.518785,41.421966],[-71.518812,41.421888],[-71.518857,41.421856],[-71.518979,41.421848],[-71.519009,41.421789],[-71.518994,41.421714],[-71.518881,41.421638],[-71.518754,41.421562],[-71.518702,41.421535],[-71.518542,41.421498],[-71.518615,41.421388],[-71.518599,41.421335],[-71.518502,41.421262],[-71.518423,41.421165],[-71.518412,41.421045],[-71.518496,41.420953],[-71.51851,41.420879],[-71.518489,41.420787],[-71.51839,41.420717],[-71.518246,41.420684],[-71.518122,41.420619],[-71.518089,41.420571],[-71.518131,41.420532],[-71.51842,41.420581],[-71.51852,41.420552],[-71.518654,41.420482],[-71.51866,41.42045],[-71.51867,41.420396],[-71.518632,41.420276],[-71.518631,41.420141],[-71.518683,41.420082],[-71.518751,41.41997],[-71.518804,41.419857],[-71.518791,41.419737],[-71.51874,41.419622],[-71.518625,41.419552],[-71.518553,41.419517],[-71.51844,41.41952],[-71.518405,41.419615],[-71.518386,41.419837],[-71.518325,41.419869],[-71.518245,41.419926],[-71.518211,41.420043],[-71.518212,41.420162],[-71.518242,41.420288],[-71.518198,41.420327],[-71.518104,41.420335],[-71.518035,41.420279],[-71.518017,41.420192],[-71.518015,41.420074],[-71.517927,41.420015],[-71.517842,41.420022],[-71.517772,41.41991],[-71.517678,41.419908],[-71.517545,41.41995],[-71.517401,41.419986],[-71.517248,41.419969],[-71.51711,41.419893],[-71.517009,41.419824],[-71.516909,41.41985],[-71.516779,41.419909],[-71.516712,41.419962],[-71.516685,41.420023],[-71.516534,41.420072],[-71.516375,41.420083],[-71.516214,41.420086],[-71.516125,41.420066],[-71.51606,41.419997],[-71.516045,41.419854],[-71.516058,41.419736],[-71.516079,41.419615],[-71.516113,41.419508],[-71.516136,41.419397],[-71.516148,41.419277],[-71.516166,41.419163],[-71.516163,41.419039],[-71.516086,41.418947],[-71.515981,41.418852],[-71.515927,41.418736],[-71.515851,41.418627],[-71.515712,41.418541],[-71.515559,41.418494],[-71.515415,41.41855],[-71.515283,41.418531],[-71.515117,41.418478],[-71.515006,41.418425],[-71.514949,41.418318],[-71.51495,41.418186],[-71.514964,41.418072],[-71.514967,41.417959],[-71.514945,41.41784],[-71.514874,41.417738],[-71.51477,41.417659],[-71.514726,41.417596],[-71.514714,41.417498],[-71.514554,41.417392],[-71.514519,41.417293],[-71.514531,41.417179],[-71.514633,41.41695],[-71.514624,41.416834],[-71.514595,41.416769],[-71.514617,41.416714],[-71.514723,41.416632],[-71.514786,41.416515],[-71.51486,41.416401],[-71.514882,41.416278],[-71.514863,41.416157],[-71.514751,41.416088],[-71.514709,41.416031],[-71.514753,41.415904],[-71.514724,41.41567],[-71.514742,41.41555],[-71.514829,41.415454],[-71.514874,41.415438],[-71.515026,41.4154],[-71.515125,41.415351],[-71.515143,41.415338],[-71.515046,41.415251],[-71.514951,41.415134],[-71.514865,41.415047],[-71.514787,41.41493],[-71.514701,41.414842],[-71.514564,41.41479],[-71.514397,41.414771],[-71.514255,41.414763],[-71.514185,41.414717],[-71.514146,41.414609],[-71.514158,41.4145],[-71.514225,41.414439],[-71.514178,41.414396],[-71.514033,41.414379],[-71.51387,41.414293],[-71.51379,41.414311],[-71.513711,41.414406],[-71.513645,41.414512],[-71.513562,41.414573],[-71.513467,41.414579],[-71.513365,41.414526],[-71.513324,41.414398],[-71.513337,41.414285],[-71.513379,41.414209],[-71.51335,41.414145],[-71.51329,41.414132],[-71.513239,41.414165],[-71.513194,41.414278],[-71.513151,41.414326],[-71.512948,41.414293],[-71.512844,41.414328],[-71.512731,41.414412],[-71.512631,41.414445],[-71.512389,41.414443],[-71.512388,41.414443],[-71.512391,41.414438],[-71.512329,41.414309],[-71.512322,41.414261],[-71.512294,41.414169],[-71.512242,41.414131],[-71.511822,41.413264],[-71.511822,41.413263],[-71.511782,41.413151],[-71.511713,41.413097],[-71.511557,41.413086],[-71.511298,41.412911],[-71.511298,41.41291],[-71.511297,41.412909],[-71.511267,41.412699],[-71.511267,41.412683],[-71.511251,41.41257],[-71.511247,41.412562],[-71.511182,41.412116],[-71.511182,41.412109],[-71.511181,41.412109],[-71.511181,41.412109],[-71.511181,41.412109],[-71.511166,41.412101],[-71.511134,41.412085],[-71.510985,41.412082],[-71.510827,41.412111],[-71.510679,41.412124],[-71.510363,41.412126],[-71.510182,41.412137],[-71.510085,41.412203],[-71.509989,41.412302],[-71.509881,41.41238],[-71.50988,41.412381],[-71.508617,41.412342],[-71.508615,41.412341],[-71.508612,41.412341],[-71.508284,41.412137],[-71.508261,41.412114],[-71.50797,41.411854],[-71.507855,41.411779],[-71.507718,41.411712],[-71.507583,41.411634],[-71.507451,41.411577],[-71.507302,41.411504],[-71.507198,41.411409],[-71.507068,41.411343],[-71.506942,41.411306],[-71.506762,41.411317],[-71.506611,41.411372],[-71.506518,41.411444],[-71.506423,41.411475],[-71.506422,41.411475],[-71.506526,41.411319],[-71.506745,41.411147],[-71.506839,41.41105],[-71.506863,41.410948],[-71.506858,41.41082],[-71.506777,41.410738],[-71.506655,41.410654],[-71.506518,41.410589],[-71.506323,41.410531],[-71.506055,41.410386],[-71.506288,41.410155],[-71.506289,41.410155],[-71.506703,41.410364],[-71.506869,41.410406],[-71.507035,41.410423],[-71.507203,41.410406],[-71.507353,41.41034],[-71.50746,41.410259],[-71.507498,41.410154],[-71.507499,41.410105],[-71.507658,41.409944],[-71.507659,41.409944],[-71.507804,41.410007],[-71.507954,41.410024],[-71.508123,41.410016],[-71.508256,41.409941],[-71.508353,41.409909],[-71.508354,41.409907],[-71.508525,41.409625],[-71.508556,41.409594],[-71.508639,41.409489],[-71.508618,41.40947],[-71.508671,41.409383],[-71.508727,41.409338],[-71.508743,41.40928],[-71.508789,41.409232],[-71.508834,41.409176],[-71.508872,41.409114],[-71.508911,41.408987],[-71.50891,41.408986],[-71.508839,41.408659],[-71.508864,41.408636],[-71.508901,41.408584],[-71.508918,41.408526],[-71.5089,41.408467],[-71.50887,41.40841],[-71.508791,41.408301],[-71.508744,41.408221],[-71.50872,41.408109],[-71.50872,41.408106],[-71.50872,41.408106],[-71.509113,41.407403],[-71.50913,41.40738],[-71.509169,41.407316],[-71.509217,41.407264],[-71.509252,41.407205],[-71.509283,41.407133],[-71.509353,41.407],[-71.509386,41.406915],[-71.509471,41.406762],[-71.509474,41.406759],[-71.510186,41.406857],[-71.510187,41.406857],[-71.510187,41.406858],[-71.510352,41.40789],[-71.510353,41.407889],[-71.510353,41.407889],[-71.510367,41.407925],[-71.510404,41.407974],[-71.510456,41.408012],[-71.510605,41.408011],[-71.510677,41.408002],[-71.510826,41.407957],[-71.510892,41.407921],[-71.510932,41.40787],[-71.510947,41.407812],[-71.51097,41.40775],[-71.511007,41.407701],[-71.511059,41.407586],[-71.511111,41.407527],[-71.511184,41.407481],[-71.511259,41.407441],[-71.511284,41.407424],[-71.511664,41.407234],[-71.511683,41.407237],[-71.511704,41.407214],[-71.512162,41.406985],[-71.512239,41.406967],[-71.512307,41.406932],[-71.512366,41.406883],[-71.512451,41.406764],[-71.512479,41.406705],[-71.512469,41.406644],[-71.512384,41.406516],[-71.512321,41.406394],[-71.51231,41.406328],[-71.512312,41.406269],[-71.512304,41.406196],[-71.512242,41.406141],[-71.512208,41.40594],[-71.512209,41.405939],[-71.512296,41.405916],[-71.512371,41.405906],[-71.512439,41.405872],[-71.512484,41.405822],[-71.512565,41.405715],[-71.512597,41.405641],[-71.51262,41.405565],[-71.512635,41.405497],[-71.512635,41.405497],[-71.512634,41.405492],[-71.512629,41.405364],[-71.512618,41.405306],[-71.512611,41.405284],[-71.512557,41.404794],[-71.512571,41.404782],[-71.512588,41.404724],[-71.512557,41.404657],[-71.512575,41.404617],[-71.51264,41.404592],[-71.512682,41.404571],[-71.512603,41.404568],[-71.51253,41.404552],[-71.51253,41.404552],[-71.51253,41.404552],[-71.512529,41.404552],[-71.512487,41.404507],[-71.512429,41.404458],[-71.512353,41.40442],[-71.512273,41.404391],[-71.512179,41.404389],[-71.512098,41.404411],[-71.512098,41.404412],[-71.511377,41.404812],[-71.51143,41.404387],[-71.511442,41.404372],[-71.511488,41.404335],[-71.511636,41.404315],[-71.511684,41.404286],[-71.511701,41.404219],[-71.511703,41.404099],[-71.511698,41.404044],[-71.511643,41.403997],[-71.511521,41.40393],[-71.511494,41.403868],[-71.511503,41.403797],[-71.511505,41.403795],[-71.511563,41.40375],[-71.51168,41.403648],[-71.511791,41.403567],[-71.511838,41.403526],[-71.511986,41.403362],[-71.512126,41.403176],[-71.512252,41.402988],[-71.512274,41.40293],[-71.512278,41.402861],[-71.512241,41.402802],[-71.512218,41.402788],[-71.512046,41.402572],[-71.512046,41.402571],[-71.512078,41.40254],[-71.512196,41.402471],[-71.512263,41.402419],[-71.512303,41.402368],[-71.512429,41.402172],[-71.51254,41.402041],[-71.512765,41.4018],[-71.512816,41.401733],[-71.512945,41.401532],[-71.513,41.401406],[-71.513026,41.401332],[-71.513076,41.401127],[-71.513088,41.40105],[-71.51309,41.400904],[-71.513094,41.400877],[-71.513159,41.400698],[-71.51316,41.400695],[-71.513206,41.400633],[-71.513363,41.400466],[-71.513401,41.400406],[-71.513444,41.400355],[-71.513556,41.400261],[-71.513592,41.400213],[-71.513662,41.400099],[-71.513688,41.400039],[-71.513727,41.399926],[-71.513776,41.399813],[-71.513796,41.39975],[-71.513797,41.39975],[-71.513797,41.399746],[-71.513804,41.399686],[-71.513801,41.399668],[-71.513857,41.398663],[-71.513858,41.398661],[-71.513856,41.39859],[-71.513845,41.398528],[-71.513785,41.398403],[-71.513775,41.39839],[-71.513588,41.397773],[-71.513588,41.397772],[-71.513669,41.397739],[-71.51381,41.397698],[-71.513898,41.397665],[-71.513973,41.397624],[-71.514034,41.39757],[-71.514088,41.397514],[-71.514172,41.397409],[-71.514224,41.397371],[-71.514238,41.397318],[-71.514222,41.397171],[-71.514494,41.396914],[-71.514494,41.396914],[-71.514726,41.397109],[-71.514775,41.397215],[-71.514822,41.397273],[-71.51489,41.397304],[-71.514976,41.397319],[-71.514977,41.39732],[-71.515066,41.397285],[-71.515121,41.397267],[-71.515156,41.397249],[-71.516342,41.39678],[-71.516344,41.396779],[-71.516348,41.396734],[-71.516379,41.396615],[-71.516384,41.396558],[-71.516381,41.396493],[-71.516372,41.39643],[-71.516337,41.396368],[-71.516266,41.396312],[-71.516137,41.396228],[-71.516016,41.395907],[-71.516046,41.395794],[-71.516027,41.395749],[-71.515961,41.395632],[-71.515905,41.395584],[-71.515888,41.395564],[-71.515746,41.395186],[-71.515746,41.395186],[-71.515972,41.39481],[-71.515999,41.394783],[-71.516022,41.394728],[-71.516009,41.39467],[-71.515935,41.394548],[-71.515913,41.394479],[-71.515904,41.394413],[-71.51585,41.394266],[-71.515807,41.394205],[-71.515755,41.394167],[-71.515682,41.394132],[-71.515621,41.394087],[-71.515648,41.394044],[-71.515703,41.394033],[-71.515771,41.394007],[-71.51581,41.393955],[-71.515836,41.39388],[-71.515846,41.393826],[-71.51585,41.39373],[-71.516115,41.393318],[-71.516117,41.393316],[-71.51614,41.393254],[-71.516156,41.393182],[-71.51619,41.393116],[-71.516209,41.39304],[-71.516206,41.392962],[-71.516389,41.392238],[-71.516394,41.39223],[-71.516406,41.392172],[-71.516407,41.392168],[-71.516407,41.392165],[-71.516404,41.391971],[-71.516408,41.391901],[-71.516433,41.391846],[-71.516407,41.391791],[-71.516359,41.391751],[-71.516318,41.391395],[-71.516318,41.391394],[-71.516369,41.391362],[-71.516418,41.391343],[-71.516409,41.391306],[-71.516351,41.391293],[-71.516366,41.391245],[-71.516437,41.391255],[-71.516463,41.391246],[-71.51649,41.391195],[-71.516537,41.39108],[-71.516574,41.391023],[-71.516654,41.390917],[-71.516677,41.390867],[-71.516696,41.390811],[-71.516666,41.39076],[-71.516711,41.390705],[-71.516633,41.390636],[-71.516613,41.390576],[-71.516587,41.390558],[-71.516596,41.390532],[-71.516619,41.390528],[-71.516618,41.390494],[-71.516653,41.390461],[-71.516637,41.390441],[-71.51665,41.390417],[-71.516645,41.39038],[-71.51657,41.390267],[-71.516469,41.390173],[-71.516405,41.390127],[-71.516259,41.390057],[-71.51619,41.390035],[-71.516011,41.390008],[-71.515839,41.389999],[-71.515756,41.390001],[-71.515714,41.390018],[-71.515713,41.390019],[-71.51518,41.390472],[-71.514961,41.389902],[-71.514962,41.389902],[-71.515375,41.389883],[-71.515451,41.389892],[-71.515688,41.389888],[-71.515774,41.389881],[-71.515839,41.389861],[-71.515839,41.389861],[-71.515839,41.389861],[-71.515839,41.389861],[-71.515902,41.389821],[-71.515945,41.389777],[-71.516,41.389734],[-71.516061,41.389698],[-71.516102,41.389647],[-71.51613,41.389594],[-71.516153,41.389536],[-71.516188,41.389411],[-71.51621,41.389351],[-71.516242,41.389294],[-71.51626,41.389237],[-71.516292,41.38909],[-71.516299,41.389055],[-71.516336,41.388944],[-71.516374,41.38887],[-71.516705,41.388703],[-71.516741,41.3887],[-71.516793,41.388659],[-71.51683,41.38861],[-71.516861,41.388551],[-71.517027,41.388313],[-71.517085,41.388229],[-71.517173,41.388128],[-71.517257,41.388018],[-71.517256,41.387994],[-71.517213,41.387978],[-71.517529,41.387466],[-71.517564,41.387455],[-71.517619,41.387406],[-71.517639,41.387354],[-71.51764,41.387287],[-71.51764,41.387286],[-71.517638,41.387285],[-71.51758,41.387244],[-71.517444,41.387197],[-71.517369,41.38718],[-71.517255,41.387148],[-71.517124,41.387101],[-71.517121,41.3871],[-71.517277,41.386914],[-71.517307,41.386922],[-71.517359,41.386901],[-71.517366,41.386891],[-71.517398,41.38685],[-71.517429,41.386796],[-71.517404,41.386763],[-71.517599,41.386532],[-71.517601,41.386531],[-71.517751,41.386475],[-71.517817,41.386436],[-71.5179,41.386415],[-71.517969,41.386435],[-71.518043,41.386419],[-71.518117,41.386391],[-71.518178,41.386352],[-71.518235,41.386297],[-71.518296,41.386223],[-71.518775,41.386012],[-71.51886,41.385994],[-71.519038,41.385971],[-71.51911,41.385936],[-71.519175,41.385892],[-71.519169,41.385837],[-71.519506,41.385689],[-71.521063,41.386158],[-71.52218,41.386001],[-71.522737,41.386325],[-71.524349,41.385739],[-71.526441,41.386156],[-71.527007,41.386468],[-71.527985,41.386167],[-71.528758,41.386975],[-71.529651,41.387145],[-71.528725,41.387716],[-71.529133,41.387957],[-71.530315,41.387661],[-71.530451,41.388309],[-71.531153,41.388759],[-71.530547,41.389205],[-71.530837,41.389928],[-71.531306,41.390051],[-71.531461,41.390647],[-71.530995,41.391328],[-71.531113,41.39187],[-71.530591,41.39237],[-71.531322,41.393354],[-71.53156,41.392448],[-71.532566,41.391163],[-71.533037,41.392137],[-71.533039,41.392902],[-71.532402,41.393956],[-71.533007,41.394649],[-71.532188,41.394219],[-71.532383,41.394768],[-71.533324,41.394966],[-71.534421,41.394552],[-71.535238,41.395487],[-71.535935,41.395342],[-71.536169,41.395711],[-71.535412,41.395741],[-71.535425,41.396453],[-71.535019,41.396945],[-71.535412,41.397577],[-71.53598,41.397314],[-71.536181,41.397951],[-71.537872,41.399007],[-71.538672,41.397337],[-71.539973,41.396663],[-71.540028,41.397608],[-71.540509,41.397741],[-71.540113,41.399011],[-71.541092,41.399161],[-71.541647,41.397713],[-71.541152,41.397564],[-71.541139,41.397026],[-71.540212,41.397142],[-71.540323,41.396468],[-71.540523,41.396249],[-71.540585,41.396276],[-71.540654,41.396226],[-71.540686,41.396161],[-71.540725,41.396096],[-71.540824,41.395961],[-71.540948,41.395819],[-71.540999,41.395753],[-71.541034,41.395692],[-71.541043,41.395623],[-71.541028,41.395554],[-71.54095,41.395418],[-71.540917,41.395369],[-71.540872,41.395321],[-71.540683,41.395189],[-71.540469,41.395055],[-71.54034,41.39498],[-71.540267,41.394927],[-71.540266,41.394927],[-71.54011,41.394273],[-71.54011,41.394101],[-71.540104,41.394028],[-71.540084,41.39391],[-71.540065,41.393835],[-71.539964,41.393629],[-71.539953,41.393617],[-71.539928,41.393511],[-71.539928,41.393511],[-71.539928,41.39351],[-71.539864,41.393478],[-71.539817,41.393437],[-71.539752,41.393394],[-71.539675,41.393352],[-71.539519,41.393288],[-71.539381,41.39324],[-71.539301,41.3932],[-71.539296,41.393199],[-71.538992,41.393127],[-71.538891,41.393112],[-71.538798,41.393113],[-71.538714,41.393108],[-71.53862,41.393092],[-71.538434,41.393049],[-71.538355,41.393025],[-71.538285,41.393012],[-71.538211,41.393012],[-71.538127,41.393002],[-71.537954,41.39297],[-71.537791,41.392967],[-71.537697,41.392976],[-71.537527,41.392982],[-71.537466,41.393022],[-71.537346,41.393129],[-71.537325,41.393193],[-71.537321,41.393224],[-71.53713,41.393448],[-71.536251,41.393568],[-71.536249,41.393568],[-71.536082,41.393548],[-71.535994,41.393523],[-71.535921,41.393509],[-71.535827,41.393501],[-71.535743,41.393483],[-71.53557,41.393459],[-71.535456,41.393447],[-71.535414,41.393447],[-71.535339,41.393438],[-71.53528,41.393406],[-71.535266,41.393348],[-71.535229,41.393318],[-71.535184,41.393352],[-71.535119,41.393382],[-71.535065,41.393389],[-71.535004,41.393416],[-71.534917,41.393417],[-71.534916,41.393417],[-71.534277,41.392849],[-71.534277,41.392848],[-71.534277,41.392848],[-71.534271,41.392109],[-71.534282,41.392087],[-71.534298,41.392028],[-71.534303,41.39195],[-71.53429,41.391878],[-71.534268,41.391831],[-71.534267,41.391672],[-71.534268,41.391669],[-71.534268,41.391669],[-71.534712,41.391607],[-71.534809,41.391611],[-71.534906,41.391609],[-71.534981,41.391598],[-71.535048,41.391559],[-71.535048,41.391559],[-71.535048,41.391559],[-71.5352,41.391426],[-71.535305,41.391317],[-71.535321,41.391259],[-71.535316,41.391196],[-71.535279,41.391148],[-71.535282,41.391089],[-71.53525,41.391033],[-71.535245,41.39098],[-71.535245,41.390979],[-71.535077,41.390763],[-71.535071,41.390752],[-71.535067,41.390749],[-71.534942,41.390588],[-71.534942,41.390583],[-71.534977,41.390531],[-71.534973,41.390477],[-71.534917,41.390433],[-71.534772,41.390369],[-71.534726,41.39031],[-71.534726,41.390268],[-71.534713,41.390207],[-71.534679,41.390159],[-71.534622,41.390098],[-71.534559,41.390049],[-71.534497,41.390013],[-71.534414,41.38998],[-71.534325,41.389952],[-71.53415,41.389928],[-71.533963,41.389929],[-71.53389,41.389947],[-71.53384,41.389995],[-71.533841,41.390047],[-71.533856,41.390108],[-71.533856,41.390169],[-71.533855,41.39017],[-71.533642,41.390039],[-71.533641,41.390027],[-71.533605,41.389979],[-71.533549,41.389929],[-71.533497,41.389892],[-71.533431,41.389863],[-71.533289,41.389821],[-71.533289,41.389821],[-71.533443,41.389379],[-71.533522,41.389301],[-71.533571,41.389259],[-71.533588,41.389204],[-71.533593,41.38895],[-71.533533,41.388849],[-71.533495,41.3888],[-71.53342,41.38872],[-71.532934,41.388069],[-71.532933,41.388056],[-71.532889,41.388008],[-71.532885,41.387996],[-71.532883,41.387988],[-71.532897,41.387964],[-71.532882,41.387835],[-71.532813,41.387493],[-71.532768,41.387317],[-71.532724,41.387258],[-71.532698,41.387191],[-71.532686,41.387113],[-71.532667,41.387046],[-71.532628,41.38699],[-71.532625,41.386988],[-71.532335,41.386683],[-71.532334,41.386681],[-71.532266,41.386562],[-71.532213,41.386512],[-71.532145,41.386476],[-71.532127,41.386466],[-71.531798,41.386121],[-71.531797,41.386106],[-71.531778,41.386053],[-71.531717,41.386014],[-71.531685,41.386002],[-71.531195,41.385487],[-71.531193,41.385475],[-71.531183,41.385417],[-71.531175,41.385306],[-71.53114,41.38521],[-71.53104,41.384705],[-71.531044,41.384695],[-71.531029,41.384646],[-71.531066,41.384596],[-71.531169,41.384494],[-71.531242,41.384441],[-71.531311,41.384419],[-71.531377,41.384386],[-71.531415,41.384336],[-71.532357,41.384461],[-71.532365,41.384514],[-71.532395,41.38464],[-71.532403,41.384701],[-71.532388,41.384781],[-71.532296,41.38509],[-71.532281,41.385235],[-71.532281,41.385365],[-71.532311,41.385456],[-71.532357,41.385537],[-71.532434,41.385628],[-71.532533,41.385716],[-71.532655,41.385792],[-71.532914,41.385918],[-71.533174,41.386017],[-71.533486,41.386155],[-71.533715,41.386246],[-71.53386,41.386319],[-71.53399,41.38641],[-71.534112,41.386528],[-71.534486,41.38694],[-71.535073,41.3876],[-71.535287,41.387822],[-71.535462,41.387986],[-71.5356,41.388096],[-71.535737,41.388192],[-71.535897,41.388272],[-71.53608,41.388344],[-71.536271,41.388401],[-71.536462,41.388432],[-71.53663,41.388447],[-71.536813,41.388447],[-71.537019,41.388436],[-71.53721,41.388405],[-71.537568,41.388314],[-71.53811,41.388108],[-71.53856,41.387921],[-71.539002,41.387753],[-71.539483,41.387562],[-71.539826,41.387432],[-71.540086,41.387356],[-71.540322,41.38731],[-71.540452,41.387303],[-71.540589,41.387303],[-71.540704,41.387314],[-71.540826,41.387337],[-71.540963,41.387379],[-71.541146,41.387444],[-71.541314,41.387528],[-71.541513,41.387642],[-71.542092,41.387947],[-71.542474,41.388134],[-71.542672,41.388195],[-71.542962,41.38826],[-71.543321,41.388329],[-71.54377,41.388402],[-71.544396,41.388504],[-71.544549,41.388523],[-71.544869,41.388527],[-71.545472,41.388493],[-71.545716,41.388474],[-71.546113,41.388451],[-71.546609,41.388443],[-71.54815,41.388436],[-71.549035,41.388455],[-71.549432,41.388459],[-71.549699,41.388466],[-71.549722,41.390778],[-71.549752,41.392453],[-71.54976,41.393219],[-71.54976,41.393978],[-71.549775,41.394757],[-71.549783,41.39555],[-71.549783,41.396043],[-71.549768,41.396286],[-71.549757,41.396549],[-71.549729,41.396677],[-71.549706,41.396819],[-71.549692,41.396925],[-71.549661,41.397007],[-71.549615,41.397072],[-71.549577,41.397114],[-71.549462,41.397175],[-71.549348,41.397206],[-71.549229,41.397227],[-71.549015,41.397255],[-71.548768,41.397297],[-71.548318,41.397324],[-71.548007,41.397373],[-71.547453,41.397457],[-71.547139,41.397493],[-71.546973,41.397526],[-71.546814,41.397548],[-71.54663,41.397581],[-71.546353,41.397632],[-71.5459,41.39774],[-71.545493,41.397843],[-71.545091,41.39795],[-71.544358,41.398194],[-71.544061,41.398297],[-71.543946,41.39835],[-71.543763,41.398426],[-71.542886,41.398838],[-71.541581,41.399472],[-71.541503,41.399504],[-71.540818,41.399784],[-71.540238,41.399998],[-71.539521,41.400238],[-71.539155,41.400349],[-71.538491,41.400559],[-71.538133,41.400662],[-71.537926,41.400725],[-71.537828,41.400754],[-71.537629,41.400814],[-71.536965,41.401028],[-71.53692,41.401043],[-71.536516,41.401183],[-71.536447,41.401207],[-71.536344,41.401248],[-71.536065,41.40136],[-71.535874,41.401451],[-71.535714,41.401539],[-71.535462,41.40168],[-71.535209,41.401828],[-71.53515,41.401863],[-71.534738,41.402184],[-71.53441,41.402493],[-71.534364,41.402542],[-71.534074,41.402863],[-71.533853,41.40321],[-71.5337,41.403485],[-71.533608,41.403702],[-71.533532,41.403942],[-71.533532,41.403962],[-71.533387,41.404408],[-71.533372,41.404461],[-71.533145,41.405117],[-71.53309,41.405275],[-71.533067,41.405342],[-71.532922,41.405732],[-71.532762,41.406132],[-71.532632,41.406521],[-71.532609,41.406575],[-71.532365,41.407318],[-71.532304,41.407494],[-71.532222,41.407718],[-71.532098,41.408118],[-71.532021,41.40836],[-71.531704,41.409286],[-71.531618,41.409566],[-71.531538,41.409826],[-71.53145,41.410109],[-71.531304,41.410561],[-71.531045,41.411316],[-71.530988,41.411483],[-71.530976,41.411518],[-71.530946,41.411605],[-71.530882,41.41179],[-71.53079,41.412058],[-71.530997,41.412286],[-71.531101,41.412401],[-71.531236,41.412335],[-71.531327,41.412045],[-71.531457,41.411679],[-71.531564,41.411354],[-71.531617,41.411232],[-71.531716,41.411122],[-71.531884,41.410962],[-71.532022,41.410817],[-71.532113,41.410679],[-71.532136,41.410618],[-71.532452,41.410746],[-71.532894,41.411007],[-71.532964,41.411019],[-71.533244,41.411014],[-71.533425,41.411002],[-71.533546,41.411095],[-71.533561,41.411149],[-71.533733,41.411419],[-71.533808,41.411554],[-71.533978,41.411785],[-71.534082,41.411991],[-71.534188,41.412072],[-71.53434,41.412133],[-71.534425,41.412167],[-71.534524,41.412289],[-71.534478,41.412362],[-71.534364,41.412503],[-71.534356,41.412609],[-71.534356,41.412735],[-71.534478,41.412972],[-71.534638,41.413063],[-71.53473,41.413151],[-71.534913,41.413205],[-71.535073,41.413235],[-71.535401,41.413315],[-71.535668,41.413479],[-71.535928,41.413651],[-71.535974,41.413712],[-71.536096,41.413792],[-71.536241,41.413926],[-71.536325,41.414036],[-71.536416,41.414128],[-71.5365,41.414166],[-71.536675,41.414173],[-71.536881,41.414231],[-71.537019,41.414307],[-71.537103,41.41441],[-71.53721,41.414494],[-71.537332,41.414544],[-71.537591,41.414559],[-71.537805,41.414612],[-71.537911,41.414685],[-71.537957,41.41475],[-71.538087,41.414841],[-71.538453,41.414952],[-71.538728,41.415108],[-71.538972,41.415139],[-71.539149,41.415125],[-71.539248,41.415097],[-71.539357,41.415043],[-71.53945,41.414982],[-71.539519,41.414952],[-71.539584,41.414968],[-71.539606,41.415008],[-71.539594,41.415067],[-71.539519,41.415128],[-71.539472,41.415196],[-71.539453,41.415249],[-71.539463,41.415329],[-71.539483,41.415398],[-71.539605,41.415554],[-71.540322,41.416054],[-71.541589,41.417261],[-71.542253,41.417931],[-71.542298,41.417958],[-71.542367,41.417992],[-71.542497,41.418015],[-71.542771,41.418023],[-71.542947,41.418049],[-71.543031,41.418084],[-71.543099,41.418118],[-71.54316,41.418156],[-71.543183,41.418202],[-71.543191,41.418248],[-71.543244,41.418305],[-71.543664,41.418572],[-71.543901,41.418717],[-71.543977,41.418774],[-71.544091,41.418869],[-71.544137,41.418896],[-71.54419,41.418911],[-71.544251,41.418919],[-71.544313,41.418919],[-71.544419,41.418908],[-71.544473,41.418896],[-71.544663,41.418839],[-71.544808,41.418782],[-71.544984,41.418705],[-71.544999,41.418702],[-71.545136,41.418648],[-71.54519,41.418637],[-71.545304,41.418633],[-71.545365,41.418637],[-71.545426,41.418652],[-71.54548,41.418671],[-71.545541,41.418686],[-71.545655,41.41869],[-71.545709,41.418682],[-71.5458,41.418648],[-71.545907,41.418591],[-71.546022,41.418522],[-71.546159,41.418423],[-71.546243,41.41837],[-71.546395,41.418263],[-71.546433,41.418328],[-71.546487,41.418465],[-71.546517,41.418595],[-71.54654,41.418656],[-71.546571,41.418774],[-71.546571,41.418927],[-71.546563,41.418984],[-71.546548,41.419045],[-71.54654,41.419102],[-71.546487,41.419312],[-71.546467,41.419377],[-71.546395,41.419609],[-71.546357,41.419842],[-71.546342,41.419896],[-71.546281,41.419991],[-71.54626,41.420015],[-71.546243,41.420033],[-71.546212,41.42006],[-71.546098,41.420132],[-71.546014,41.42017],[-71.545953,41.420189],[-71.545884,41.420205],[-71.545823,41.420224],[-71.54577,41.42025],[-71.545686,41.420319],[-71.54561,41.420407],[-71.545541,41.420521],[-71.54551,41.420586],[-71.545472,41.420651],[-71.545426,41.420708],[-71.545412,41.420735],[-71.545358,41.420838],[-71.545342,41.420891],[-71.545335,41.420941],[-71.545342,41.42099],[-71.545342,41.421036],[-71.545358,41.421105],[-71.545365,41.421173],[-71.545381,41.421242],[-71.545396,41.421456],[-71.545442,41.421795],[-71.54548,41.422005],[-71.545503,41.422093],[-71.545518,41.422184],[-71.545533,41.422329],[-71.545533,41.422459],[-71.545518,41.422657],[-71.545503,41.422749],[-71.545495,41.42284],[-71.545495,41.423142],[-71.545487,41.423195],[-71.545465,41.423237],[-71.545627,41.423149],[-71.545831,41.423134],[-71.545939,41.423144],[-71.546046,41.423117],[-71.546392,41.423137],[-71.546497,41.423281],[-71.546562,41.423405],[-71.546674,41.423569],[-71.546738,41.423647],[-71.547198,41.423836],[-71.547742,41.423233],[-71.547759,41.423233],[-71.547832,41.423224],[-71.547896,41.423197],[-71.548113,41.423058],[-71.548218,41.422971],[-71.548283,41.422932],[-71.54836,41.422898],[-71.548446,41.42288],[-71.54852,41.422889],[-71.548575,41.422927],[-71.548647,41.423043],[-71.548671,41.423107],[-71.548682,41.423173],[-71.548683,41.423237],[-71.54867,41.423314],[-71.548565,41.423425],[-71.548534,41.423491],[-71.548507,41.423564],[-71.548472,41.423631],[-71.548433,41.423679],[-71.548278,41.423913],[-71.548225,41.42397],[-71.548114,41.424064],[-71.548081,41.424127],[-71.548082,41.424258],[-71.548094,41.424318],[-71.548156,41.424487],[-71.548175,41.424611],[-71.548196,41.424692],[-71.548198,41.424764],[-71.548218,41.424824],[-71.548254,41.424871],[-71.548325,41.42491],[-71.5484,41.424932],[-71.548475,41.424959],[-71.548541,41.425018],[-71.548555,41.425088],[-71.548529,41.425152],[-71.548426,41.425261],[-71.548377,41.425304],[-71.548312,41.425342],[-71.548244,41.425374],[-71.548151,41.425408],[-71.548065,41.425434],[-71.547981,41.425472],[-71.547961,41.425519],[-71.547961,41.425642],[-71.547966,41.425657],[-71.547981,41.425706],[-71.548037,41.425739],[-71.548177,41.425795],[-71.548253,41.425837],[-71.54835,41.425863],[-71.548662,41.425925],[-71.548832,41.425943],[-71.549006,41.425976],[-71.549079,41.425985],[-71.549208,41.425991],[-71.549306,41.425991],[-71.549396,41.425965],[-71.549483,41.425922],[-71.549579,41.425905],[-71.549675,41.425921],[-71.54975,41.425938],[-71.550021,41.425987],[-71.550123,41.426014],[-71.550302,41.426071],[-71.550456,41.426129],[-71.550617,41.426184],[-71.550915,41.426298],[-71.551219,41.42639],[-71.551297,41.42641],[-71.551392,41.426422],[-71.5516,41.426429],[-71.551707,41.426426],[-71.551815,41.426411],[-71.552039,41.426359],[-71.552152,41.426324],[-71.552253,41.426283],[-71.552521,41.426159],[-71.552837,41.426033],[-71.553041,41.42596],[-71.553137,41.425919],[-71.553361,41.425793],[-71.553414,41.425745],[-71.553449,41.425688],[-71.553467,41.42563],[-71.553473,41.425573],[-71.553476,41.425459],[-71.5535,41.425296],[-71.553505,41.425189],[-71.5535,41.424796],[-71.553481,41.424732],[-71.553369,41.42463],[-71.553308,41.424586],[-71.553234,41.424559],[-71.553158,41.424572],[-71.55308,41.42461],[-71.553011,41.424611],[-71.552953,41.424576],[-71.552897,41.424528],[-71.552857,41.424469],[-71.552851,41.424394],[-71.552852,41.424226],[-71.552881,41.424172],[-71.552934,41.424127],[-71.552994,41.424089],[-71.553056,41.424058],[-71.553152,41.424027],[-71.553254,41.424026],[-71.553402,41.424064],[-71.553502,41.424094],[-71.553595,41.424114],[-71.553667,41.424112],[-71.553696,41.424083],[-71.553691,41.423993],[-71.553864,41.423992],[-71.553944,41.423998],[-71.553959,41.424027],[-71.55396,41.424093],[-71.554,41.424148],[-71.554084,41.42416],[-71.554174,41.424166],[-71.554251,41.424203],[-71.554326,41.424232],[-71.554388,41.424213],[-71.55444,41.424167],[-71.554509,41.424136],[-71.554672,41.424137],[-71.554763,41.424127],[-71.554845,41.424137],[-71.554905,41.424175],[-71.555016,41.424279],[-71.555099,41.42432],[-71.555188,41.424323],[-71.555262,41.424287],[-71.555306,41.424233],[-71.555384,41.424223],[-71.555548,41.424224],[-71.555621,41.424199],[-71.555697,41.424183],[-71.555771,41.424183],[-71.555844,41.424192],[-71.555921,41.424177],[-71.555996,41.424152],[-71.556043,41.424106],[-71.556072,41.424051],[-71.556135,41.424002],[-71.556222,41.423984],[-71.556303,41.423975],[-71.556575,41.423871],[-71.556657,41.42385],[-71.556742,41.423836],[-71.556835,41.423827],[-71.556903,41.423865],[-71.55693,41.423921],[-71.556963,41.423971],[-71.557003,41.42402],[-71.557067,41.424039],[-71.557146,41.424033],[-71.557228,41.424018],[-71.557303,41.424018],[-71.55738,41.424046],[-71.557448,41.424051],[-71.557503,41.424014],[-71.557514,41.423967],[-71.557552,41.423938],[-71.557702,41.423897],[-71.557784,41.423883],[-71.557873,41.423889],[-71.557964,41.423903],[-71.558041,41.423886],[-71.558125,41.42386],[-71.558301,41.423824],[-71.558357,41.423847],[-71.558431,41.423865],[-71.558595,41.423869],[-71.558675,41.423875],[-71.558752,41.423876],[-71.558904,41.423894],[-71.559084,41.423896],[-71.559261,41.423866],[-71.55934,41.423878],[-71.559579,41.423937],[-71.559738,41.423943],[-71.559811,41.423951],[-71.5599,41.42397],[-71.560083,41.423976],[-71.560266,41.424003],[-71.560366,41.424003],[-71.560454,41.424011],[-71.560595,41.42405],[-71.560668,41.424063],[-71.560745,41.424083],[-71.560808,41.42411],[-71.560888,41.424121],[-71.56107,41.42412],[-71.561238,41.424107],[-71.561406,41.424105],[-71.561483,41.424111],[-71.561733,41.424109],[-71.561827,41.424125],[-71.561837,41.424027],[-71.561852,41.423939],[-71.561929,41.423001],[-71.562005,41.421952],[-71.562097,41.42088],[-71.562226,41.419239],[-71.562226,41.41919],[-71.562615,41.419075],[-71.563203,41.418751],[-71.563844,41.418282],[-71.564027,41.418217],[-71.564248,41.418114],[-71.564576,41.418042],[-71.564736,41.417988],[-71.564942,41.417931],[-71.565553,41.417546],[-71.565736,41.417443],[-71.565888,41.417313],[-71.566209,41.417076],[-71.566575,41.416882],[-71.566735,41.416726],[-71.566817,41.416465],[-71.567228,41.416274],[-71.567758,41.416109],[-71.568856,41.415776],[-71.56949,41.415429],[-71.569619,41.415364],[-71.56972,41.415308],[-71.569985,41.415409],[-71.570359,41.415562],[-71.570588,41.415635],[-71.571107,41.415738],[-71.571328,41.415787],[-71.571549,41.415818],[-71.571816,41.415829],[-71.572076,41.415833],[-71.572343,41.415825],[-71.572572,41.415825],[-71.5729,41.41581],[-71.573236,41.415806],[-71.573434,41.41581],[-71.573808,41.41581],[-71.57396,41.415829],[-71.574082,41.415856],[-71.57422,41.415894],[-71.57454,41.416043],[-71.574655,41.416085],[-71.574815,41.416108],[-71.575532,41.416165],[-71.575822,41.416172],[-71.576058,41.416157],[-71.576242,41.416153],[-71.576386,41.416176],[-71.576547,41.416222],[-71.576692,41.416253],[-71.57686,41.416272],[-71.577004,41.416279],[-71.578065,41.416283],[-71.578661,41.416302],[-71.578904,41.41631],[-71.579484,41.416348],[-71.579774,41.416352],[-71.580041,41.416363],[-71.580232,41.416386],[-71.580453,41.416424],[-71.580495,41.416428],[-71.580606,41.416439],[-71.580857,41.416443],[-71.581178,41.416405],[-71.581307,41.416401],[-71.581468,41.416413],[-71.581636,41.416436],[-71.582009,41.416512],[-71.582177,41.416558],[-71.582475,41.416573],[-71.582711,41.416592],[-71.58291,41.416603],[-71.583062,41.416596],[-71.58273,41.418999],[-71.582265,41.4208],[-71.585818,41.421],[-71.586605,41.42107],[-71.586854,41.421069],[-71.592431,41.421397],[-71.595844,41.421598],[-71.595902,41.421533],[-71.595909,41.421476],[-71.595884,41.421424],[-71.595843,41.421376],[-71.595831,41.421314],[-71.595858,41.421252],[-71.596014,41.421043],[-71.596075,41.420974],[-71.596135,41.420886],[-71.596185,41.420781],[-71.596234,41.420691],[-71.596288,41.420628],[-71.596362,41.420574],[-71.596477,41.420523],[-71.596747,41.420428],[-71.596871,41.420399],[-71.596991,41.420366],[-71.597102,41.420349],[-71.597204,41.42034],[-71.597397,41.420288],[-71.597574,41.420305],[-71.597668,41.420269],[-71.59774,41.420215],[-71.59785,41.420119],[-71.597937,41.420126],[-71.59809,41.420187],[-71.598164,41.420198],[-71.598245,41.420173],[-71.59831,41.420121],[-71.598369,41.420083],[-71.598431,41.420035],[-71.598539,41.419899],[-71.598612,41.419831],[-71.598707,41.419767],[-71.598806,41.419708],[-71.5989,41.41964],[-71.598983,41.41956],[-71.599054,41.419478],[-71.599128,41.419409],[-71.599289,41.419298],[-71.599338,41.419256],[-71.599378,41.419243],[-71.599517,41.419142],[-71.599602,41.419086],[-71.599813,41.418993],[-71.60005,41.418861],[-71.600203,41.418781],[-71.60046,41.418657],[-71.600675,41.41853],[-71.600798,41.418473],[-71.600924,41.41844],[-71.601049,41.418401],[-71.601181,41.418346],[-71.601361,41.418257],[-71.60165,41.418085],[-71.6017,41.418045],[-71.601851,41.417891],[-71.601913,41.417842],[-71.60205,41.41776],[-71.602329,41.417619],[-71.602433,41.417547],[-71.60262,41.417391],[-71.602708,41.417305],[-71.602786,41.41722],[-71.602842,41.417132],[-71.603034,41.416777],[-71.603107,41.416693],[-71.6032,41.416618],[-71.603308,41.416566],[-71.603405,41.416532],[-71.603646,41.416436],[-71.603734,41.416396],[-71.603837,41.416358],[-71.604314,41.416256],[-71.604537,41.416238],[-71.604731,41.416207],[-71.604956,41.416205],[-71.605072,41.416182],[-71.605176,41.416142],[-71.60527,41.416092],[-71.605343,41.416032],[-71.605448,41.415905],[-71.605577,41.415801],[-71.60564,41.415738],[-71.605729,41.415692],[-71.605842,41.415684],[-71.60596,41.415693],[-71.606043,41.41569],[-71.606101,41.415652],[-71.606146,41.415597],[-71.60618,41.415535],[-71.6062,41.415472],[-71.606229,41.415416],[-71.606198,41.415546],[-71.606153,41.415654],[-71.605801,41.41663],[-71.603392,41.423302],[-71.603167,41.423928],[-71.600088,41.432502],[-71.599928,41.432905],[-71.599768,41.433346],[-71.599565,41.433905],[-71.599219,41.43486],[-71.597868,41.438583],[-71.597804,41.438766],[-71.597749,41.43892],[-71.597612,41.439295],[-71.597011,41.440953],[-71.595142,41.446233],[-71.594995,41.446156],[-71.59492,41.446121],[-71.594717,41.446016],[-71.59451,41.445916],[-71.594427,41.445865],[-71.594376,41.445805],[-71.594329,41.44574],[-71.594263,41.445686],[-71.594171,41.445666],[-71.594097,41.445655],[-71.594024,41.445636],[-71.593938,41.445594],[-71.593909,41.445533],[-71.593913,41.445464],[-71.593959,41.445409],[-71.593987,41.445355],[-71.59395,41.445301],[-71.593882,41.445247],[-71.593842,41.445191],[-71.593837,41.445118],[-71.593839,41.445061],[-71.593882,41.444884],[-71.593898,41.44475],[-71.593885,41.44469],[-71.593842,41.444639],[-71.593792,41.444595],[-71.593722,41.444545],[-71.593642,41.444549],[-71.59356,41.444594],[-71.593488,41.444649],[-71.593412,41.444686],[-71.593325,41.444681],[-71.593241,41.444643],[-71.593169,41.444585],[-71.593114,41.444524],[-71.593094,41.444467],[-71.593135,41.444415],[-71.59321,41.444365],[-71.593265,41.444315],[-71.593252,41.444291],[-71.593172,41.444279],[-71.593081,41.44428],[-71.593003,41.444268],[-71.592961,41.444229],[-71.592937,41.444167],[-71.592899,41.444097],[-71.592855,41.444044],[-71.592789,41.444033],[-71.592718,41.444048],[-71.592646,41.444082],[-71.592476,41.444122],[-71.592382,41.444128],[-71.59231,41.444121],[-71.592236,41.444102],[-71.592167,41.444074],[-71.592106,41.444042],[-71.592034,41.443984],[-71.592004,41.44392],[-71.592008,41.443866],[-71.59203,41.443797],[-71.592025,41.443723],[-71.592007,41.443649],[-71.592005,41.443539],[-71.59199,41.443486],[-71.591961,41.443428],[-71.591945,41.443361],[-71.59194,41.443289],[-71.591927,41.443222],[-71.591898,41.443145],[-71.591804,41.443012],[-71.591638,41.442816],[-71.591609,41.442762],[-71.5916,41.442682],[-71.591586,41.442628],[-71.591549,41.442555],[-71.591489,41.442495],[-71.591412,41.442443],[-71.591342,41.442402],[-71.591269,41.442368],[-71.591235,41.44233],[-71.591256,41.442306],[-71.59122,41.442261],[-71.591149,41.442223],[-71.591013,41.442135],[-71.591004,41.442075],[-71.591015,41.44202],[-71.591043,41.441961],[-71.59106,41.441943],[-71.591092,41.441909],[-71.591214,41.441793],[-71.591258,41.44173],[-71.591278,41.44167],[-71.59126,41.441611],[-71.591215,41.441566],[-71.59119,41.441533],[-71.591238,41.441495],[-71.591261,41.441432],[-71.591262,41.441363],[-71.591294,41.441308],[-71.591305,41.441242],[-71.591328,41.441177],[-71.591341,41.441118],[-71.591315,41.441061],[-71.591344,41.440998],[-71.591317,41.440944],[-71.591362,41.440901],[-71.591425,41.44087],[-71.59151,41.440879],[-71.591541,41.440869],[-71.591568,41.440816],[-71.591602,41.440766],[-71.591635,41.440705],[-71.591606,41.44067],[-71.591522,41.440645],[-71.591517,41.440595],[-71.591582,41.440577],[-71.591676,41.440568],[-71.591753,41.440571],[-71.591796,41.440559],[-71.591811,41.440497],[-71.591845,41.440444],[-71.591908,41.440415],[-71.591999,41.44033],[-71.592029,41.44027],[-71.592007,41.440206],[-71.591976,41.440136],[-71.59199,41.440088],[-71.592054,41.440089],[-71.592099,41.440039],[-71.592094,41.439983],[-71.592152,41.439939],[-71.592221,41.43991],[-71.592314,41.439885],[-71.592413,41.439866],[-71.592584,41.439871],[-71.592667,41.439858],[-71.592732,41.439805],[-71.592771,41.439738],[-71.592798,41.439613],[-71.592825,41.439547],[-71.592838,41.439472],[-71.592833,41.439405],[-71.592839,41.439333],[-71.592792,41.439272],[-71.59273,41.439223],[-71.592718,41.439167],[-71.59269,41.439099],[-71.592616,41.438983],[-71.592577,41.438909],[-71.592541,41.438855],[-71.592543,41.438788],[-71.59253,41.438749],[-71.59248,41.438699],[-71.59248,41.438638],[-71.59245,41.438629],[-71.592373,41.438588],[-71.592322,41.43854],[-71.592278,41.438486],[-71.592198,41.438361],[-71.592107,41.438159],[-71.592065,41.43802],[-71.592018,41.437901],[-71.591999,41.437825],[-71.591944,41.437703],[-71.591879,41.437528],[-71.591866,41.43747],[-71.591847,41.437415],[-71.591745,41.437242],[-71.591645,41.43703],[-71.591604,41.43696],[-71.591572,41.436885],[-71.591503,41.436689],[-71.591467,41.436566],[-71.591433,41.436506],[-71.591352,41.436397],[-71.591325,41.436291],[-71.591238,41.436189],[-71.591149,41.436095],[-71.591113,41.436044],[-71.591087,41.435993],[-71.591039,41.435939],[-71.590929,41.43586],[-71.590875,41.435816],[-71.59073,41.435683],[-71.590644,41.435587],[-71.590591,41.435538],[-71.590529,41.43549],[-71.590319,41.435347],[-71.590264,41.435292],[-71.590203,41.435183],[-71.590154,41.435139],[-71.590077,41.435095],[-71.590021,41.435057],[-71.589924,41.43497],[-71.589851,41.434911],[-71.589621,41.434748],[-71.589293,41.434548],[-71.589224,41.434494],[-71.589155,41.43445],[-71.589012,41.434374],[-71.588945,41.434327],[-71.588885,41.434272],[-71.588782,41.434163],[-71.588724,41.43411],[-71.588657,41.434057],[-71.58858,41.434004],[-71.588466,41.433935],[-71.588399,41.433883],[-71.588369,41.433817],[-71.588367,41.433761],[-71.588339,41.433711],[-71.588296,41.433656],[-71.588252,41.433611],[-71.588185,41.433563],[-71.588054,41.433481],[-71.587831,41.433351],[-71.587777,41.433313],[-71.587678,41.43322],[-71.587475,41.433061],[-71.58739,41.433013],[-71.587229,41.432934],[-71.587164,41.432891],[-71.587113,41.432847],[-71.587038,41.43281],[-71.586966,41.432783],[-71.586886,41.43274],[-71.586864,41.432675],[-71.586825,41.432622],[-71.586754,41.432593],[-71.586616,41.432556],[-71.586529,41.432522],[-71.586349,41.432471],[-71.586262,41.432437],[-71.586172,41.43242],[-71.58608,41.43242],[-71.585987,41.432403],[-71.585696,41.432306],[-71.585542,41.432214],[-71.585404,41.432154],[-71.585315,41.432108],[-71.585281,41.432056],[-71.585262,41.432013],[-71.585217,41.431966],[-71.585194,41.431913],[-71.585149,41.431868],[-71.585028,41.431771],[-71.584896,41.431648],[-71.584846,41.431609],[-71.58479,41.431574],[-71.584531,41.43144],[-71.584206,41.431239],[-71.584129,41.431196],[-71.583992,41.431128],[-71.583827,41.43104],[-71.583774,41.430999],[-71.583714,41.430981],[-71.583514,41.430979],[-71.583418,41.430974],[-71.583326,41.430952],[-71.583245,41.43091],[-71.583241,41.430783],[-71.583212,41.430731],[-71.583095,41.430636],[-71.583034,41.430592],[-71.582872,41.430499],[-71.582617,41.43038],[-71.582443,41.430311],[-71.582344,41.430276],[-71.58212,41.430216],[-71.581732,41.430088],[-71.581543,41.430036],[-71.581473,41.430003],[-71.5814,41.429948],[-71.581289,41.429848],[-71.581159,41.429766],[-71.581065,41.429727],[-71.580875,41.429722],[-71.580785,41.429724],[-71.580687,41.429741],[-71.58046,41.429799],[-71.580383,41.429802],[-71.580311,41.429793],[-71.58024,41.429772],[-71.580154,41.429719],[-71.580109,41.429693],[-71.580037,41.429673],[-71.579969,41.429646],[-71.579726,41.429576],[-71.579456,41.429473],[-71.57925,41.429408],[-71.578849,41.429289],[-71.578664,41.42924],[-71.578291,41.429106],[-71.578217,41.429062],[-71.578144,41.429026],[-71.578063,41.429004],[-71.577852,41.428956],[-71.577785,41.428933],[-71.577659,41.428877],[-71.577578,41.428856],[-71.577408,41.428831],[-71.577333,41.428824],[-71.577086,41.428824],[-71.576925,41.428808],[-71.576822,41.428803],[-71.576724,41.428781],[-71.576629,41.42875],[-71.576453,41.428708],[-71.57637,41.428679],[-71.576294,41.42864],[-71.576229,41.428601],[-71.576163,41.428574],[-71.576095,41.428555],[-71.575937,41.428519],[-71.575857,41.428507],[-71.575766,41.428499],[-71.575673,41.4285],[-71.575605,41.428519],[-71.575546,41.428552],[-71.575469,41.428575],[-71.575295,41.428576],[-71.575218,41.428571],[-71.575146,41.428558],[-71.575041,41.428555],[-71.574683,41.428559],[-71.574437,41.428568],[-71.574342,41.428584],[-71.574268,41.42861],[-71.574197,41.428621],[-71.574127,41.428585],[-71.574046,41.42857],[-71.573969,41.428574],[-71.573888,41.428589],[-71.573693,41.428594],[-71.573612,41.428608],[-71.573529,41.428641],[-71.573463,41.428685],[-71.573382,41.428695],[-71.573327,41.428651],[-71.573264,41.42862],[-71.573173,41.42861],[-71.57291,41.428612],[-71.572816,41.428608],[-71.572744,41.428592],[-71.572607,41.428544],[-71.572438,41.428499],[-71.572345,41.428481],[-71.572259,41.428483],[-71.572184,41.428506],[-71.572114,41.428519],[-71.572049,41.428504],[-71.571974,41.428499],[-71.571896,41.428519],[-71.571804,41.428529],[-71.571539,41.428531],[-71.571453,41.42851],[-71.571375,41.428502],[-71.571304,41.428532],[-71.570962,41.428617],[-71.570888,41.42863],[-71.570714,41.428638],[-71.570645,41.428667],[-71.570598,41.42871],[-71.570528,41.428757],[-71.570311,41.428856],[-71.57024,41.428894],[-71.570181,41.428933],[-71.570123,41.428978],[-71.570045,41.429027],[-71.569949,41.429062],[-71.56985,41.429093],[-71.569786,41.429118],[-71.569699,41.429159],[-71.569621,41.429206],[-71.569498,41.429298],[-71.569443,41.429308],[-71.569368,41.429276],[-71.569294,41.429283],[-71.569207,41.429318],[-71.569128,41.429368],[-71.569057,41.42942],[-71.568998,41.429453],[-71.568937,41.429494],[-71.568903,41.429543],[-71.568878,41.429604],[-71.568808,41.429637],[-71.568734,41.42964],[-71.568648,41.42962],[-71.568592,41.429626],[-71.568566,41.429628],[-71.568468,41.429622],[-71.568379,41.429594],[-71.568292,41.429549],[-71.568226,41.429507],[-71.568154,41.429494],[-71.56806,41.429495],[-71.567961,41.429503],[-71.567862,41.429524],[-71.56776,41.42954],[-71.567682,41.429547],[-71.567608,41.429543],[-71.567515,41.429514],[-71.567439,41.429504],[-71.567368,41.429523],[-71.567291,41.429563],[-71.567144,41.429652],[-71.567077,41.429681],[-71.566931,41.429731],[-71.566836,41.42977],[-71.566753,41.42982],[-71.566489,41.430044],[-71.566412,41.43009],[-71.566323,41.430096],[-71.566278,41.430064],[-71.566218,41.43005],[-71.566135,41.43005],[-71.566051,41.430066],[-71.565988,41.43012],[-71.565943,41.430186],[-71.565915,41.430242],[-71.565911,41.430369],[-71.565864,41.430397],[-71.565708,41.430443],[-71.565559,41.430496],[-71.565482,41.430499],[-71.565394,41.430487],[-71.565312,41.430495],[-71.565186,41.43058],[-71.565055,41.430636],[-71.565001,41.430674],[-71.564946,41.430732],[-71.564925,41.430793],[-71.564929,41.430863],[-71.564952,41.43093],[-71.564963,41.430991],[-71.56496,41.431052],[-71.564856,41.431217],[-71.564799,41.431257],[-71.56463,41.431307],[-71.564555,41.431348],[-71.564502,41.431405],[-71.564474,41.43147],[-71.564465,41.43153],[-71.564448,41.431586],[-71.564405,41.431633],[-71.564347,41.431679],[-71.564297,41.43173],[-71.56427,41.431789],[-71.56427,41.431848],[-71.56429,41.431977],[-71.564255,41.432048],[-71.564192,41.432101],[-71.564123,41.432146],[-71.56407,41.432197],[-71.563986,41.432325],[-71.563958,41.432382],[-71.563958,41.432446],[-71.563973,41.432506],[-71.563936,41.432566],[-71.563919,41.432631],[-71.563877,41.432689],[-71.563802,41.432742],[-71.563656,41.432821],[-71.563642,41.432869],[-71.563643,41.432936],[-71.563678,41.433079],[-71.563661,41.433137],[-71.563609,41.433199],[-71.563512,41.433302],[-71.563488,41.43336],[-71.563468,41.433426],[-71.563438,41.433482],[-71.563402,41.433537],[-71.563386,41.433591],[-71.563354,41.433647],[-71.563309,41.433771],[-71.563291,41.433851],[-71.563292,41.433924],[-71.563305,41.43399],[-71.563301,41.434059],[-71.56328,41.434127],[-71.563276,41.43419],[-71.563286,41.434401],[-71.563285,41.434483],[-71.563248,41.434765],[-71.563243,41.43485],[-71.563244,41.434997],[-71.563284,41.435341],[-71.563327,41.435522],[-71.56334,41.435598],[-71.563346,41.435667],[-71.563344,41.435803],[-71.563311,41.436094],[-71.563305,41.436235],[-71.563294,41.436294],[-71.563243,41.436475],[-71.563235,41.436542],[-71.563237,41.436675],[-71.563246,41.436732],[-71.563275,41.436843],[-71.56327,41.436914],[-71.563248,41.436989],[-71.563239,41.437046],[-71.563238,41.437249],[-71.563262,41.437373],[-71.56332,41.437425],[-71.563371,41.437482],[-71.563389,41.437535],[-71.563402,41.437597],[-71.563406,41.437659],[-71.563474,41.437753],[-71.563621,41.437897],[-71.563689,41.43795],[-71.563822,41.438065],[-71.564118,41.43838],[-71.564233,41.438474],[-71.564356,41.438586],[-71.56441,41.438645],[-71.564475,41.438704],[-71.564551,41.438741],[-71.564627,41.438756],[-71.564695,41.438777],[-71.564755,41.438812],[-71.564831,41.438829],[-71.564896,41.438864],[-71.564955,41.43891],[-71.565086,41.438982],[-71.565199,41.439067],[-71.565514,41.439243],[-71.565576,41.439271],[-71.565666,41.439302],[-71.565726,41.439335],[-71.56572,41.439393],[-71.565675,41.43944],[-71.565527,41.439537],[-71.565342,41.439699],[-71.565221,41.439784],[-71.565084,41.439868],[-71.565011,41.439906],[-71.564861,41.439974],[-71.564861,41.440034],[-71.564851,41.440103],[-71.564832,41.440181],[-71.564788,41.440248],[-71.564735,41.440286],[-71.564393,41.440454],[-71.56432,41.440481],[-71.564224,41.440501],[-71.564153,41.440526],[-71.564099,41.440568],[-71.564022,41.440611],[-71.563967,41.440599],[-71.563892,41.440558],[-71.563764,41.440501],[-71.563614,41.440427],[-71.5634,41.440348],[-71.563312,41.440321],[-71.563236,41.440305],[-71.563159,41.440297],[-71.563072,41.440308],[-71.562983,41.440287],[-71.562914,41.440258],[-71.562825,41.440241],[-71.562623,41.440223],[-71.562522,41.440228],[-71.562372,41.440248],[-71.562265,41.440257],[-71.562189,41.440258],[-71.562102,41.440236],[-71.56201,41.44024],[-71.561914,41.440269],[-71.56184,41.44031],[-71.561712,41.440393],[-71.561584,41.440538],[-71.561537,41.440605],[-71.561502,41.440671],[-71.561479,41.440737],[-71.56143,41.440929],[-71.56139,41.440987],[-71.561337,41.441048],[-71.561212,41.441324],[-71.561146,41.441445],[-71.561119,41.441517],[-71.561064,41.441734],[-71.561055,41.441803],[-71.561045,41.441957],[-71.56103,41.442084],[-71.561021,41.442358],[-71.561028,41.442426],[-71.561057,41.442496],[-71.561219,41.442735],[-71.561262,41.442784],[-71.561333,41.442832],[-71.561489,41.442885],[-71.561621,41.442942],[-71.561792,41.442955],[-71.561837,41.443],[-71.56181,41.443039],[-71.561736,41.443078],[-71.561567,41.443119],[-71.561487,41.443148],[-71.56143,41.44319],[-71.561357,41.443312],[-71.561282,41.443315],[-71.561207,41.443313],[-71.561121,41.443328],[-71.561046,41.443351],[-71.560968,41.443368],[-71.560885,41.443397],[-71.560815,41.443444],[-71.560766,41.443497],[-71.560735,41.443547],[-71.560718,41.443771],[-71.560693,41.443877],[-71.560688,41.443898],[-71.560661,41.443979],[-71.560594,41.444123],[-71.560554,41.444193],[-71.560442,41.444314],[-71.560309,41.444433],[-71.560195,41.44452],[-71.560114,41.444574],[-71.56007,41.44464],[-71.560019,41.44469],[-71.559732,41.444932],[-71.559684,41.444977],[-71.559625,41.445046],[-71.559557,41.445104],[-71.559502,41.445169],[-71.559444,41.445226],[-71.559371,41.445268],[-71.55933,41.445316],[-71.559318,41.445384],[-71.559273,41.445432],[-71.559207,41.44557],[-71.559185,41.445628],[-71.558241,41.445629],[-71.557327,41.445613],[-71.555962,41.445757],[-71.555436,41.445877],[-71.55446,41.446347],[-71.553437,41.446999],[-71.553285,41.447117],[-71.553201,41.447174],[-71.553124,41.44722],[-71.553041,41.447262],[-71.55294,41.447308],[-71.552857,41.447346],[-71.552552,41.447464],[-71.552445,41.44751],[-71.552232,41.44759],[-71.552026,41.447659],[-71.55166,41.447789],[-71.551477,41.447846],[-71.551255,41.447903],[-71.551026,41.447945],[-71.55079,41.447995],[-71.550592,41.448037],[-71.550378,41.448086],[-71.550164,41.44812],[-71.549981,41.44814],[-71.54979,41.448151],[-71.5496,41.448155],[-71.549081,41.448151],[-71.548883,41.44814],[-71.548608,41.448075],[-71.548417,41.448021],[-71.548226,41.447983],[-71.54802,41.447956],[-71.547868,41.447941],[-71.547784,41.447941],[-71.547639,41.44796],[-71.54757,41.447976],[-71.547479,41.447991],[-71.547387,41.448014],[-71.547323,41.448024],[-71.547143,41.448056],[-71.546838,41.448094],[-71.546548,41.448151],[-71.546266,41.448166],[-71.545945,41.448243],[-71.545846,41.448273],[-71.545602,41.44838],[-71.545419,41.448479],[-71.543634,41.44954],[-71.542909,41.44999],[-71.54242,41.450302],[-71.540948,41.451226],[-71.540109,41.451775],[-71.539643,41.452031],[-71.539545,41.45208],[-71.539392,41.452156],[-71.539117,41.452286],[-71.538957,41.452355],[-71.538804,41.452427],[-71.538484,41.452561],[-71.538331,41.452629],[-71.538034,41.45274],[-71.537963,41.452758],[-71.537865,41.452781],[-71.537774,41.452797],[-71.537576,41.452843],[-71.537454,41.452862],[-71.537057,41.452904],[-71.536744,41.452927],[-71.53615,41.452951],[-71.535905,41.452961],[-71.535516,41.452954],[-71.535264,41.452954],[-71.53505,41.452965],[-71.534875,41.452996],[-71.534791,41.453015],[-71.534539,41.453045],[-71.534272,41.453091],[-71.533914,41.453198],[-71.533837,41.453225],[-71.533586,41.453316],[-71.533402,41.453366],[-71.533082,41.453427],[-71.53161,41.45361],[-71.531391,41.453625],[-71.528688,41.45382],[-71.528619,41.453831],[-71.528477,41.453854],[-71.528353,41.453896],[-71.528257,41.453954],[-71.528192,41.454033],[-71.528129,41.453586],[-71.528077,41.453312]]]]}},{"type":"Feature","properties":{"ward":"3210","precinct":"3210","district":"3210","population_2020":1751},"geometry":{"type":"MultiPolygon","coordinates":[[[[-71.582814,41.371772],[-71.582798,41.37137],[-71.582938,41.371544],[-71.582814,41.371772]]],[[[-71.583831,41.375126],[-71.584204,41.374642],[-71.584179,41.375505],[-71.583831,41.375126]]],[[[-71.581646,41.376332],[-71.582044,41.376204],[-71.581988,41.376455],[-71.581646,41.376332]]],[[[-71.529959,41.376792],[-71.531903,41.376423],[-71.531849,41.376435],[-71.531769,41.376449],[-71.531622,41.376497],[-71.531547,41.376501],[-71.531395,41.376566],[-71.531309,41.376581],[-71.531238,41.376604],[-71.531154,41.376619],[-71.531059,41.376622],[-71.530903,41.376666],[-71.530815,41.376683],[-71.530398,41.376724],[-71.530136,41.37676],[-71.530058,41.37678],[-71.529987,41.37679],[-71.529959,41.376792]]],[[[-71.529792,41.376824],[-71.529843,41.376814],[-71.529838,41.376815],[-71.529792,41.376824]]],[[[-71.529501,41.376839],[-71.52955,41.376837],[-71.529528,41.37684],[-71.529501,41.376839]]],[[[-71.525662,41.376992],[-71.52566,41.376992],[-71.525662,41.376992],[-71.525662,41.376992],[-71.525662,41.376992]]],[[[-71.525423,41.376994],[-71.525335,41.37698],[-71.52526,41.376984],[-71.525176,41.376983],[-71.524994,41.376962],[-71.524915,41.376957],[-71.524676,41.376951],[-71.524603,41.376959],[-71.524528,41.376947],[-71.524452,41.376945],[-71.524227,41.376929],[-71.524133,41.376919],[-71.523986,41.376912],[-71.523918,41.376899],[-71.525525,41.376985],[-71.525423,41.376994]]],[[[-71.535197,41.377495],[-71.535152,41.37745],[-71.535135,41.377392],[-71.535163,41.377357],[-71.535213,41.377351],[-71.535239,41.377364],[-71.535239,41.377306],[-71.535232,41.377291],[-71.53523,41.377292],[-71.535232,41.377291],[-71.535268,41.377297],[-71.535295,41.377347],[-71.535366,41.377318],[-71.535424,41.377322],[-71.535426,41.377323],[-71.535473,41.377374],[-71.535511,41.377435],[-71.535519,41.37749],[-71.535427,41.377473],[-71.535333,41.37747],[-71.535257,41.377499],[-71.535197,41.377495]]],[[[-71.534736,41.377528],[-71.534941,41.37743],[-71.534947,41.37744],[-71.534908,41.377475],[-71.534813,41.377501],[-71.534736,41.377528]]],[[[-71.534524,41.377629],[-71.534668,41.37756],[-71.534615,41.377608],[-71.534546,41.377634],[-71.534524,41.377629]]],[[[-71.535739,41.377409],[-71.535763,41.377378],[-71.535764,41.377378],[-71.535916,41.377859],[-71.535894,41.377854],[-71.535857,41.377795],[-71.535815,41.377748],[-71.53581,41.377687],[-71.535782,41.377633],[-71.535775,41.377589],[-71.535791,41.377556],[-71.535741,41.377446],[-71.535739,41.377409]]],[[[-71.533,41.377593],[-71.532955,41.37754],[-71.532937,41.377484],[-71.532948,41.37746],[-71.533032,41.377464],[-71.533091,41.377443],[-71.533142,41.377487],[-71.533208,41.377524],[-71.53328,41.377546],[-71.533345,41.377511],[-71.533423,41.377486],[-71.533327,41.377893],[-71.533327,41.377893],[-71.533293,41.377835],[-71.53322,41.377813],[-71.533168,41.37778],[-71.53311,41.377668],[-71.533072,41.377622],[-71.533,41.377593]]],[[[-71.534182,41.377891],[-71.53425,41.377891],[-71.534116,41.377915],[-71.534182,41.377891]]],[[[-71.535268,41.378025],[-71.534891,41.37778],[-71.534973,41.377803],[-71.53505,41.377831],[-71.535082,41.377889],[-71.535135,41.377918],[-71.535177,41.377911],[-71.535268,41.377934],[-71.535268,41.378025]]],[[[-71.533863,41.378122],[-71.533888,41.378116],[-71.533859,41.378142],[-71.533863,41.378122]]],[[[-71.532764,41.37796],[-71.532848,41.377947],[-71.532915,41.377968],[-71.532958,41.377988],[-71.532357,41.378144],[-71.532486,41.378069],[-71.532559,41.378035],[-71.532622,41.377999],[-71.532764,41.37796]]],[[[-71.535496,41.378173],[-71.535489,41.378169],[-71.535497,41.378172],[-71.535497,41.378172],[-71.535496,41.378173]]],[[[-71.533799,41.37819],[-71.533815,41.378181],[-71.533653,41.378324],[-71.533674,41.378285],[-71.533799,41.37819]]],[[[-71.531659,41.37822],[-71.531716,41.378211],[-71.531976,41.37824],[-71.531982,41.378241],[-71.531644,41.378328],[-71.531606,41.378281],[-71.531598,41.378256],[-71.531659,41.37822]]],[[[-71.533029,41.378343],[-71.533902,41.377926],[-71.533885,41.377944],[-71.533808,41.378044],[-71.533741,41.378075],[-71.53368,41.378092],[-71.533618,41.378119],[-71.533538,41.378121],[-71.53347,41.378172],[-71.533426,41.378222],[-71.533296,41.378305],[-71.533232,41.378335],[-71.533152,41.37836],[-71.533081,41.37837],[-71.533029,41.378343]]],[[[-71.531786,41.378375],[-71.531644,41.378329],[-71.531965,41.3784],[-71.531961,41.3784],[-71.531786,41.378375]]],[[[-71.532865,41.378421],[-71.532887,41.378411],[-71.532871,41.378424],[-71.532865,41.378421]]],[[[-71.530369,41.378407],[-71.530352,41.378353],[-71.530408,41.37847],[-71.530402,41.378461],[-71.530369,41.378407]]],[[[-71.5287,41.378508],[-71.528504,41.378462],[-71.528555,41.378463],[-71.5287,41.378508]]],[[[-71.531284,41.378536],[-71.531033,41.378334],[-71.530352,41.378352],[-71.530371,41.378296],[-71.530422,41.37825],[-71.530438,41.378195],[-71.530526,41.378194],[-71.530603,41.378206],[-71.530692,41.378213],[-71.530757,41.378237],[-71.530815,41.378278],[-71.530881,41.378303],[-71.530964,41.378305],[-71.531034,41.378333],[-71.53122,41.37847],[-71.531269,41.378514],[-71.531284,41.378536]]],[[[-71.532608,41.378543],[-71.532779,41.378462],[-71.53279,41.378479],[-71.532771,41.378512],[-71.532699,41.378541],[-71.532609,41.378543],[-71.532608,41.378543]]],[[[-71.528465,41.378513],[-71.528504,41.378463],[-71.528621,41.378773],[-71.528562,41.378737],[-71.528507,41.37869],[-71.528463,41.378639],[-71.52845,41.378579],[-71.528465,41.378513]]],[[[-71.532399,41.378703],[-71.532451,41.378691],[-71.532499,41.37872],[-71.532531,41.37877],[-71.532521,41.378813],[-71.532568,41.378814],[-71.532615,41.378852],[-71.532281,41.378818],[-71.532279,41.378787],[-71.532399,41.378703]]],[[[-71.533366,41.37856],[-71.533407,41.378541],[-71.53301,41.378893],[-71.533101,41.37877],[-71.533165,41.378672],[-71.533244,41.378648],[-71.533293,41.378598],[-71.533366,41.37856]]],[[[-71.529608,41.378623],[-71.529484,41.378539],[-71.529459,41.378503],[-71.529507,41.378504],[-71.52966,41.37857],[-71.529709,41.378563],[-71.529768,41.378522],[-71.529842,41.37853],[-71.529912,41.378571],[-71.529963,41.378614],[-71.529974,41.378674],[-71.529975,41.378732],[-71.529928,41.37885],[-71.529957,41.3789],[-71.53002,41.378919],[-71.530096,41.378921],[-71.530183,41.378943],[-71.530263,41.378982],[-71.530409,41.379074],[-71.530418,41.379079],[-71.529638,41.379052],[-71.529638,41.379051],[-71.529623,41.379006],[-71.52969,41.378972],[-71.529682,41.378916],[-71.529633,41.378863],[-71.529599,41.378799],[-71.529562,41.378746],[-71.529573,41.378681],[-71.529608,41.378623]]],[[[-71.530705,41.37909],[-71.530705,41.37909],[-71.530706,41.37909],[-71.530705,41.37909]]],[[[-71.529694,41.379088],[-71.529651,41.37906],[-71.529948,41.379249],[-71.529935,41.379249],[-71.52986,41.379232],[-71.529818,41.379185],[-71.529751,41.379138],[-71.529694,41.379088]]],[[[-71.531638,41.379279],[-71.532061,41.379134],[-71.531876,41.379413],[-71.531638,41.379279]]],[[[-71.529237,41.378631],[-71.528711,41.37851],[-71.528785,41.378525],[-71.528857,41.378527],[-71.52894,41.378506],[-71.529009,41.378526],[-71.529175,41.378586],[-71.529238,41.378631],[-71.52926,41.378696],[-71.529245,41.378754],[-71.529158,41.378873],[-71.529078,41.379018],[-71.528993,41.379231],[-71.528889,41.379436],[-71.529237,41.378631]]],[[[-71.529836,41.379803],[-71.529836,41.379802],[-71.529836,41.379803],[-71.529836,41.379803],[-71.529836,41.379803]]],[[[-71.530025,41.379755],[-71.530085,41.379713],[-71.53015,41.379716],[-71.530141,41.37977],[-71.530149,41.379803],[-71.53002,41.379803],[-71.530025,41.379755]]],[[[-71.530222,41.379803],[-71.530237,41.3798],[-71.530244,41.379803],[-71.530222,41.379803]]],[[[-71.530814,41.379804],[-71.530818,41.379804],[-71.530818,41.379804],[-71.530814,41.379804]]],[[[-71.528362,41.38008],[-71.528459,41.379972],[-71.528459,41.379977],[-71.528429,41.380038],[-71.528362,41.38008]]],[[[-71.528306,41.380142],[-71.528329,41.380117],[-71.528307,41.380142],[-71.528305,41.380147],[-71.528306,41.380142]]],[[[-71.526911,41.380078],[-71.526744,41.380075],[-71.52666,41.380086],[-71.526578,41.38009],[-71.526532,41.380101],[-71.526469,41.380093],[-71.526456,41.380028],[-71.526477,41.379998],[-71.526569,41.379981],[-71.526638,41.379963],[-71.526726,41.379948],[-71.52681,41.37995],[-71.526905,41.379961],[-71.527081,41.379995],[-71.527167,41.380026],[-71.52726,41.380048],[-71.527359,41.380058],[-71.527458,41.380059],[-71.527543,41.380051],[-71.527696,41.380014],[-71.527768,41.379982],[-71.527844,41.379957],[-71.527935,41.379941],[-71.528135,41.379914],[-71.528176,41.379917],[-71.528062,41.380016],[-71.527895,41.380054],[-71.527628,41.380136],[-71.527527,41.380156],[-71.527439,41.380162],[-71.527259,41.380138],[-71.527005,41.380088],[-71.526911,41.380078]]],[[[-71.529008,41.380329],[-71.529058,41.380321],[-71.529078,41.38034],[-71.528949,41.380431],[-71.528952,41.380375],[-71.529008,41.380329]]],[[[-71.528731,41.380585],[-71.528731,41.380585],[-71.528731,41.380586],[-71.528706,41.380652],[-71.528697,41.380639],[-71.528731,41.380585]]],[[[-71.528573,41.380971],[-71.528606,41.380912],[-71.528571,41.381004],[-71.528573,41.380971]]],[[[-71.528184,41.380666],[-71.528216,41.380531],[-71.528229,41.380557],[-71.528323,41.380691],[-71.528342,41.380748],[-71.528306,41.380803],[-71.52829,41.380851],[-71.528295,41.380877],[-71.528143,41.381023],[-71.528101,41.381033],[-71.528094,41.381054],[-71.528132,41.38089],[-71.528179,41.38085],[-71.528205,41.380794],[-71.528209,41.380729],[-71.528184,41.380666]]],[[[-71.528472,41.38119],[-71.528505,41.381178],[-71.528435,41.381361],[-71.528447,41.38124],[-71.528472,41.38119]]],[[[-71.52761,41.381415],[-71.527698,41.381403],[-71.527775,41.381412],[-71.527815,41.38147],[-71.527823,41.38148],[-71.52761,41.381415]]],[[[-71.528452,41.381417],[-71.528435,41.381363],[-71.528502,41.381487],[-71.528486,41.381476],[-71.528452,41.381417]]],[[[-71.528002,41.38098],[-71.528061,41.380938],[-71.528059,41.381552],[-71.527986,41.381401],[-71.527982,41.381349],[-71.527956,41.38129],[-71.527939,41.381221],[-71.527934,41.381152],[-71.527937,41.381089],[-71.527963,41.381031],[-71.528002,41.38098]]],[[[-71.527596,41.381456],[-71.527609,41.381416],[-71.527612,41.381552],[-71.527602,41.381516],[-71.527596,41.381456]]],[[[-71.528292,41.38178],[-71.528291,41.381777],[-71.528293,41.381779],[-71.528293,41.38178],[-71.528292,41.38178]]],[[[-71.527599,41.381729],[-71.527617,41.38172],[-71.527619,41.381811],[-71.527591,41.381775],[-71.527599,41.381729]]],[[[-71.528814,41.382062],[-71.528814,41.382062],[-71.528814,41.382063],[-71.528814,41.382062]]],[[[-71.527626,41.382051],[-71.527937,41.381724],[-71.527938,41.381748],[-71.527906,41.381863],[-71.527919,41.381894],[-71.527905,41.381935],[-71.527931,41.381988],[-71.527932,41.38204],[-71.527907,41.382101],[-71.527877,41.382137],[-71.527804,41.382144],[-71.527709,41.382138],[-71.527646,41.382108],[-71.527626,41.382051],[-71.527626,41.382051]]],[[[-71.528582,41.382185],[-71.528557,41.382182],[-71.528481,41.382182],[-71.528418,41.38216],[-71.528349,41.382039],[-71.528302,41.381976],[-71.528162,41.381814],[-71.528086,41.381694],[-71.528069,41.381656],[-71.528582,41.382185]]],[[[-71.528643,41.382249],[-71.528642,41.382247],[-71.528644,41.38225],[-71.528643,41.382249]]],[[[-71.527255,41.382265],[-71.526638,41.381903],[-71.526638,41.381903],[-71.526711,41.381914],[-71.526769,41.38196],[-71.526827,41.381996],[-71.526901,41.38202],[-71.527075,41.382086],[-71.527151,41.382122],[-71.527208,41.382166],[-71.527255,41.382265]]],[[[-71.528644,41.382557],[-71.528555,41.382496],[-71.528609,41.382496],[-71.528745,41.382551],[-71.528776,41.382544],[-71.528792,41.38252],[-71.528738,41.382687],[-71.528728,41.382663],[-71.528691,41.382604],[-71.528644,41.382557]]],[[[-71.526585,41.382024],[-71.526499,41.382009],[-71.526333,41.382009],[-71.526248,41.382026],[-71.526178,41.382058],[-71.526121,41.382095],[-71.526088,41.382149],[-71.526042,41.382267],[-71.526015,41.382322],[-71.525976,41.382322],[-71.525981,41.382279],[-71.525999,41.382221],[-71.526007,41.382152],[-71.52602,41.382096],[-71.526021,41.382037],[-71.526047,41.381986],[-71.526162,41.381909],[-71.526236,41.3819],[-71.526638,41.381903],[-71.527727,41.382757],[-71.527657,41.382719],[-71.527514,41.382634],[-71.527447,41.382603],[-71.527378,41.382585],[-71.527313,41.382561],[-71.527249,41.382532],[-71.527185,41.382493],[-71.527158,41.382439],[-71.527117,41.382384],[-71.527107,41.382325],[-71.527085,41.382271],[-71.527027,41.382229],[-71.526958,41.382189],[-71.526882,41.38216],[-71.526799,41.382136],[-71.526653,41.382044],[-71.526585,41.382024]]],[[[-71.528136,41.38278],[-71.52772,41.382537],[-71.527765,41.38255],[-71.527934,41.382584],[-71.528005,41.382616],[-71.528114,41.382723],[-71.528136,41.382779],[-71.528136,41.38278]]],[[[-71.528615,41.38306],[-71.52855,41.383023],[-71.528557,41.383023],[-71.528615,41.38306]]],[[[-71.527343,41.382915],[-71.527341,41.382885],[-71.52743,41.38288],[-71.527505,41.382897],[-71.527577,41.3829],[-71.527659,41.382876],[-71.527481,41.383174],[-71.527468,41.383151],[-71.527412,41.383129],[-71.527378,41.383017],[-71.527381,41.382971],[-71.527343,41.382915]]],[[[-71.527375,41.383273],[-71.527431,41.383256],[-71.527346,41.383399],[-71.527375,41.383273]]],[[[-71.52653,41.383519],[-71.52655,41.383456],[-71.526587,41.383407],[-71.526709,41.383384],[-71.526766,41.383349],[-71.526833,41.383319],[-71.526913,41.383296],[-71.526984,41.383326],[-71.527095,41.383419],[-71.527159,41.383454],[-71.527238,41.383474],[-71.527305,41.383462],[-71.526585,41.383651],[-71.526552,41.383601],[-71.526529,41.383548],[-71.52653,41.383519]]],[[[-71.526585,41.383651],[-71.526585,41.383651],[-71.52665,41.383687],[-71.526648,41.383686],[-71.526585,41.383651]]],[[[-71.527184,41.383982],[-71.52704,41.383901],[-71.527196,41.383987],[-71.527184,41.383982]]],[[[-71.52731,41.384049],[-71.527308,41.384048],[-71.52731,41.384049],[-71.52731,41.384049]]],[[[-71.527198,41.384243],[-71.527259,41.384228],[-71.527126,41.384701],[-71.527126,41.384702],[-71.527126,41.384701],[-71.527082,41.384639],[-71.527073,41.384581],[-71.527078,41.384511],[-71.527156,41.38433],[-71.527173,41.384266],[-71.527198,41.384243]]],[[[-71.527319,41.3849],[-71.527296,41.384852],[-71.527409,41.384952],[-71.527368,41.384935],[-71.527319,41.3849]]],[[[-71.527676,41.385205],[-71.527625,41.385142],[-71.527792,41.38529],[-71.527729,41.385254],[-71.527676,41.385205]]],[[[-71.531193,41.385475],[-71.53114,41.38521],[-71.531175,41.385306],[-71.531183,41.385417],[-71.531193,41.385475]]],[[[-71.527799,41.38535],[-71.527795,41.385299],[-71.527883,41.385921],[-71.52784,41.385901],[-71.527774,41.385856],[-71.527691,41.385845],[-71.527641,41.385805],[-71.527582,41.3857],[-71.527535,41.385585],[-71.527535,41.385525],[-71.527575,41.38548],[-71.527634,41.385437],[-71.527756,41.385395],[-71.527799,41.38535]]],[[[-71.526447,41.385942],[-71.526467,41.385918],[-71.526642,41.38593],[-71.52673,41.385944],[-71.526807,41.385948],[-71.526887,41.385957],[-71.526888,41.385962],[-71.526447,41.385942]]],[[[-71.527149,41.385961],[-71.527225,41.385948],[-71.527262,41.385957],[-71.527295,41.385966],[-71.527324,41.385981],[-71.527066,41.38597],[-71.527149,41.385961]]],[[[-71.527895,41.386006],[-71.527895,41.386006],[-71.527895,41.386007],[-71.527894,41.386007],[-71.527895,41.386006]]],[[[-71.531798,41.386121],[-71.531685,41.386002],[-71.531717,41.386014],[-71.531778,41.386053],[-71.531797,41.386106],[-71.531798,41.386121]]],[[[-71.532335,41.386683],[-71.532127,41.386466],[-71.532145,41.386476],[-71.532213,41.386512],[-71.532266,41.386562],[-71.532334,41.386681],[-71.532335,41.386683]]],[[[-71.532627,41.386991],[-71.532625,41.386988],[-71.532628,41.38699],[-71.532667,41.387046],[-71.532686,41.387113],[-71.532698,41.387191],[-71.532724,41.387258],[-71.532768,41.387317],[-71.532813,41.387493],[-71.532882,41.387835],[-71.532897,41.387964],[-71.532883,41.387988],[-71.532627,41.386991]]],[[[-71.532888,41.388008],[-71.532885,41.387996],[-71.532889,41.388008],[-71.532933,41.388056],[-71.532934,41.388069],[-71.532888,41.388008]]],[[[-71.533593,41.388951],[-71.53342,41.38872],[-71.533495,41.3888],[-71.533533,41.388849],[-71.533593,41.38895],[-71.533588,41.389204],[-71.533571,41.389259],[-71.533522,41.389301],[-71.533443,41.389379],[-71.533593,41.388951]]],[[[-71.533288,41.389822],[-71.533289,41.389821],[-71.533289,41.389821],[-71.533431,41.389863],[-71.533497,41.389892],[-71.533549,41.389929],[-71.533605,41.389979],[-71.533641,41.390027],[-71.533642,41.390039],[-71.533288,41.389822]]],[[[-71.534726,41.39031],[-71.534496,41.390013],[-71.533855,41.39017],[-71.533855,41.39017],[-71.533856,41.390169],[-71.533856,41.390108],[-71.533841,41.390047],[-71.53384,41.389995],[-71.53389,41.389947],[-71.533963,41.389929],[-71.53415,41.389928],[-71.534325,41.389952],[-71.534414,41.38998],[-71.534497,41.390013],[-71.534559,41.390049],[-71.534622,41.390098],[-71.534679,41.390159],[-71.534713,41.390207],[-71.534726,41.390268],[-71.534726,41.39031]]],[[[-71.534942,41.390588],[-71.534772,41.390369],[-71.534917,41.390433],[-71.534973,41.390477],[-71.534977,41.390531],[-71.534942,41.390583],[-71.534942,41.390588]]],[[[-71.535077,41.390763],[-71.535067,41.390749],[-71.535071,41.390752],[-71.535077,41.390763]]],[[[-71.535048,41.391559],[-71.535245,41.39098],[-71.53525,41.391033],[-71.535282,41.391089],[-71.535279,41.391148],[-71.535316,41.391196],[-71.535321,41.391259],[-71.535305,41.391317],[-71.5352,41.391426],[-71.535048,41.391559]]],[[[-71.534712,41.391607],[-71.535048,41.391559],[-71.534981,41.391598],[-71.534906,41.391609],[-71.534809,41.391611],[-71.534712,41.391607]]],[[[-71.534267,41.391669],[-71.534268,41.391669],[-71.534268,41.391669],[-71.534267,41.391672],[-71.534267,41.391669]]],[[[-71.534271,41.392109],[-71.534268,41.391831],[-71.53429,41.391878],[-71.534303,41.39195],[-71.534298,41.392028],[-71.534282,41.392087],[-71.534271,41.392109]]],[[[-71.534277,41.392849],[-71.534277,41.392848],[-71.534277,41.392848],[-71.534277,41.392849],[-71.534277,41.392849]]],[[[-71.537466,41.393022],[-71.537527,41.392982],[-71.537697,41.392976],[-71.537791,41.392967],[-71.537954,41.39297],[-71.538127,41.393002],[-71.538211,41.393012],[-71.538285,41.393012],[-71.538355,41.393025],[-71.538434,41.393049],[-71.53862,41.393092],[-71.538714,41.393108],[-71.538798,41.393113],[-71.538891,41.393112],[-71.538992,41.393127],[-71.539296,41.393199],[-71.537526,41.392983],[-71.537321,41.393224],[-71.537325,41.393193],[-71.537346,41.393129],[-71.537466,41.393022]]],[[[-71.539928,41.393511],[-71.539381,41.39324],[-71.539519,41.393288],[-71.539675,41.393352],[-71.539752,41.393394],[-71.539817,41.393437],[-71.539864,41.393478],[-71.539928,41.39351],[-71.539928,41.393511]]],[[[-71.536248,41.393569],[-71.534916,41.393418],[-71.534916,41.393417],[-71.534917,41.393417],[-71.535004,41.393416],[-71.535065,41.393389],[-71.535119,41.393382],[-71.535184,41.393352],[-71.535229,41.393318],[-71.535266,41.393348],[-71.53528,41.393406],[-71.535339,41.393438],[-71.535414,41.393447],[-71.535456,41.393447],[-71.53557,41.393459],[-71.535743,41.393483],[-71.535827,41.393501],[-71.535921,41.393509],[-71.535994,41.393523],[-71.536082,41.393548],[-71.536249,41.393568],[-71.536251,41.393568],[-71.536248,41.393569]]],[[[-71.54011,41.394273],[-71.539953,41.393617],[-71.539964,41.393629],[-71.540065,41.393835],[-71.540084,41.39391],[-71.540104,41.394028],[-71.54011,41.394101],[-71.54011,41.394273]]],[[[-71.540266,41.394928],[-71.540266,41.394927],[-71.540267,41.394927],[-71.54034,41.39498],[-71.540469,41.395055],[-71.540683,41.395189],[-71.540872,41.395321],[-71.540917,41.395369],[-71.54095,41.395418],[-71.541028,41.395554],[-71.541043,41.395623],[-71.541034,41.395692],[-71.540999,41.395753],[-71.540948,41.395819],[-71.540824,41.395961],[-71.540725,41.396096],[-71.540686,41.396161],[-71.540654,41.396226],[-71.540585,41.396276],[-71.540523,41.396249],[-71.541033,41.395692],[-71.540266,41.394928]]],[[[-71.549675,41.425921],[-71.549579,41.425905],[-71.549483,41.425922],[-71.549396,41.425965],[-71.549306,41.425991],[-71.549208,41.425991],[-71.549079,41.425985],[-71.549006,41.425976],[-71.548832,41.425943],[-71.548662,41.425925],[-71.54835,41.425863],[-71.548253,41.425837],[-71.548177,41.425795],[-71.548037,41.425739],[-71.547981,41.425706],[-71.547966,41.425657],[-71.547961,41.425642],[-71.547961,41.425519],[-71.547981,41.425472],[-71.548065,41.425434],[-71.548151,41.425408],[-71.548244,41.425374],[-71.548312,41.425342],[-71.548377,41.425304],[-71.548426,41.425261],[-71.548529,41.425152],[-71.548555,41.425088],[-71.548541,41.425018],[-71.548475,41.424959],[-71.5484,41.424932],[-71.548325,41.42491],[-71.548254,41.424871],[-71.548218,41.424824],[-71.548198,41.424764],[-71.548196,41.424692],[-71.548175,41.424611],[-71.548156,41.424487],[-71.548094,41.424318],[-71.548082,41.424258],[-71.548081,41.424127],[-71.548114,41.424064],[-71.548225,41.42397],[-71.548278,41.423913],[-71.548433,41.423679],[-71.548472,41.423631],[-71.548507,41.423564],[-71.548534,41.423491],[-71.548565,41.423425],[-71.54867,41.423314],[-71.548683,41.423237],[-71.548682,41.423173],[-71.548671,41.423107],[-71.548647,41.423043],[-71.548575,41.422927],[-71.54852,41.422889],[-71.548446,41.42288],[-71.54836,41.422898],[-71.548283,41.422932],[-71.548218,41.422971],[-71.548113,41.423058],[-71.547896,41.423197],[-71.547832,41.423224],[-71.547759,41.423233],[-71.547742,41.423233],[-71.547198,41.423836],[-71.546738,41.423647],[-71.546674,41.423569],[-71.546562,41.423405],[-71.546497,41.423281],[-71.546392,41.423137],[-71.546046,41.423117],[-71.545939,41.423144],[-71.545831,41.423134],[-71.545627,41.423149],[-71.545465,41.423237],[-71.545487,41.423195],[-71.545495,41.423142],[-71.545495,41.42284],[-71.545503,41.422749],[-71.545518,41.422657],[-71.545533,41.422459],[-71.545533,41.422329],[-71.545518,41.422184],[-71.545503,41.422093],[-71.54548,41.422005],[-71.545442,41.421795],[-71.545396,41.421456],[-71.545381,41.421242],[-71.545365,41.421173],[-71.545358,41.421105],[-71.545342,41.421036],[-71.545342,41.42099],[-71.545335,41.420941],[-71.545342,41.420891],[-71.545358,41.420838],[-71.545412,41.420735],[-71.545426,41.420708],[-71.545472,41.420651],[-71.54551,41.420586],[-71.545541,41.420521],[-71.54561,41.420407],[-71.545686,41.420319],[-71.54577,41.42025],[-71.545823,41.420224],[-71.545884,41.420205],[-71.545953,41.420189],[-71.546014,41.42017],[-71.546098,41.420132],[-71.546212,41.42006],[-71.546243,41.420033],[-71.54626,41.420015],[-71.546281,41.419991],[-71.546342,41.419896],[-71.546357,41.419842],[-71.546395,41.419609],[-71.546467,41.419377],[-71.546487,41.419312],[-71.54654,41.419102],[-71.546548,41.419045],[-71.546563,41.418984],[-71.546571,41.418927],[-71.546571,41.418774],[-71.54654,41.418656],[-71.546517,41.418595],[-71.546487,41.418465],[-71.546433,41.418328],[-71.546395,41.418263],[-71.546243,41.41837],[-71.546159,41.418423],[-71.546022,41.418522],[-71.545907,41.418591],[-71.5458,41.418648],[-71.545709,41.418682],[-71.545655,41.41869],[-71.545541,41.418686],[-71.54548,41.418671],[-71.545426,41.418652],[-71.545365,41.418637],[-71.545304,41.418633],[-71.54519,41.418637],[-71.545136,41.418648],[-71.544999,41.418702],[-71.544984,41.418705],[-71.544808,41.418782],[-71.544663,41.418839],[-71.544473,41.418896],[-71.544419,41.418908],[-71.544313,41.418919],[-71.544251,41.418919],[-71.54419,41.418911],[-71.544137,41.418896],[-71.544091,41.418869],[-71.543977,41.418774],[-71.543901,41.418717],[-71.543664,41.418572],[-71.543244,41.418305],[-71.543191,41.418248],[-71.543183,41.418202],[-71.54316,41.418156],[-71.543099,41.418118],[-71.543031,41.418084],[-71.542947,41.418049],[-71.542771,41.418023],[-71.542497,41.418015],[-71.542367,41.417992],[-71.542298,41.417958],[-71.542253,41.417931],[-71.541589,41.417261],[-71.540322,41.416054],[-71.539605,41.415554],[-71.539483,41.415398],[-71.539463,41.415329],[-71.539453,41.415249],[-71.539472,41.415196],[-71.539519,41.415128],[-71.539594,41.415067],[-71.539606,41.415008],[-71.539584,41.414968],[-71.539519,41.414952],[-71.53945,41.414982],[-71.539357,41.415043],[-71.539248,41.415097],[-71.539149,41.415125],[-71.538972,41.415139],[-71.538728,41.415108],[-71.538453,41.414952],[-71.538087,41.414841],[-71.537957,41.41475],[-71.537911,41.414685],[-71.537805,41.414612],[-71.537591,41.414559],[-71.537332,41.414544],[-71.53721,41.414494],[-71.537103,41.41441],[-71.537019,41.414307],[-71.536881,41.414231],[-71.536675,41.414173],[-71.5365,41.414166],[-71.536416,41.414128],[-71.536325,41.414036],[-71.536241,41.413926],[-71.536096,41.413792],[-71.535974,41.413712],[-71.535928,41.413651],[-71.535668,41.413479],[-71.535401,41.413315],[-71.535073,41.413235],[-71.534913,41.413205],[-71.53473,41.413151],[-71.534638,41.413063],[-71.534478,41.412972],[-71.534356,41.412735],[-71.534356,41.412609],[-71.534364,41.412503],[-71.534478,41.412362],[-71.534524,41.412289],[-71.534425,41.412167],[-71.53434,41.412133],[-71.534188,41.412072],[-71.534082,41.411991],[-71.533978,41.411785],[-71.533808,41.411554],[-71.533733,41.411419],[-71.533561,41.411149],[-71.533546,41.411095],[-71.533425,41.411002],[-71.533244,41.411014],[-71.532964,41.411019],[-71.532894,41.411007],[-71.532452,41.410746],[-71.532136,41.410618],[-71.532113,41.410679],[-71.532022,41.410817],[-71.531884,41.410962],[-71.531716,41.411122],[-71.531617,41.411232],[-71.531564,41.411354],[-71.531457,41.411679],[-71.531327,41.412045],[-71.531236,41.412335],[-71.531101,41.412401],[-71.530997,41.412286],[-71.53079,41.412058],[-71.530882,41.41179],[-71.530946,41.411605],[-71.530976,41.411518],[-71.530988,41.411483],[-71.531045,41.411316],[-71.531304,41.410561],[-71.53145,41.410109],[-71.531538,41.409826],[-71.531618,41.409566],[-71.531704,41.409286],[-71.532021,41.40836],[-71.532098,41.408118],[-71.532222,41.407718],[-71.532304,41.407494],[-71.532365,41.407318],[-71.532609,41.406575],[-71.532632,41.406521],[-71.532762,41.406132],[-71.532922,41.405732],[-71.533067,41.405342],[-71.53309,41.405275],[-71.533145,41.405117],[-71.533372,41.404461],[-71.533387,41.404408],[-71.533532,41.403962],[-71.533532,41.403942],[-71.533608,41.403702],[-71.5337,41.403485],[-71.533853,41.40321],[-71.534074,41.402863],[-71.534364,41.402542],[-71.53441,41.402493],[-71.534738,41.402184],[-71.53515,41.401863],[-71.535209,41.401828],[-71.535462,41.40168],[-71.535714,41.401539],[-71.535874,41.401451],[-71.536065,41.40136],[-71.536344,41.401248],[-71.536447,41.401207],[-71.536516,41.401183],[-71.53692,41.401043],[-71.536965,41.401028],[-71.537629,41.400814],[-71.537828,41.400754],[-71.537926,41.400725],[-71.538133,41.400662],[-71.538491,41.400559],[-71.539155,41.400349],[-71.539521,41.400238],[-71.540238,41.399998],[-71.540818,41.399784],[-71.541503,41.399504],[-71.541581,41.399472],[-71.542886,41.398838],[-71.543763,41.398426],[-71.543946,41.39835],[-71.544061,41.398297],[-71.544358,41.398194],[-71.545091,41.39795],[-71.545493,41.397843],[-71.5459,41.39774],[-71.546353,41.397632],[-71.54663,41.397581],[-71.546814,41.397548],[-71.546973,41.397526],[-71.547139,41.397493],[-71.547453,41.397457],[-71.548007,41.397373],[-71.548318,41.397324],[-71.548768,41.397297],[-71.549015,41.397255],[-71.549229,41.397227],[-71.549348,41.397206],[-71.549462,41.397175],[-71.549577,41.397114],[-71.549615,41.397072],[-71.549661,41.397007],[-71.549692,41.396925],[-71.549706,41.396819],[-71.549729,41.396677],[-71.549757,41.396549],[-71.549768,41.396286],[-71.549783,41.396043],[-71.549783,41.39555],[-71.549775,41.394757],[-71.54976,41.393978],[-71.54976,41.393219],[-71.549752,41.392453],[-71.549722,41.390778],[-71.549699,41.388466],[-71.549432,41.388459],[-71.549035,41.388455],[-71.54815,41.388436],[-71.546609,41.388443],[-71.546113,41.388451],[-71.545716,41.388474],[-71.545472,41.388493],[-71.544869,41.388527],[-71.544549,41.388523],[-71.544396,41.388504],[-71.54377,41.388402],[-71.543321,41.388329],[-71.542962,41.38826],[-71.542672,41.388195],[-71.542474,41.388134],[-71.542092,41.387947],[-71.541513,41.387642],[-71.541314,41.387528],[-71.541146,41.387444],[-71.540963,41.387379],[-71.540826,41.387337],[-71.540704,41.387314],[-71.540589,41.387303],[-71.540452,41.387303],[-71.540322,41.38731],[-71.540086,41.387356],[-71.539826,41.387432],[-71.539483,41.387562],[-71.539002,41.387753],[-71.53856,41.387921],[-71.53811,41.388108],[-71.537568,41.388314],[-71.53721,41.388405],[-71.537019,41.388436],[-71.536813,41.388447],[-71.53663,41.388447],[-71.536462,41.388432],[-71.536271,41.388401],[-71.53608,41.388344],[-71.535897,41.388272],[-71.535737,41.388192],[-71.5356,41.388096],[-71.535462,41.387986],[-71.535287,41.387822],[-71.535073,41.3876],[-71.534486,41.38694],[-71.534112,41.386528],[-71.53399,41.38641],[-71.53386,41.386319],[-71.533715,41.386246],[-71.533486,41.386155],[-71.533174,41.386017],[-71.532914,41.385918],[-71.532655,41.385792],[-71.532533,41.385716],[-71.532434,41.385628],[-71.532357,41.385537],[-71.532311,41.385456],[-71.532281,41.385365],[-71.532281,41.385235],[-71.532296,41.38509],[-71.532388,41.384781],[-71.532403,41.384701],[-71.532395,41.38464],[-71.532365,41.384514],[-71.532357,41.384461],[-71.531415,41.384336],[-71.531377,41.384386],[-71.531311,41.384419],[-71.531242,41.384441],[-71.531169,41.384494],[-71.531066,41.384596],[-71.531029,41.384646],[-71.531044,41.384695],[-71.53104,41.384705],[-71.531029,41.384646],[-71.532698,41.382394],[-71.533168,41.383426],[-71.533641,41.385093],[-71.534222,41.385576],[-71.535076,41.385505],[-71.536078,41.38497],[-71.537091,41.383786],[-71.536979,41.383398],[-71.536081,41.383151],[-71.536003,41.381972],[-71.537132,41.381648],[-71.537392,41.383124],[-71.537261,41.383799],[-71.537594,41.384334],[-71.538444,41.384921],[-71.538032,41.385965],[-71.539336,41.386316],[-71.539174,41.387211],[-71.540607,41.386868],[-71.540773,41.386072],[-71.539992,41.385444],[-71.540176,41.384746],[-71.541221,41.383826],[-71.541155,41.382279],[-71.541652,41.381542],[-71.541368,41.381275],[-71.541413,41.380295],[-71.542665,41.379473],[-71.541894,41.379108],[-71.542278,41.378392],[-71.54144,41.378423],[-71.540789,41.378068],[-71.540155,41.378513],[-71.540837,41.379387],[-71.540334,41.379556],[-71.540248,41.380128],[-71.539365,41.38017],[-71.538857,41.380739],[-71.537685,41.381113],[-71.538791,41.379246],[-71.53944,41.379075],[-71.54088,41.377615],[-71.540586,41.37729],[-71.540788,41.376358],[-71.541932,41.374853],[-71.541359,41.374467],[-71.540244,41.374315],[-71.539749,41.374714],[-71.539748,41.376032],[-71.539295,41.377213],[-71.5387,41.378019],[-71.537491,41.378797],[-71.537136,41.378288],[-71.53733,41.377844],[-71.536628,41.377483],[-71.536256,41.376402],[-71.536476,41.375952],[-71.535601,41.375595],[-71.533672,41.376428],[-71.53355,41.376948],[-71.532934,41.376702],[-71.53264,41.376201],[-71.532465,41.376259],[-71.532304,41.376307],[-71.532163,41.37636],[-71.532013,41.376401],[-71.533405,41.375902],[-71.534571,41.375189],[-71.536418,41.374766],[-71.536898,41.374319],[-71.537237,41.373337],[-71.538466,41.373117],[-71.54082,41.372995],[-71.541668,41.373246],[-71.542901,41.373224],[-71.544554,41.373857],[-71.545877,41.374189],[-71.548648,41.374314],[-71.549103,41.374541],[-71.551301,41.374484],[-71.555968,41.373723],[-71.560918,41.372736],[-71.562968,41.372164],[-71.566751,41.371365],[-71.568062,41.371155],[-71.572345,41.370774],[-71.573325,41.370574],[-71.573388,41.370566],[-71.573481,41.370548],[-71.573834,41.370497],[-71.573984,41.370461],[-71.574065,41.370437],[-71.574161,41.370404],[-71.574917,41.370249],[-71.57492,41.370249],[-71.574994,41.370231],[-71.575041,41.370213],[-71.575047,41.370212],[-71.575083,41.370202],[-71.57512,41.37019],[-71.575499,41.370078],[-71.575538,41.370069],[-71.575544,41.370065],[-71.575596,41.37005],[-71.575616,41.370047],[-71.575796,41.37003],[-71.575904,41.370029],[-71.578093,41.369695],[-71.578101,41.369694],[-71.578128,41.369689],[-71.579624,41.369461],[-71.580209,41.370038],[-71.579567,41.370573],[-71.5786,41.370395],[-71.577295,41.370675],[-71.576921,41.370992],[-71.57729,41.37163],[-71.577745,41.371153],[-71.578159,41.371334],[-71.578078,41.371909],[-71.57746,41.372341],[-71.577002,41.372098],[-71.577083,41.372811],[-71.576656,41.373334],[-71.577183,41.373561],[-71.577969,41.373268],[-71.578441,41.37349],[-71.578132,41.373943],[-71.578917,41.373972],[-71.578762,41.374435],[-71.579201,41.3748],[-71.579984,41.374278],[-71.581547,41.375291],[-71.581619,41.375739],[-71.582223,41.374287],[-71.582471,41.375455],[-71.581424,41.376303],[-71.58115,41.376856],[-71.580136,41.377111],[-71.580606,41.377541],[-71.581607,41.377683],[-71.582394,41.378061],[-71.582866,41.37772],[-71.582712,41.377094],[-71.583314,41.37711],[-71.584039,41.377611],[-71.584182,41.376666],[-71.583876,41.376343],[-71.585333,41.376316],[-71.585534,41.375706],[-71.585178,41.375002],[-71.585713,41.375091],[-71.586656,41.374032],[-71.586646,41.372435],[-71.58725,41.371789],[-71.587763,41.372008],[-71.588016,41.37268],[-71.587446,41.372343],[-71.586965,41.373165],[-71.58729,41.373766],[-71.587963,41.373265],[-71.588003,41.373755],[-71.589171,41.373553],[-71.589782,41.372248],[-71.589354,41.37229],[-71.5899,41.371396],[-71.589998,41.370778],[-71.590721,41.3697],[-71.590564,41.368981],[-71.591234,41.367398],[-71.588992,41.367875],[-71.587297,41.368346],[-71.586323,41.368893],[-71.584656,41.369421],[-71.580502,41.369862],[-71.580124,41.369384],[-71.580455,41.369341],[-71.580484,41.36934],[-71.580749,41.369307],[-71.580941,41.369281],[-71.581197,41.369248],[-71.581336,41.369235],[-71.581571,41.369198],[-71.5816,41.369193],[-71.581618,41.36919],[-71.581677,41.369177],[-71.581695,41.369173],[-71.581699,41.369172],[-71.582563,41.368979],[-71.58269,41.368959],[-71.582723,41.36895],[-71.582788,41.368929],[-71.582863,41.368912],[-71.58304,41.368881],[-71.583357,41.368832],[-71.583436,41.368825],[-71.583504,41.368796],[-71.58359,41.36877],[-71.583681,41.36875],[-71.583757,41.368745],[-71.58384,41.368716],[-71.583908,41.368681],[-71.584078,41.368645],[-71.584167,41.368622],[-71.584334,41.368598],[-71.584494,41.368548],[-71.584674,41.368511],[-71.584784,41.368482],[-71.585211,41.368387],[-71.585234,41.368383],[-71.585272,41.368373],[-71.585382,41.368348],[-71.585393,41.368346],[-71.585403,41.368343],[-71.58695,41.367806],[-71.586963,41.367803],[-71.587041,41.367775],[-71.587048,41.367772],[-71.587436,41.367637],[-71.587443,41.367635],[-71.587599,41.367595],[-71.588113,41.367477],[-71.588262,41.36743],[-71.588592,41.367352],[-71.588757,41.367307],[-71.588951,41.367263],[-71.589021,41.367238],[-71.589097,41.367218],[-71.589236,41.367164],[-71.589317,41.367137],[-71.589913,41.366993],[-71.590074,41.366937],[-71.590232,41.366876],[-71.590379,41.366826],[-71.590614,41.36676],[-71.590624,41.366756],[-71.593172,41.365894],[-71.59322,41.365886],[-71.59332,41.365858],[-71.593396,41.365818],[-71.593509,41.36578],[-71.59354,41.365776],[-71.593662,41.365728],[-71.593923,41.36564],[-71.595196,41.365076],[-71.595216,41.365073],[-71.595428,41.365077],[-71.595447,41.365082],[-71.595525,41.365096],[-71.59569,41.365115],[-71.595965,41.365112],[-71.59613,41.365101],[-71.596207,41.365092],[-71.596348,41.365062],[-71.596526,41.365036],[-71.596758,41.364979],[-71.596834,41.364955],[-71.596985,41.364896],[-71.597296,41.364813],[-71.597417,41.364776],[-71.597482,41.36476],[-71.597538,41.364747],[-71.597685,41.364707],[-71.597792,41.364679],[-71.598072,41.364626],[-71.59817,41.364618],[-71.598262,41.364605],[-71.598245,41.364561],[-71.598245,41.364561],[-71.598248,41.364561],[-71.598406,41.364573],[-71.59848,41.364584],[-71.598576,41.364587],[-71.598694,41.364587],[-71.598978,41.364603],[-71.599254,41.364629],[-71.599416,41.364639],[-71.599756,41.364649],[-71.599906,41.364646],[-71.599999,41.36464],[-71.600155,41.364636],[-71.600235,41.364615],[-71.600628,41.364583],[-71.600706,41.364571],[-71.600723,41.36457],[-71.600808,41.364566],[-71.600894,41.364584],[-71.600979,41.364576],[-71.60115,41.364535],[-71.601154,41.364535],[-71.601243,41.364559],[-71.60132,41.364567],[-71.601652,41.364545],[-71.601926,41.364513],[-71.602104,41.364503],[-71.602274,41.364443],[-71.602279,41.364442],[-71.602644,41.364374],[-71.602786,41.364358],[-71.602848,41.364336],[-71.603719,41.364174],[-71.603752,41.364169],[-71.604897,41.364078],[-71.604907,41.36408],[-71.60499,41.364076],[-71.605152,41.364059],[-71.605225,41.364057],[-71.605259,41.364049],[-71.605372,41.36404],[-71.60547,41.364044],[-71.605796,41.364027],[-71.606047,41.364003],[-71.606152,41.363982],[-71.606488,41.363951],[-71.606836,41.363943],[-71.606916,41.363938],[-71.606926,41.364404],[-71.60653,41.364392],[-71.605966,41.364357],[-71.605783,41.364357],[-71.605676,41.364369],[-71.605409,41.364422],[-71.605065,41.36451],[-71.604669,41.364628],[-71.604287,41.364705],[-71.60389,41.364766],[-71.603814,41.364781],[-71.603707,41.364808],[-71.603265,41.364956],[-71.602532,41.365143],[-71.602433,41.365162],[-71.602334,41.365174],[-71.602181,41.365178],[-71.6018,41.36517],[-71.601319,41.365174],[-71.601098,41.365166],[-71.60074,41.365189],[-71.600625,41.365204],[-71.600556,41.365219],[-71.600457,41.365258],[-71.600404,41.365284],[-71.600282,41.365357],[-71.600183,41.365425],[-71.600114,41.365483],[-71.600091,41.365509],[-71.600045,41.365597],[-71.600022,41.365731],[-71.600022,41.36586],[-71.60003,41.365971],[-71.600061,41.366162],[-71.600129,41.366402],[-71.600183,41.366574],[-71.600259,41.366768],[-71.600518,41.367428],[-71.600724,41.368035],[-71.600808,41.368325],[-71.600892,41.368691],[-71.601076,41.369637],[-71.601113,41.369824],[-71.601144,41.370095],[-71.601152,41.370346],[-71.601152,41.370625],[-71.601144,41.371037],[-71.601152,41.371594],[-71.601152,41.372116],[-71.601167,41.372284],[-71.601213,41.372486],[-71.601235,41.372624],[-71.601441,41.373379],[-71.601541,41.373967],[-71.601602,41.374382],[-71.60164,41.374569],[-71.601701,41.37497],[-71.601792,41.3755],[-71.601823,41.375988],[-71.601831,41.376454],[-71.601823,41.376828],[-71.601823,41.377259],[-71.601831,41.377736],[-71.601838,41.377905],[-71.601846,41.378098],[-71.601861,41.378239],[-71.601922,41.378556],[-71.601953,41.378968],[-71.601953,41.379235],[-71.601937,41.379841],[-71.601922,41.380181],[-71.601937,41.380318],[-71.60196,41.380467],[-71.602006,41.380654],[-71.602059,41.380913],[-71.602166,41.381356],[-71.60222,41.38144],[-71.602232,41.381447],[-71.602342,41.381501],[-71.602479,41.381535],[-71.60267,41.381569],[-71.60286,41.381588],[-71.603013,41.381588],[-71.603059,41.381581],[-71.603097,41.381737],[-71.60312,41.381955],[-71.60312,41.382943],[-71.60315,41.384453],[-71.603158,41.385102],[-71.603166,41.385193],[-71.603166,41.385388],[-71.603181,41.385506],[-71.60325,41.385765],[-71.603341,41.385956],[-71.603426,41.386107],[-71.603547,41.386368],[-71.603601,41.386559],[-71.603662,41.386711],[-71.603799,41.386929],[-71.60389,41.38702],[-71.603997,41.387101],[-71.60418,41.387223],[-71.604295,41.387326],[-71.604363,41.387417],[-71.604417,41.387535],[-71.604486,41.387787],[-71.604563,41.388229],[-71.604676,41.388989],[-71.60476,41.38942],[-71.604774,41.389502],[-71.604936,41.390404],[-71.60502,41.390911],[-71.605096,41.391484],[-71.605111,41.391762],[-71.605111,41.392121],[-71.605119,41.392548],[-71.605112,41.393334],[-71.604852,41.393364],[-71.60357,41.393547],[-71.603341,41.393601],[-71.602944,41.393723],[-71.602418,41.393921],[-71.602349,41.393944],[-71.601243,41.394379],[-71.600694,41.394577],[-71.600358,41.394688],[-71.600221,41.394726],[-71.599917,41.394804],[-71.599412,41.394955],[-71.599345,41.394973],[-71.599043,41.39502],[-71.598777,41.395044],[-71.597605,41.395024],[-71.597403,41.395013],[-71.597218,41.395001],[-71.597005,41.394988],[-71.596663,41.394977],[-71.596147,41.394966],[-71.595605,41.394966],[-71.595086,41.394982],[-71.594682,41.395001],[-71.594366,41.395023],[-71.593865,41.395058],[-71.593225,41.395127],[-71.592088,41.395256],[-71.591199,41.395355],[-71.590303,41.395455],[-71.589715,41.395504],[-71.589036,41.39555],[-71.588563,41.395573],[-71.588418,41.395577],[-71.588212,41.395586],[-71.587739,41.395594],[-71.587402,41.395587],[-71.586662,41.395539],[-71.586052,41.395489],[-71.585979,41.395483],[-71.585771,41.39547],[-71.585152,41.395427],[-71.583841,41.395335],[-71.582879,41.395272],[-71.581841,41.395206],[-71.581244,41.395161],[-71.580665,41.39513],[-71.579726,41.395065],[-71.579109,41.395017],[-71.577835,41.394929],[-71.576938,41.394851],[-71.57652,41.39484],[-71.576138,41.394823],[-71.576026,41.394814],[-71.575819,41.394803],[-71.575531,41.394787],[-71.575009,41.394777],[-71.574886,41.394774],[-71.574571,41.394769],[-71.574472,41.394774],[-71.573808,41.394796],[-71.573464,41.39482],[-71.57277,41.394892],[-71.571459,41.395061],[-71.57147,41.395225],[-71.571471,41.395239],[-71.572763,41.395075],[-71.573342,41.395023],[-71.573869,41.394994],[-71.574418,41.394981],[-71.574616,41.394972],[-71.575075,41.394963],[-71.575116,41.394962],[-71.575265,41.394959],[-71.575511,41.394967],[-71.575898,41.394991],[-71.576129,41.395009],[-71.575957,41.39505],[-71.575863,41.395066],[-71.575789,41.395089],[-71.575683,41.395146],[-71.575624,41.395208],[-71.575611,41.395232],[-71.575604,41.39527],[-71.575593,41.395314],[-71.575593,41.395451],[-71.575631,41.395977],[-71.575662,41.396305],[-71.575707,41.396637],[-71.57573,41.396901],[-71.575761,41.397099],[-71.575799,41.397297],[-71.575845,41.397488],[-71.575921,41.39769],[-71.576028,41.397911],[-71.576272,41.39835],[-71.576325,41.398484],[-71.576364,41.398655],[-71.576394,41.398846],[-71.576425,41.399102],[-71.576478,41.400059],[-71.57647,41.400162],[-71.576386,41.400463],[-71.576295,41.400723],[-71.576211,41.400944],[-71.576089,41.401223],[-71.575905,41.40152],[-71.575641,41.401426],[-71.574545,41.401038],[-71.574142,41.400913],[-71.573851,41.400826],[-71.573523,41.400755],[-71.573189,41.400701],[-71.572615,41.400626],[-71.572031,41.400583],[-71.571726,41.400574],[-71.571505,41.400572],[-71.571082,41.400588],[-71.570134,41.400586],[-71.570028,41.400976],[-71.569808,41.401601],[-71.569573,41.402494],[-71.569566,41.402551],[-71.569551,41.402615],[-71.569528,41.402661],[-71.569467,41.402726],[-71.569375,41.402798],[-71.569329,41.402855],[-71.569268,41.402951],[-71.569238,41.403019],[-71.569207,41.403145],[-71.569207,41.40326],[-71.5692,41.403336],[-71.569207,41.403412],[-71.569207,41.403485],[-71.56923,41.403691],[-71.569245,41.403786],[-71.569291,41.403965],[-71.569337,41.404095],[-71.569367,41.404206],[-71.569367,41.404309],[-71.56936,41.404358],[-71.56936,41.404404],[-71.569245,41.40498],[-71.569215,41.405056],[-71.569192,41.405171],[-71.569192,41.405243],[-71.5692,41.405316],[-71.56923,41.405423],[-71.569238,41.405472],[-71.56939,41.405709],[-71.569589,41.405888],[-71.569825,41.406166],[-71.569924,41.406273],[-71.569932,41.406441],[-71.570031,41.406559],[-71.570291,41.40717],[-71.570466,41.407597],[-71.570893,41.408116],[-71.571122,41.408364],[-71.571229,41.40836],[-71.571412,41.40839],[-71.571549,41.408425],[-71.571595,41.408444],[-71.571626,41.408486],[-71.57171,41.40865],[-71.571885,41.408875],[-71.571977,41.409031],[-71.572068,41.409127],[-71.572137,41.409188],[-71.572213,41.409233],[-71.572465,41.409356],[-71.572595,41.409443],[-71.572747,41.409565],[-71.572862,41.409672],[-71.573037,41.409886],[-71.573106,41.409962],[-71.573236,41.410073],[-71.574105,41.410786],[-71.574304,41.410984],[-71.574479,41.411419],[-71.574571,41.41185],[-71.574662,41.412026],[-71.574937,41.412281],[-71.575051,41.41243],[-71.575112,41.412659],[-71.575158,41.412804],[-71.575303,41.413369],[-71.575372,41.413746],[-71.575418,41.414101],[-71.575509,41.414284],[-71.575616,41.414372],[-71.575769,41.414463],[-71.576104,41.414612],[-71.576181,41.414673],[-71.576181,41.414765],[-71.576074,41.414944],[-71.575982,41.415154],[-71.575898,41.415459],[-71.575906,41.415734],[-71.575959,41.416012],[-71.576058,41.416157],[-71.575822,41.416172],[-71.575532,41.416165],[-71.574815,41.416108],[-71.574655,41.416085],[-71.57454,41.416043],[-71.57422,41.415894],[-71.574082,41.415856],[-71.57396,41.415829],[-71.573808,41.41581],[-71.573434,41.41581],[-71.573236,41.415806],[-71.5729,41.41581],[-71.572572,41.415825],[-71.572343,41.415825],[-71.572076,41.415833],[-71.571816,41.415829],[-71.571549,41.415818],[-71.571328,41.415787],[-71.571107,41.415738],[-71.570588,41.415635],[-71.570359,41.415562],[-71.569985,41.415409],[-71.56972,41.415308],[-71.569619,41.415364],[-71.56949,41.415429],[-71.568856,41.415776],[-71.567758,41.416109],[-71.567228,41.416274],[-71.566817,41.416465],[-71.566735,41.416726],[-71.566575,41.416882],[-71.566209,41.417076],[-71.565888,41.417313],[-71.565736,41.417443],[-71.565553,41.417546],[-71.564942,41.417931],[-71.564736,41.417988],[-71.564576,41.418042],[-71.564248,41.418114],[-71.564027,41.418217],[-71.563844,41.418282],[-71.563203,41.418751],[-71.562615,41.419075],[-71.562226,41.41919],[-71.562226,41.419239],[-71.562097,41.42088],[-71.562005,41.421952],[-71.561929,41.423001],[-71.561852,41.423939],[-71.561837,41.424027],[-71.561827,41.424125],[-71.561733,41.424109],[-71.561483,41.424111],[-71.561406,41.424105],[-71.561238,41.424107],[-71.56107,41.42412],[-71.560888,41.424121],[-71.560808,41.42411],[-71.560745,41.424083],[-71.560668,41.424063],[-71.560595,41.42405],[-71.560454,41.424011],[-71.560366,41.424003],[-71.560266,41.424003],[-71.560083,41.423976],[-71.5599,41.42397],[-71.559811,41.423951],[-71.559738,41.423943],[-71.559579,41.423937],[-71.55934,41.423878],[-71.559261,41.423866],[-71.559084,41.423896],[-71.558904,41.423894],[-71.558752,41.423876],[-71.558675,41.423875],[-71.558595,41.423869],[-71.558431,41.423865],[-71.558357,41.423847],[-71.558301,41.423824],[-71.558125,41.42386],[-71.558041,41.423886],[-71.557964,41.423903],[-71.557873,41.423889],[-71.557784,41.423883],[-71.557702,41.423897],[-71.557552,41.423938],[-71.557514,41.423967],[-71.557503,41.424014],[-71.557448,41.424051],[-71.55738,41.424046],[-71.557303,41.424018],[-71.557228,41.424018],[-71.557146,41.424033],[-71.557067,41.424039],[-71.557003,41.42402],[-71.556963,41.423971],[-71.55693,41.423921],[-71.556903,41.423865],[-71.556835,41.423827],[-71.556742,41.423836],[-71.556657,41.42385],[-71.556575,41.423871],[-71.556303,41.423975],[-71.556222,41.423984],[-71.556135,41.424002],[-71.556072,41.424051],[-71.556043,41.424106],[-71.555996,41.424152],[-71.555921,41.424177],[-71.555844,41.424192],[-71.555771,41.424183],[-71.555697,41.424183],[-71.555621,41.424199],[-71.555548,41.424224],[-71.555384,41.424223],[-71.555306,41.424233],[-71.555262,41.424287],[-71.555188,41.424323],[-71.555099,41.42432],[-71.555016,41.424279],[-71.554905,41.424175],[-71.554845,41.424137],[-71.554763,41.424127],[-71.554672,41.424137],[-71.554509,41.424136],[-71.55444,41.424167],[-71.554388,41.424213],[-71.554326,41.424232],[-71.554251,41.424203],[-71.554174,41.424166],[-71.554084,41.42416],[-71.554,41.424148],[-71.55396,41.424093],[-71.553959,41.424027],[-71.553944,41.423998],[-71.553864,41.423992],[-71.553691,41.423993],[-71.553696,41.424083],[-71.553667,41.424112],[-71.553595,41.424114],[-71.553502,41.424094],[-71.553402,41.424064],[-71.553254,41.424026],[-71.553152,41.424027],[-71.553056,41.424058],[-71.552994,41.424089],[-71.552934,41.424127],[-71.552881,41.424172],[-71.552852,41.424226],[-71.552851,41.424394],[-71.552857,41.424469],[-71.552897,41.424528],[-71.552953,41.424576],[-71.553011,41.424611],[-71.55308,41.42461],[-71.553158,41.424572],[-71.553234,41.424559],[-71.553308,41.424586],[-71.553369,41.42463],[-71.553481,41.424732],[-71.5535,41.424796],[-71.553505,41.425189],[-71.5535,41.425296],[-71.553476,41.425459],[-71.553473,41.425573],[-71.553467,41.42563],[-71.553449,41.425688],[-71.553414,41.425745],[-71.553361,41.425793],[-71.553137,41.425919],[-71.553041,41.42596],[-71.552837,41.426033],[-71.552521,41.426159],[-71.552253,41.426283],[-71.552152,41.426324],[-71.552039,41.426359],[-71.551815,41.426411],[-71.551707,41.426426],[-71.5516,41.426429],[-71.551392,41.426422],[-71.551297,41.42641],[-71.551219,41.42639],[-71.550915,41.426298],[-71.550617,41.426184],[-71.550456,41.426129],[-71.550302,41.426071],[-71.550123,41.426014],[-71.550021,41.425987],[-71.54975,41.425938],[-71.549675,41.425921]]]]}},{"type":"Feature","properties":{"ward":"3211","precinct":"3211","district":"3211","population_2020":1910},"geometry":{"type":"MultiPolygon","coordinates":[[[[-71.604897,41.364078],[-71.605259,41.364049],[-71.605225,41.364057],[-71.605152,41.364059],[-71.60499,41.364076],[-71.604907,41.36408],[-71.604897,41.364078]]],[[[-71.603737,41.36417],[-71.603752,41.364169],[-71.603719,41.364174],[-71.603737,41.36417]]],[[[-71.602644,41.364374],[-71.602848,41.364336],[-71.602786,41.364358],[-71.602644,41.364374]]],[[[-71.602273,41.364443],[-71.602279,41.364442],[-71.602274,41.364443],[-71.602104,41.364503],[-71.601926,41.364513],[-71.601652,41.364545],[-71.60132,41.364567],[-71.601243,41.364559],[-71.601154,41.364535],[-71.602273,41.364443]]],[[[-71.600894,41.364584],[-71.600808,41.364566],[-71.600723,41.36457],[-71.60115,41.364535],[-71.600979,41.364576],[-71.600894,41.364584]]],[[[-71.598406,41.364573],[-71.598248,41.364561],[-71.598694,41.364587],[-71.598576,41.364587],[-71.59848,41.364584],[-71.598406,41.364573]]],[[[-71.599756,41.364649],[-71.599416,41.364639],[-71.599254,41.364629],[-71.598978,41.364603],[-71.599756,41.364649],[-71.600706,41.364571],[-71.600628,41.364583],[-71.600235,41.364615],[-71.600155,41.364636],[-71.599999,41.36464],[-71.599906,41.364646],[-71.599756,41.364649]]],[[[-71.597792,41.364679],[-71.598245,41.364561],[-71.598262,41.364605],[-71.59817,41.364618],[-71.598072,41.364626],[-71.597792,41.364679]]],[[[-71.597482,41.36476],[-71.597685,41.364707],[-71.597538,41.364747],[-71.597482,41.36476]]],[[[-71.623416,41.36487],[-71.623467,41.364637],[-71.623542,41.364847],[-71.623416,41.36487]]],[[[-71.620893,41.364903],[-71.620872,41.36476],[-71.621132,41.364886],[-71.620893,41.364903]]],[[[-71.595196,41.365076],[-71.595204,41.365072],[-71.595216,41.365073],[-71.595196,41.365076]]],[[[-71.595525,41.365096],[-71.595447,41.365082],[-71.595428,41.365077],[-71.596206,41.365092],[-71.597417,41.364776],[-71.597296,41.364813],[-71.596985,41.364896],[-71.596834,41.364955],[-71.596758,41.364979],[-71.596526,41.365036],[-71.596348,41.365062],[-71.596207,41.365092],[-71.59613,41.365101],[-71.595965,41.365112],[-71.59569,41.365115],[-71.595525,41.365096]]],[[[-71.623985,41.364739],[-71.624261,41.364643],[-71.62422,41.364759],[-71.624128,41.365026],[-71.624082,41.365156],[-71.623508,41.365635],[-71.623985,41.364739]]],[[[-71.593509,41.36578],[-71.593662,41.365728],[-71.59354,41.365776],[-71.593509,41.36578]]],[[[-71.593172,41.365894],[-71.593396,41.365818],[-71.59332,41.365858],[-71.59322,41.365886],[-71.593172,41.365894]]],[[[-71.610649,41.366647],[-71.610863,41.366464],[-71.610768,41.366675],[-71.610649,41.366647]]],[[[-71.590613,41.36676],[-71.590624,41.366756],[-71.590614,41.36676],[-71.590379,41.366826],[-71.590232,41.366876],[-71.590074,41.366937],[-71.589913,41.366993],[-71.589317,41.367137],[-71.589236,41.367164],[-71.589097,41.367218],[-71.589021,41.367238],[-71.588951,41.367263],[-71.588757,41.367307],[-71.588592,41.367352],[-71.588262,41.36743],[-71.588113,41.367477],[-71.587599,41.367595],[-71.587443,41.367635],[-71.587436,41.367637],[-71.587442,41.367635],[-71.590613,41.36676]]],[[[-71.611707,41.36706],[-71.61194,41.366776],[-71.612178,41.367769],[-71.611707,41.36706]]],[[[-71.58695,41.367806],[-71.587048,41.367772],[-71.587041,41.367775],[-71.586963,41.367803],[-71.58695,41.367806]]],[[[-71.609335,41.367225],[-71.609757,41.366905],[-71.609734,41.36752],[-71.609227,41.368039],[-71.609335,41.367225]]],[[[-71.585393,41.368346],[-71.585403,41.368343],[-71.585393,41.368346],[-71.585382,41.368348],[-71.585393,41.368346]]],[[[-71.585211,41.368387],[-71.585272,41.368373],[-71.585234,41.368383],[-71.585211,41.368387]]],[[[-71.582563,41.368979],[-71.584784,41.368482],[-71.584674,41.368511],[-71.584494,41.368548],[-71.584334,41.368598],[-71.584167,41.368622],[-71.584078,41.368645],[-71.583908,41.368681],[-71.58384,41.368716],[-71.583757,41.368745],[-71.583681,41.36875],[-71.58359,41.36877],[-71.583504,41.368796],[-71.583436,41.368825],[-71.583357,41.368832],[-71.58304,41.368881],[-71.582863,41.368912],[-71.582788,41.368929],[-71.582723,41.36895],[-71.58269,41.368959],[-71.582563,41.368979]]],[[[-71.61241,41.369087],[-71.612471,41.368248],[-71.613081,41.368531],[-71.613091,41.368983],[-71.61241,41.369087]]],[[[-71.581677,41.369177],[-71.581699,41.369172],[-71.581695,41.369173],[-71.581677,41.369177]]],[[[-71.580455,41.369341],[-71.5816,41.369193],[-71.581571,41.369198],[-71.581336,41.369235],[-71.581197,41.369248],[-71.580941,41.369281],[-71.580749,41.369307],[-71.580484,41.36934],[-71.580455,41.369341]]],[[[-71.620222,41.368681],[-71.619882,41.367829],[-71.621214,41.366645],[-71.622142,41.366476],[-71.622592,41.366972],[-71.62125,41.367126],[-71.620704,41.368074],[-71.620971,41.368529],[-71.621984,41.36863],[-71.622252,41.368337],[-71.623041,41.366415],[-71.62374,41.366135],[-71.623731,41.366161],[-71.623425,41.366994],[-71.623167,41.367769],[-71.623107,41.367869],[-71.622965,41.368274],[-71.622958,41.368294],[-71.622471,41.368454],[-71.621716,41.36959],[-71.62106,41.36885],[-71.620222,41.368681]]],[[[-71.578128,41.369689],[-71.579592,41.369429],[-71.579624,41.369461],[-71.578128,41.369689]]],[[[-71.576332,41.369833],[-71.578093,41.369695],[-71.575904,41.370029],[-71.575796,41.37003],[-71.575616,41.370047],[-71.575596,41.37005],[-71.576332,41.369833]]],[[[-71.575499,41.370078],[-71.575544,41.370065],[-71.575538,41.370069],[-71.575499,41.370078]]],[[[-71.604488,41.370202],[-71.604653,41.369923],[-71.604907,41.370073],[-71.604488,41.370202]]],[[[-71.575047,41.370212],[-71.57512,41.37019],[-71.575083,41.370202],[-71.575047,41.370212]]],[[[-71.574919,41.370249],[-71.575041,41.370213],[-71.574994,41.370231],[-71.57492,41.370249],[-71.574917,41.370249],[-71.574919,41.370249]]],[[[-71.605471,41.370472],[-71.605272,41.370235],[-71.605559,41.370403],[-71.605471,41.370472]]],[[[-71.573325,41.370574],[-71.574161,41.370404],[-71.574065,41.370437],[-71.573984,41.370461],[-71.573834,41.370497],[-71.573481,41.370548],[-71.573388,41.370566],[-71.573325,41.370574]]],[[[-71.620055,41.37145],[-71.62079,41.371035],[-71.621195,41.371455],[-71.6204,41.371744],[-71.620055,41.37145]]],[[[-71.621985,41.370367],[-71.622285,41.370323],[-71.622165,41.370685],[-71.622117,41.370831],[-71.621799,41.371789],[-71.621985,41.370367]]],[[[-71.621771,41.371997],[-71.621786,41.371881],[-71.621786,41.372039],[-71.621732,41.372065],[-71.621771,41.371997],[-71.621771,41.371997]]],[[[-71.616478,41.373568],[-71.617347,41.373343],[-71.618292,41.373693],[-71.617138,41.373531],[-71.617216,41.373919],[-71.616478,41.373568]]],[[[-71.613641,41.377179],[-71.613784,41.377086],[-71.613735,41.377271],[-71.613641,41.377179]]],[[[-71.612119,41.377131],[-71.612249,41.377032],[-71.612636,41.377728],[-71.612119,41.377131]]],[[[-71.592431,41.421397],[-71.586854,41.421069],[-71.586605,41.42107],[-71.585818,41.421],[-71.582265,41.4208],[-71.58273,41.418999],[-71.583062,41.416596],[-71.58291,41.416603],[-71.582711,41.416592],[-71.582475,41.416573],[-71.582177,41.416558],[-71.582009,41.416512],[-71.581636,41.416436],[-71.581468,41.416413],[-71.581307,41.416401],[-71.581178,41.416405],[-71.580857,41.416443],[-71.580606,41.416439],[-71.580495,41.416428],[-71.580453,41.416424],[-71.580232,41.416386],[-71.580041,41.416363],[-71.579774,41.416352],[-71.579484,41.416348],[-71.578904,41.41631],[-71.578661,41.416302],[-71.578065,41.416283],[-71.577004,41.416279],[-71.57686,41.416272],[-71.576692,41.416253],[-71.576547,41.416222],[-71.576386,41.416176],[-71.576242,41.416153],[-71.576058,41.416157],[-71.575959,41.416012],[-71.575906,41.415734],[-71.575898,41.415459],[-71.575982,41.415154],[-71.576074,41.414944],[-71.576181,41.414765],[-71.576181,41.414673],[-71.576104,41.414612],[-71.575769,41.414463],[-71.575616,41.414372],[-71.575509,41.414284],[-71.575418,41.414101],[-71.575372,41.413746],[-71.575303,41.413369],[-71.575158,41.412804],[-71.575112,41.412659],[-71.575051,41.41243],[-71.574937,41.412281],[-71.574662,41.412026],[-71.574571,41.41185],[-71.574479,41.411419],[-71.574304,41.410984],[-71.574105,41.410786],[-71.573236,41.410073],[-71.573106,41.409962],[-71.573037,41.409886],[-71.572862,41.409672],[-71.572747,41.409565],[-71.572595,41.409443],[-71.572465,41.409356],[-71.572213,41.409233],[-71.572137,41.409188],[-71.572068,41.409127],[-71.571977,41.409031],[-71.571885,41.408875],[-71.57171,41.40865],[-71.571626,41.408486],[-71.571595,41.408444],[-71.571549,41.408425],[-71.571412,41.40839],[-71.571229,41.40836],[-71.571122,41.408364],[-71.570893,41.408116],[-71.570466,41.407597],[-71.570291,41.40717],[-71.570031,41.406559],[-71.569932,41.406441],[-71.569924,41.406273],[-71.569825,41.406166],[-71.569589,41.405888],[-71.56939,41.405709],[-71.569238,41.405472],[-71.56923,41.405423],[-71.5692,41.405316],[-71.569192,41.405243],[-71.569192,41.405171],[-71.569215,41.405056],[-71.569245,41.40498],[-71.56936,41.404404],[-71.56936,41.404358],[-71.569367,41.404309],[-71.569367,41.404206],[-71.569337,41.404095],[-71.569291,41.403965],[-71.569245,41.403786],[-71.56923,41.403691],[-71.569207,41.403485],[-71.569207,41.403412],[-71.5692,41.403336],[-71.569207,41.40326],[-71.569207,41.403145],[-71.569238,41.403019],[-71.569268,41.402951],[-71.569329,41.402855],[-71.569375,41.402798],[-71.569467,41.402726],[-71.569528,41.402661],[-71.569551,41.402615],[-71.569566,41.402551],[-71.569573,41.402494],[-71.569808,41.401601],[-71.570028,41.400976],[-71.570134,41.400586],[-71.571082,41.400588],[-71.571505,41.400572],[-71.571726,41.400574],[-71.572031,41.400583],[-71.572615,41.400626],[-71.573189,41.400701],[-71.573523,41.400755],[-71.573851,41.400826],[-71.574142,41.400913],[-71.574545,41.401038],[-71.575641,41.401426],[-71.575905,41.40152],[-71.576089,41.401223],[-71.576211,41.400944],[-71.576295,41.400723],[-71.576386,41.400463],[-71.57647,41.400162],[-71.576478,41.400059],[-71.576425,41.399102],[-71.576394,41.398846],[-71.576364,41.398655],[-71.576325,41.398484],[-71.576272,41.39835],[-71.576028,41.397911],[-71.575921,41.39769],[-71.575845,41.397488],[-71.575799,41.397297],[-71.575761,41.397099],[-71.57573,41.396901],[-71.575707,41.396637],[-71.575662,41.396305],[-71.575631,41.395977],[-71.575593,41.395451],[-71.575593,41.395314],[-71.575604,41.39527],[-71.575611,41.395232],[-71.575624,41.395208],[-71.575683,41.395146],[-71.575789,41.395089],[-71.575863,41.395066],[-71.575957,41.39505],[-71.576129,41.395009],[-71.575898,41.394991],[-71.575511,41.394967],[-71.575265,41.394959],[-71.575116,41.394962],[-71.575075,41.394963],[-71.574616,41.394972],[-71.574418,41.394981],[-71.573869,41.394994],[-71.573342,41.395023],[-71.572763,41.395075],[-71.571471,41.395239],[-71.57147,41.395225],[-71.571459,41.395061],[-71.57277,41.394892],[-71.573464,41.39482],[-71.573808,41.394796],[-71.574472,41.394774],[-71.574571,41.394769],[-71.574886,41.394774],[-71.575009,41.394777],[-71.575531,41.394787],[-71.575819,41.394803],[-71.576026,41.394814],[-71.576138,41.394823],[-71.57652,41.39484],[-71.576938,41.394851],[-71.577835,41.394929],[-71.579109,41.395017],[-71.579726,41.395065],[-71.580665,41.39513],[-71.581244,41.395161],[-71.581841,41.395206],[-71.582879,41.395272],[-71.583841,41.395335],[-71.585152,41.395427],[-71.585771,41.39547],[-71.585979,41.395483],[-71.586052,41.395489],[-71.586662,41.395539],[-71.587402,41.395587],[-71.587739,41.395594],[-71.588212,41.395586],[-71.588418,41.395577],[-71.588563,41.395573],[-71.589036,41.39555],[-71.589715,41.395504],[-71.590303,41.395455],[-71.591199,41.395355],[-71.592088,41.395256],[-71.593225,41.395127],[-71.593865,41.395058],[-71.594366,41.395023],[-71.594682,41.395001],[-71.595086,41.394982],[-71.595605,41.394966],[-71.596147,41.394966],[-71.596663,41.394977],[-71.597005,41.394988],[-71.597218,41.395001],[-71.597403,41.395013],[-71.597605,41.395024],[-71.598777,41.395044],[-71.599043,41.39502],[-71.599345,41.394973],[-71.599412,41.394955],[-71.599917,41.394804],[-71.600221,41.394726],[-71.600358,41.394688],[-71.600694,41.394577],[-71.601243,41.394379],[-71.602349,41.393944],[-71.602418,41.393921],[-71.602944,41.393723],[-71.603341,41.393601],[-71.60357,41.393547],[-71.604852,41.393364],[-71.605112,41.393334],[-71.605119,41.392548],[-71.605111,41.392121],[-71.605111,41.391762],[-71.605096,41.391484],[-71.60502,41.390911],[-71.604936,41.390404],[-71.604774,41.389502],[-71.60476,41.38942],[-71.604676,41.388989],[-71.604563,41.388229],[-71.604486,41.387787],[-71.604417,41.387535],[-71.604363,41.387417],[-71.604295,41.387326],[-71.60418,41.387223],[-71.603997,41.387101],[-71.60389,41.38702],[-71.603799,41.386929],[-71.603662,41.386711],[-71.603601,41.386559],[-71.603547,41.386368],[-71.603426,41.386107],[-71.603341,41.385956],[-71.60325,41.385765],[-71.603181,41.385506],[-71.603166,41.385388],[-71.603166,41.385193],[-71.603158,41.385102],[-71.60315,41.384453],[-71.60312,41.382943],[-71.60312,41.381955],[-71.603097,41.381737],[-71.603059,41.381581],[-71.603013,41.381588],[-71.60286,41.381588],[-71.60267,41.381569],[-71.602479,41.381535],[-71.602342,41.381501],[-71.602232,41.381447],[-71.60222,41.38144],[-71.602166,41.381356],[-71.602059,41.380913],[-71.602006,41.380654],[-71.60196,41.380467],[-71.601937,41.380318],[-71.601922,41.380181],[-71.601937,41.379841],[-71.601953,41.379235],[-71.601953,41.378968],[-71.601922,41.378556],[-71.601861,41.378239],[-71.601846,41.378098],[-71.601838,41.377905],[-71.601831,41.377736],[-71.601823,41.377259],[-71.601823,41.376828],[-71.601831,41.376454],[-71.601823,41.375988],[-71.601792,41.3755],[-71.601701,41.37497],[-71.60164,41.374569],[-71.601602,41.374382],[-71.601541,41.373967],[-71.601441,41.373379],[-71.601235,41.372624],[-71.601213,41.372486],[-71.601167,41.372284],[-71.601152,41.372116],[-71.601152,41.371594],[-71.601144,41.371037],[-71.601152,41.370625],[-71.601152,41.370346],[-71.601144,41.370095],[-71.601113,41.369824],[-71.601076,41.369637],[-71.600892,41.368691],[-71.600808,41.368325],[-71.600724,41.368035],[-71.600518,41.367428],[-71.600259,41.366768],[-71.600183,41.366574],[-71.600129,41.366402],[-71.600061,41.366162],[-71.60003,41.365971],[-71.600022,41.36586],[-71.600022,41.365731],[-71.600045,41.365597],[-71.600091,41.365509],[-71.600114,41.365483],[-71.600183,41.365425],[-71.600282,41.365357],[-71.600404,41.365284],[-71.600457,41.365258],[-71.600556,41.365219],[-71.600625,41.365204],[-71.60074,41.365189],[-71.601098,41.365166],[-71.601319,41.365174],[-71.6018,41.36517],[-71.602181,41.365178],[-71.602334,41.365174],[-71.602433,41.365162],[-71.602532,41.365143],[-71.603265,41.364956],[-71.603707,41.364808],[-71.603814,41.364781],[-71.60389,41.364766],[-71.604287,41.364705],[-71.604669,41.364628],[-71.605065,41.36451],[-71.605409,41.364422],[-71.605676,41.364369],[-71.605783,41.364357],[-71.605966,41.364357],[-71.60653,41.364392],[-71.606926,41.364404],[-71.606916,41.363938],[-71.606836,41.363943],[-71.606488,41.363951],[-71.606152,41.363982],[-71.606047,41.364003],[-71.605796,41.364027],[-71.60547,41.364044],[-71.605372,41.36404],[-71.606488,41.363951],[-71.609756,41.363846],[-71.611049,41.363546],[-71.617109,41.362957],[-71.619252,41.362473],[-71.622808,41.361523],[-71.623775,41.361374],[-71.625581,41.360844],[-71.625383,41.361405],[-71.624457,41.36408],[-71.624288,41.363367],[-71.623904,41.363545],[-71.62409,41.364379],[-71.623266,41.36442],[-71.622104,41.364839],[-71.62102,41.364634],[-71.621657,41.363925],[-71.620729,41.364266],[-71.618363,41.364059],[-71.617751,41.364514],[-71.617138,41.364332],[-71.616443,41.365335],[-71.615133,41.365234],[-71.614448,41.365583],[-71.613662,41.366587],[-71.612034,41.366796],[-71.612502,41.365323],[-71.611268,41.364883],[-71.610394,41.364877],[-71.609918,41.365342],[-71.6092,41.365298],[-71.608441,41.365803],[-71.607852,41.365684],[-71.606939,41.364994],[-71.606371,41.365016],[-71.605722,41.365534],[-71.605736,41.366049],[-71.605269,41.367267],[-71.604656,41.36759],[-71.604016,41.36721],[-71.602706,41.367067],[-71.601894,41.366632],[-71.601486,41.367079],[-71.60171,41.369133],[-71.602058,41.370147],[-71.601784,41.370994],[-71.60223,41.37165],[-71.603792,41.371696],[-71.604289,41.371277],[-71.605293,41.371393],[-71.605941,41.370897],[-71.607077,41.37106],[-71.607654,41.371654],[-71.60833,41.371473],[-71.608025,41.370806],[-71.608959,41.369777],[-71.609728,41.371431],[-71.609921,41.372557],[-71.610309,41.372844],[-71.609778,41.3731],[-71.609549,41.372594],[-71.608928,41.372741],[-71.608958,41.373138],[-71.608271,41.373072],[-71.608538,41.373605],[-71.608139,41.374024],[-71.607293,41.373904],[-71.606715,41.374711],[-71.606192,41.37469],[-71.605624,41.375765],[-71.606062,41.376076],[-71.607237,41.376327],[-71.607049,41.376893],[-71.608,41.37577],[-71.609309,41.377193],[-71.608808,41.378206],[-71.609727,41.378076],[-71.610529,41.377203],[-71.611023,41.378101],[-71.612704,41.378294],[-71.614577,41.377493],[-71.615179,41.37685],[-71.614849,41.37635],[-71.614765,41.375183],[-71.613835,41.374891],[-71.615139,41.374313],[-71.615462,41.373611],[-71.614482,41.372644],[-71.615723,41.372575],[-71.616016,41.372999],[-71.615453,41.374246],[-71.615624,41.374725],[-71.616156,41.374692],[-71.616907,41.375267],[-71.617297,41.374893],[-71.617892,41.375137],[-71.61766,41.37427],[-71.617991,41.374017],[-71.61925,41.374269],[-71.620321,41.373974],[-71.620908,41.373491],[-71.621504,41.37246],[-71.62117,41.373407],[-71.62083,41.374381],[-71.620601,41.375028],[-71.619428,41.378331],[-71.619284,41.378743],[-71.618898,41.379869],[-71.618746,41.380291],[-71.618265,41.381636],[-71.617544,41.383647],[-71.61738,41.384113],[-71.617266,41.38444],[-71.617323,41.384452],[-71.616471,41.386814],[-71.616288,41.387364],[-71.61609,41.38789],[-71.615937,41.388325],[-71.615602,41.389321],[-71.615589,41.389374],[-71.614758,41.391451],[-71.614032,41.393503],[-71.613926,41.393781],[-71.613442,41.395147],[-71.611333,41.401111],[-71.608888,41.407981],[-71.608837,41.408125],[-71.608222,41.409846],[-71.606962,41.413412],[-71.606735,41.414037],[-71.606229,41.415416],[-71.6062,41.415472],[-71.60618,41.415535],[-71.606146,41.415597],[-71.606101,41.415652],[-71.606043,41.41569],[-71.60596,41.415693],[-71.605842,41.415684],[-71.605729,41.415692],[-71.60564,41.415738],[-71.605577,41.415801],[-71.605448,41.415905],[-71.605343,41.416032],[-71.60527,41.416092],[-71.605176,41.416142],[-71.605072,41.416182],[-71.604956,41.416205],[-71.604731,41.416207],[-71.604537,41.416238],[-71.604314,41.416256],[-71.603837,41.416358],[-71.603734,41.416396],[-71.603646,41.416436],[-71.603405,41.416532],[-71.603308,41.416566],[-71.6032,41.416618],[-71.603107,41.416693],[-71.603034,41.416777],[-71.602842,41.417132],[-71.602786,41.41722],[-71.602708,41.417305],[-71.60262,41.417391],[-71.602433,41.417547],[-71.602329,41.417619],[-71.60205,41.41776],[-71.601913,41.417842],[-71.601851,41.417891],[-71.6017,41.418045],[-71.60165,41.418085],[-71.601361,41.418257],[-71.601181,41.418346],[-71.601049,41.418401],[-71.600924,41.41844],[-71.600798,41.418473],[-71.600675,41.41853],[-71.60046,41.418657],[-71.600203,41.418781],[-71.60005,41.418861],[-71.599813,41.418993],[-71.599602,41.419086],[-71.599517,41.419142],[-71.599378,41.419243],[-71.599338,41.419256],[-71.599289,41.419298],[-71.599128,41.419409],[-71.599054,41.419478],[-71.598983,41.41956],[-71.5989,41.41964],[-71.598806,41.419708],[-71.598707,41.419767],[-71.598612,41.419831],[-71.598539,41.419899],[-71.598431,41.420035],[-71.598369,41.420083],[-71.59831,41.420121],[-71.598245,41.420173],[-71.598164,41.420198],[-71.59809,41.420187],[-71.597937,41.420126],[-71.59785,41.420119],[-71.59774,41.420215],[-71.597668,41.420269],[-71.597574,41.420305],[-71.597397,41.420288],[-71.597204,41.42034],[-71.597102,41.420349],[-71.596991,41.420366],[-71.596871,41.420399],[-71.596747,41.420428],[-71.596477,41.420523],[-71.596362,41.420574],[-71.596288,41.420628],[-71.596234,41.420691],[-71.596185,41.420781],[-71.596135,41.420886],[-71.596075,41.420974],[-71.596014,41.421043],[-71.595858,41.421252],[-71.595831,41.421314],[-71.595843,41.421376],[-71.595884,41.421424],[-71.595909,41.421476],[-71.595902,41.421533],[-71.595844,41.421598],[-71.592431,41.421397]]]]}}]}